feature_0,feature_1,feature_2,feature_3,feature_4,feature_5,feature_6,feature_7,feature_8,feature_9,feature_10,feature_11,feature_12,feature_13,feature_14,feature_15,feature_16,feature_17,feature_18,feature_19,feature_20,feature_21,feature_22,feature_23,feature_24,feature_25,feature_26,feature_27,feature_28,feature_29,feature_30,feature_31,feature_32,feature_33,feature_34,feature_35,feature_36,feature_37,feature_38,feature_39,feature_40,feature_41,feature_42,feature_43,feature_44,feature_45,feature_46,feature_47,feature_48,feature_49,feature_50,feature_51,feature_52,feature_53,feature_54,feature_55,feature_56,feature_57,target
-1.083814363614276,-1.2467540956484078,-1.0575903680556051,0.8052332671719338,-0.20445606737486136,2.6533510926636055,2.421834697108982,-0.4959751300391245,0.3508689270047181,671.0752873095219,0.35363976471319747,1.7380377226624442,85683.12181016686,718.6566635060211,0.7638867481902444,-0.00940963736270277,0.13720551357260694,2.298499947167645,0.48562189214383455,0.04123405460995869,-5887.345972813122,0.8313304140601289,-0.6804995663825215,87408.84747180305,0.5442473387443465,1.6934259055170542,0.0925137881326853,-0.26615509940658055,-0.4566733972435327,-2.4767431726057176,-0.9014832682085296,1.044316498102265,-0.7436824565154833,-0.13071573278961582,0.8889981910963114,1.0273025399400526,459.8484838984477,-1.3482175810245869,-0.655786977811025,0.19849189367580602,-0.6982712355029492,-0.08748473738537998,-1.421551444741066,1.5141786729543392,-0.8825037829069223,-1.261493824502266,1.1278448420751,-0.5548330340043628,-0.3487324657808615,1.4005705106476571,0.007941514944284338,0.9546513729683443,-0.3379976953198668,-0.010921420176964661,22.506614526657202,-0.19150037783935878,0.759039040755497,-2.28509148859912,1
0.3180726133504051,2.1486256687086756,0.5951609349453667,0.5449744506071984,-1.1231578110419187,0.3781804336617536,2.932754617795712,0.48133512642642035,-1.4738386693794736,673.8749138758237,0.3274566864948938,-0.5557878946299155,65640.00048142568,758.7846683474377,0.4213692707681461,-0.5054915970165189,1.6410660016668948,-1.3298235798781026,-1.4328784224207982,0.2647665792979695,1446.0530009847078,0.6501299939116311,0.9531902842424103,86349.1266668498,-1.5697157123800622,-0.4942201701585523,-0.19555838400965042,1.3609798255783887,0.2779776743810699,-0.04170194035367551,0.8077569382249717,0.8300767436729546,-0.6361814947389486,-0.05857719440295461,0.5014443279500996,-1.6353445038819023,464.32663663290583,-1.5633636573282503,1.7886160486047882,1.259418749551682,-0.00479662442246941,0.15208190723946582,1.5590783467210423,0.3999920634864918,-0.6715236110982378,0.4924053209072956,-0.7213112492247126,-0.3680359655537832,-1.3718509792258016,1.639085337494308,0.004519346468143978,1.7550947430361956,0.11358130076282397,1.1658287542435681,186.89313400440972,0.025624698861495997,1.6099774577674817,0.5624827423387244,1
-0.20806634015708506,0.012812844409294538,1.7954920424730578,1.1866556417675271,-0.8136529656961542,0.05770163767538276,0.4767154700904804,0.3218971638885353,-1.5622009229014684,544.4461952071333,0.9863155371998577,0.21561349412818567,47482.857139259235,571.6206496683711,0.6821027645768558,-0.002405154899625799,-1.6563294977591425,0.36515954701668624,-0.7487188558887385,1.4505001609587052,1075.0331261776005,-0.04825340435124081,0.07683332348071553,49786.27505530974,-1.151352302014098,0.16610900629003947,0.30302035593138216,0.2587623734875738,1.289012361252262,1.1454644181746736,0.3477691546845097,2.3039254298330727,-0.6352176401331995,0.28419296795926174,-0.4290739539272432,0.012587163567902326,466.0285053782783,1.1703688084099162,0.3606467224219282,0.5970477861527441,0.5478716595904729,-0.29839001682067967,0.7988574244451786,1.3322217543246266,-0.33375974520263363,-0.44402112919122627,-1.3245155684307512,-0.40868651815067775,-0.6421701825802364,0.2535349020404051,0.0061937098324651605,-0.20016862448236467,0.5052692368697933,0.03092251827188235,67.65588876277417,0.5280503437499522,0.8823144047044309,-0.7841841638332097,1
-0.2582265703843758,-1.0142434019504172,1.472265876664826,-1.024233543877192,0.6111772711715496,-0.3458906800373233,-1.2977231522771133,-1.3341872004163462,1.2996234380868845,641.4125650718117,0.14422318021365305,-0.561582387126622,97039.31587267976,685.769757128461,-2.1796340945118455,1.5837426367128646,0.216988551653406,1.4659883079242126,-0.910607496291933,-0.3392491453051535,-2035.5847110747368,0.5659761468121637,0.46459914883010195,106654.4740961364,-1.8508378319815502,1.2533624780447121,0.2516057224451444,-0.248000793092485,0.49868046673600125,0.393652665711272,-0.4517296319278897,-0.15491959645698025,1.82608220943809,-0.2531163510840424,-1.1886919163796514,0.9293799588424249,531.7453589954982,0.8476859797127684,0.8813819774245573,0.31065840374421827,0.8795481753650324,-4.118189223618142,0.1614880631017549,-0.6725497398401196,-1.2226703861643247,0.4094029241535466,1.444395731725966,0.6683506586355942,0.5932000111915677,-1.2378979161997494,-0.013377604595208186,1.7959820800325528,0.502457406769783,-2.0874288690357687,161.63104806272688,0.14907396382866264,-0.5184503584983645,0.6787413804555088,1
1.496227130651143,-0.35406946677194934,-0.3133103125291845,0.28482094814275,0.5566358812756059,0.9583287682925992,0.7481624963275402,0.7329216038324594,-1.2039355013678337,748.9184866228829,0.8392721890396161,1.2528540548453742,10700.78799176954,748.8930518025522,-1.7846673113863654,-0.6872216965216111,-2.7199530621737753,-0.6200839547067135,-0.5875794394966362,0.13955414504701938,-13241.72731811333,0.7351510628724675,-1.4385627626820219,11990.431747264716,-0.5740978386246087,0.05400557305636761,0.011355193965315985,-1.3424053082365106,0.13100410134217882,-0.08795179637560305,-0.4526281246414537,-0.18260954522103748,2.0544226845518634,-0.4142298067921824,1.8709829433803686,1.3651151529628325,467.4282142818661,0.2217031243066619,-0.1854877514904952,0.7919512635447247,-1.9501442171178502,-2.295820023986608,0.17104117537790337,0.9701083381039626,-0.9307544516561107,-0.14747525301866382,-2.4270721244107896,0.7152758836889519,-1.082149268870488,0.2131690137540607,-0.00573020006881331,-0.1178894411550528,0.4992964188743839,-2.3413636610496744,-38.104405556657646,1.9718744719522883,-0.793230013724714,-2.9762999097438407,0
0.24890624365553002,-0.548025230487397,-1.0861952944679834,0.7264461959083697,0.054763191106276185,1.397525368625593,0.36923268274371995,-0.3353027743463777,-0.4398603549870167,530.1488175894804,0.6311205052145271,0.4164035047462602,89238.59413700984,651.3420799259355,0.004136991678784259,-0.44060970605129673,-0.49070617716747306,0.10441274229319218,1.461285636775959,-0.03876382818868122,5798.434992721999,1.5316952608444503,2.1478253724866754,101504.74880381589,2.47010853529326,-0.8652924713372222,-0.1705031839717794,-0.3573612740996209,-0.7016846522051162,-0.6993744850959137,-0.3234507701088234,-0.8623059197811368,-0.382024798415442,0.25436683947903094,-1.210010533272702,-2.53023671770139,446.9308644796701,0.1931575621845228,0.7107573824909746,0.018979759561965785,0.8063941455493164,1.632845498004814,0.5205643280531752,-1.4266732794689931,0.9048785848826716,-1.109230238120893,0.7880730457784415,0.1057561994708202,-0.9411032752518469,0.9407717253704484,-0.01858242061412166,0.18267774667885442,2.3354488036330934,-0.65337993626916,-86.77061454066484,-0.028445198668868986,-0.7914844374014846,-1.6689783914058713,1
1.6133226199016912,-0.09219398836607898,0.4318113277911584,0.12042366089527075,-0.28386746804842794,-0.9962592839188525,1.2838898823332434,-1.5901344023058623,-2.042553997262788,694.722165302968,-1.344045300009211,0.2762473124478771,42427.76492662949,777.0403132738594,0.36020860579969904,0.49714543735413563,-0.6290327848866254,-1.0613210658146535,0.7853470307059804,-1.1610878031770242,-18743.778963884663,1.1623141197994589,-0.20198188589529414,55459.018971712314,-0.6701031161060651,0.8529811359088149,-0.4659031424592607,-0.5033004885617689,-1.3110058575697572,-0.32091634843277744,-0.26760955596771974,-0.809885217285641,-0.4075670747341927,-0.5106016537148317,0.35671287994786544,-0.7644414229518266,486.39067453897223,-0.93190442914188,0.9768163175921957,-0.3693809163826808,-0.7415052034090869,-1.6606025439852257,1.706620180560476,0.9359336942867263,0.2817789677545921,-1.7858368807581917,1.352037611013807,0.8590928565833127,-1.2516873964528803,0.3584229405307236,-0.01952128113680043,1.0862044196729654,-0.0030133655842916086,-0.6921940561536867,-113.16670756960143,-0.16668117687143547,0.11093683815008142,0.8630665215323688,0
-1.2414799569487809,-1.4553831263571546,0.051246582793578674,1.9756506668453364,1.0427720400069664,0.39659863961473363,0.4543454110837149,1.7265189238677348,-0.057428942203758944,634.8800623448386,-0.567416762613403,0.725281849760205,80344.23590736596,728.8264378062445,0.6687646650513082,1.3894669126120929,-1.8727481510133885,0.3201521483004479,0.967023043767466,1.8120714207184927,-5632.974398923972,0.7637254998101893,-0.042109542965412874,90215.32648249764,-1.7083149203049806,-1.37739145311866,1.2694519354526985,-1.152822085739475,-0.6555431976341567,-0.7562428450095975,0.23563429914411604,-0.38459508297729433,1.1884737348214083,1.4614199024302719,0.258793246071174,-0.009708257321660134,576.0020851169756,1.3035165164543594,0.3418432461273492,0.5154555691608349,-1.1646230831609676,0.23745763557600494,1.1089210695896266,0.7057880507710046,0.17154747106910626,0.3286462025999349,-1.4028946331307615,-1.70610598574076,1.0331408479228095,1.1456438292854876,-0.004814102622996883,1.0080070047599468,0.18933406223122526,-0.038130141328864824,-7.712757443616036,-0.3700197518750268,0.5268437284182544,-0.5983945282744033,1
-0.21557661439208284,0.2639657349374737,-1.455885218229715,1.646775271288947,-0.09451126553116888,-0.7678762873203164,2.245569183960768,1.141778738279621,-1.7973688131589889,536.1370852781332,1.1740685063084413,2.0507417001713657,55361.85936331909,608.0973491174201,-1.1545430580271672,0.10083584900879472,0.11888268912759345,-2.2479521906267426,1.3970367551224068,-1.0352017048712696,-381.59540673461424,-2.900915615255949,1.270406564021185,69198.46828395755,-0.07802329181178842,-0.701393278584091,-0.9625363567358094,0.32648812208305367,-0.3042564375043272,0.45916418173851026,-1.2611737212008147,0.9832265629043311,1.4801810711558652,0.4263289959657311,1.286585654012502,1.8456195969468807,470.50253718043297,0.3755980857041433,-1.0714622940087128,-0.6754499854583295,1.1517409988928362,0.12607946015795612,-1.593797444205633,-0.6209050679661019,-0.24253203516597102,0.23712959698525438,-0.17496618961907054,-0.5523154373699752,-0.42338111743679485,-0.5691655203441411,-0.0010971427947282393,1.838356701504548,-0.5951552585723128,0.7011674606731212,26.571544214159132,1.21481028286816,0.5805873877076791,-1.240652781630803,1
0.6996760671644094,-1.647060825936241,-2.3052213105986206,-2.710839939059963,1.1284885553572315,-1.1803950990148202,-1.9028809640373865,0.7262038042312969,-0.6116257787879913,684.8467445660812,0.9807331633710419,1.5083871380991885,22624.182919539988,741.7806943668088,1.0372132390688011,-0.5253619363434289,1.0761289628560844,-0.2623047887968437,-0.36311689107411016,-0.3288321723308102,14215.74526852786,0.9250789009852098,-0.47118138177897495,27594.99343695431,-0.30489689699704764,-0.5881223986881029,-1.7403895622628491,0.6816214129866136,-0.9034191518967576,1.9043980654370722,-0.7468677645742128,-0.3600600024335744,-0.16924997202269113,1.028369824579479,-1.29609302709513,0.8888915638894189,538.7646423774115,-0.2311280349937449,-0.23962895191289801,0.7171362740813574,-0.270938993300687,-1.857414692263775,-1.1776145772723,3.1931326243278426,0.6644342678122215,0.578089885781061,-1.9233005327522263,0.5224098395628164,-0.4489638828461286,-0.007968887966972864,-0.0010136167607959765,-1.4819992971139102,1.3478079641903604,0.24320490712741472,202.3778350661339,1.1849861232406773,0.004898511569444386,0.003900386935670149,0
0.038325854062078765,-0.7839970143518744,-0.4919887433820345,-0.515208982894182,-1.0097195775742922,-1.341648858199887,-0.922444437105142,0.1450158473362009,1.044353703131938,597.4048595798799,-0.0037787036883304955,-1.0906973609103026,68967.50776732454,672.7041599886654,0.1287148197880046,1.7614665477270794,-1.1811277948220578,-0.1591703758642201,0.19437331778249103,0.5755688791308875,7180.976556853534,-0.17365125206465062,1.0870505216478403,89563.86661987516,-0.6739955687341291,-0.4050198928478881,-0.3755173360518473,0.3373601779746968,-0.12854116379694802,-1.4946212015996008,0.3058445812452193,-1.253921399432931,-0.13071193577005374,-0.11198258575006698,0.18854362105706987,-0.1548219024907302,499.98820053008944,1.1458136516188842,-0.993642512584774,-2.0609402713848817,0.5379358507601099,-0.7569811701289552,-0.25563076514511085,0.3051664291492601,0.06936208560583723,0.622278882506707,-1.4123295666808042,0.4295943133107521,0.7793287085039391,0.03215292121454517,0.0051196585646647065,-0.6582347334877937,-0.6346849369213406,-0.8707736828935358,-23.56629601583394,0.4522973493037369,-0.5070939280307918,1.2314609130137075,0
1.4999603166017808,-0.13231288090550963,1.1035764611858145,-1.177588770603387,1.8989974516463723,-0.9455997666463111,0.6007606227610426,-0.10584512273334565,-0.006327931659550873,516.1828721040408,-0.3647065324843448,1.9351975246034394,50273.91420049921,606.3201610663443,0.08767530820450692,-0.20615492200891614,-0.3037462191644746,0.47568603572327794,0.8218119713157169,1.1008271791185662,9747.185315448009,1.4319228796396468,-0.1900233406222099,54338.606731766995,-3.0545288971296496,0.7537321540045282,-0.8928480816687049,0.4377296835480699,-0.766116012037208,1.4639202136544194,-0.7386716038457835,-0.3491744649117154,1.9526507457604036,0.15983561304769564,-0.9712008440578233,1.0698549193850335,483.60347049315567,2.117378084660465,-0.19753745780962811,1.3781589051938996,-0.08757314766504551,-0.7521334720352334,-1.0827352806062478,-0.7134145641885606,0.29477745436809727,-0.6012790414188445,0.032047056971908836,0.9440419260333699,1.82389931519757,-0.14917358324487243,0.02945456439257173,-0.5264925375853058,-2.1603635549392877,0.4829771559128433,79.93402468220579,-1.3997788659360524,0.8244791905428842,0.9022219678637554,0
0.11427034068925916,-0.033857592923711544,-0.2868785608161589,0.31544941717689357,1.4093222616418586,-1.3434164291672976,-1.958806034009085,-1.2899979582852457,-0.5555406911370827,735.4827702545439,0.622906090452217,1.0821308068196132,58789.46039641222,863.1291427344026,-0.17875862855605276,-0.07924945567524565,-1.3318457772315964,-0.3807317846722848,-0.5733575415874925,-0.5749648955348747,-12714.466078357009,-0.6124546989862788,-1.219778064498277,67600.08629997648,1.771306130766754,-0.7858106276857587,-0.35047740903075025,-1.7756576781767612,-0.29401009196855793,-0.9062190584706838,-1.1508314893475462,-0.01213434905200599,-1.64130686852756,0.4355533458824729,-1.2847401024597462,0.06448849050237088,583.5106215193849,0.8343387686315845,-1.63542614794764,-0.5698475970202228,0.9858216959084618,1.1195502925570289,-1.403591371898795,-1.4965848930751384,0.23453908924415176,2.662857393262479,-1.5481961891453182,-0.4408437357383981,-0.11812727309574393,0.23854494846179458,-0.01824208740823575,1.2715832466219512,-0.7505090318217877,1.0956401691768174,-13.333946981858208,1.1527465934014287,1.0601441226341441,0.36849229328589167,0
1.1364750223725941,-1.2161509093946203,-0.9228652101970922,2.230236575625815,1.4364150508671276,2.3855849387317765,-0.6310224440719713,-0.10475359067247007,0.44872667342078026,633.0043638912441,0.0670220883936578,0.8062049584569617,66706.10032089605,679.5177843311002,1.9544446749722149,0.5821678994373638,-0.041649202483252615,1.6779419397840143,0.7116624087197791,0.551295278660934,-1140.2638084733385,-0.24653644182992293,-1.2246474384455848,80078.1967445367,-0.3417387530499972,0.0410005372220907,0.7745325546397112,-0.06615266085073204,0.75108529323773,0.18736055529307902,-0.08885547702851739,-0.32153031720982983,0.31672563871435355,0.04727345270551291,0.03376736845708313,-1.098037365568229,476.9026367442818,0.8894813553153074,-0.053379150262284326,0.033210457727793616,-0.4924596651710409,-0.9843623420999276,1.2368413036948986,0.47294907766586214,-0.8023438831285382,0.8871859225200378,-0.5674245603022586,-0.2831449908882142,0.39496212724597024,-1.2200203622332164,0.009654735384920956,1.6193480226603072,0.03322655496961603,-0.5264741176630404,-65.16623488560329,-0.3750594449653391,-0.39394289016692063,0.14680933524898118,0
-0.8056685425705727,0.75139766503259,-1.1933432223442553,-0.8560249193046222,0.3042168175749419,-1.699850158889886,-0.151469233011193,1.1752028902001377,0.3931251123825063,682.7267036186306,-0.3452126607696276,0.501078487474444,73762.0205091857,721.1592589823264,-2.4516445526437733,-0.726407415279833,-0.43875054730772867,1.059483716894721,-0.9243713880531983,-1.2107835527152166,-10002.246999254483,0.9345213895303395,0.380228199486611,89730.58914265348,-0.14551422726188742,0.2648394962318739,-2.017148097995728,0.5796587215357225,-0.18275425878857698,-0.46521086969364545,-0.2351695865265403,1.2212764857224898,-1.418548409598862,1.4727089683806458,0.15645069429983952,-0.5798022485401103,421.29312500764513,-1.0550123383293106,1.3918411412209262,-1.2424992723176465,-1.5484885392893035,0.3099683011532048,1.001425729787298,-0.12392666633862207,0.08701840344065195,1.635844533253174,1.3019877144463032,-1.209143181546343,-2.122552821015029,0.43940872043017287,-0.004389925016595347,-1.0921167623908141,-0.2505962119950281,0.5867906606835144,14.64976089687029,-0.7941125176407928,-2.13682157964768,0.8839238822752649,1
0.785001758140721,0.5522127252236809,-1.0842195545942839,1.0516760524948927,0.3128419932959159,-1.8566703409282894,-0.983552094140191,-0.2214751298820706,-1.59468353576734,593.8229087465378,-0.8439373387852206,1.2654593847611475,52779.57848797579,653.3431793148364,-2.4019303364648485,-0.6335606365461386,-1.2349151098164175,-0.7946442549435735,1.4708808479846827,-0.6230265287395697,-15498.948915664476,-0.27834074062299946,-2.336220248409517,66377.6674506907,0.968911351455228,0.5387529959746415,-0.716180008167475,0.5512245927446181,0.35973805208622994,0.32819816340793606,-0.21804982239054407,-1.4107971587713504,1.8862078538605456,1.5005061381477045,-2.080024557376364,-1.3769059429203916,495.4103392628414,-0.6167896381792293,-2.0452917265353863,1.2720101762371683,0.011819733397278407,0.22177613055740827,-1.1024471692113145,-0.015526753396703986,-0.42425853749937525,-1.044493375454045,0.016623813538148197,0.45505721082537093,1.5013704899961486,-0.47482154260545795,-0.0027852247011773265,0.6246934461258408,-0.9094972082501006,0.5188546343989855,-212.0498386123054,-0.23087583273999523,0.12508028060362092,-0.12091824515455457,0
-0.3051727280524289,0.7390168588443374,-0.37839855747004075,-1.9777057692006625,-0.21382839087399852,0.3876856321636701,-0.31372548588932736,-0.10051495041852339,0.1704285318678439,588.7576614961538,0.6612389051964849,0.9874375131936088,37608.56426205785,702.619848319767,-1.8559449982515,0.04694734872205403,1.5508730963605526,-0.3120368008081433,-0.37805189207943113,-0.27299050882211867,6992.258890957047,-1.994614339104054,0.8211012112947431,32684.572044024982,1.2263116856576868,-0.042421590583881404,-1.3382867097695084,-1.0099440282810306,0.7456648610196931,0.3997686127460139,-0.7444771627373586,-0.4421913606834122,-0.27842109722989594,-0.022627690392660233,-0.60191318904553,0.696631778790209,559.1942701615864,0.9148575521423677,-0.927854937667295,-0.8968912374641894,-0.2400838036935407,1.4379854925127575,0.06425713661414663,-1.457779476103342,-0.08749676302155733,0.8615788651331759,0.32547864225270734,0.39895086359427623,0.5686331579876023,-1.328728671092941,-0.02326183354524495,-0.3556130013755488,-1.0955401468513541,0.16490211530798693,-77.55100449743851,-0.12529437821729444,0.9911716024294915,0.4408433086826741,0
-1.6700926578951498,-0.8596471912337769,0.258353039161602,0.27423152462785305,0.04399775202034922,0.434373260141774,-1.6102968922804508,1.1925830754766285,1.37037264516455,612.5856100274841,-0.27914706463258915,-0.4225242051990111,60032.79207687989,646.0236866734365,-0.4224461592301812,-0.030123576894882268,-1.210583064716551,1.1778465994203127,-0.25761396036186934,-2.1723674694329,-17931.201996948774,0.4370348479710667,-0.963912691235238,61281.92790831759,-0.2048177242628713,-0.807974415895886,-0.0515236255359059,0.46279879934516666,-0.3390404387374468,-0.07665359316830532,0.1390619841206953,-1.5839672296109566,1.252472947542624,0.009505054737546906,0.14496239300515928,-1.0563351523405222,555.4511542225838,-1.1056073845105276,-1.8580835218876142,-0.6956519324834036,0.31379989178746526,-0.4594583348383808,-0.21776368275883315,1.4590001189714314,1.4543102649844424,-0.7418454545626892,1.026147210572427,0.5202968425393251,-1.4574429020397943,1.7140501324251987,-0.009636189613869157,1.1268049350754237,-1.6808083105751608,1.3502342570095418,-6.963179295440687,-1.4345194623457043,-1.359932913171551,-0.48424648367423495,0
-0.2817743867537687,0.6748149150953953,0.7628355623786346,-0.2111307655265428,0.8934575800460108,0.03451366780025715,-0.9479589788709003,0.13892352394704732,-0.8085571334334932,558.5846107576526,1.5959498199812014,0.4942034445922414,58195.27398389691,630.4221259791126,0.18112843929266415,-1.566789818979662,0.7462205734811534,1.2238097549625755,1.1285348675608586,0.009481399895965243,16002.521190337784,0.7148518886339583,0.5713818333167525,63990.9864189855,-0.2973299811170398,0.1852319737989795,-1.3824568709752887,-2.2478621080170447,0.5343906974856961,-0.8212377335218175,0.6987114059645916,-1.3469061940734834,1.1191327530826538,-0.08817588951926528,-0.9534181303716744,-0.03342713448260443,512.8517305809007,-2.2421330196357734,0.3279106460406795,0.2787546706192107,-0.00335518488932874,-0.6004745403919123,2.1566559087942014,0.24147113263270684,-0.5576762940756401,1.6645347258288212,0.8213680149518786,0.6628521983400476,-0.4915172825835292,0.8435843935216117,0.007146406706577438,0.40727439301562374,0.6880294604233663,1.0827084488071888,89.10175252693702,-0.33723806004095935,-0.5721219338483106,-0.6835777087690453,1
-1.109150544087257,-0.39582976455575575,0.5853233389847,0.21669698056274872,-1.3817612390345384,-0.23207387086260092,0.8867481365394649,1.0860544633882634,0.6188895993680391,717.7986839446382,-0.485912217415474,-0.3840496314247991,69739.57732526067,785.2698361330582,0.34260399235745626,-0.030419789795607572,-0.4406463050617392,-0.5443313825356876,-1.5073064545954624,1.7531072856797152,12756.127012710684,0.8334779614463498,0.8463072752844453,87885.06353207736,-1.6735633599999302,-1.3000371352113334,-1.469537127684196,1.7934279948285745,1.049844922463506,-0.9261983232124767,-0.2650460697266562,-1.0390957323374879,0.854356527378125,-2.030721201035377,1.7006326000914878,-0.8979501899537154,445.60432150058807,1.4110922976786837,1.239400787402151,-1.4711646834290735,-1.4673285435087762,-0.7014776551838648,-0.9151215660395728,0.25901021712249506,0.48693261519859965,1.243167416218979,0.38918550311824807,2.827957899918288,-0.6890416814595259,-0.4414063204925598,-0.006595925193624905,-1.290824302221088,0.4711715310979004,-0.8003928562063332,256.6966692071257,-0.19558589502132226,1.3370201040933232,-0.36547281693124994,1
-1.2845871878752408,-0.4865922872455111,-0.08580272746010545,-0.21828312764813268,0.48501628203311864,0.7305972283870055,-0.3847773783076012,-1.0363237774905343,0.3373066145909296,649.1310636051766,0.3983566120645966,1.070882723008003,47834.969191140946,772.648726381478,0.30407712045094026,-0.3069140567791386,-0.09514537932099042,-0.1683215674448641,0.884635675693888,0.7439217228494733,8296.174993154626,0.549834826508299,-1.1027527664546202,67832.7157229244,-1.3702084898704325,1.2450391525405713,0.6794799775692496,-0.8820881176423376,1.504823561979367,-1.07543172199596,1.1656131097585487,-0.6109263506334769,0.6996566690073461,-0.12550486475609474,1.5080198671552485,0.08979300210441835,484.19313354486985,-0.22642390420360772,0.024375301636566173,0.1115659076393179,0.12941510608213386,2.4435730951242016,-0.6959701044667567,0.6851509099475687,-0.7436047397706951,-0.13856887043014032,-0.5604015695322078,-1.4153485003488793,1.6991509528029036,-1.1273636249490413,0.0030775726935851587,-1.3138610142404128,0.7748166924053814,-0.7160531436170103,31.675273870854014,-0.20021682869157878,-0.3352663443315307,1.0336240499670288,0
-0.20447028672477638,-1.2223257851696134,-1.148826498173048,0.22516550879227087,0.0073016250425730275,0.6735503881653747,2.2085670776121535,1.9323908439613495,-0.783956185920009,532.8593524660922,0.05599618403418366,1.651637221281205,73827.29069069587,544.6171202535122,-1.0409234484498822,-0.02057774207128236,2.3430954122622927,0.7364476392482426,-1.187215591256,-0.25306443463222,-12463.67494461454,0.48444989352671564,-0.27466449435194623,93706.70444559341,0.11884672199705916,-0.15744647006399337,-0.29301721960971033,1.037990643600311,0.9582320016417558,0.15806194253911157,0.03935562707148863,0.9505072353441086,1.112307315106832,0.48433590774744584,1.6334890434688174,-0.40146452203895355,528.7623594889736,0.4069403684451589,0.2765708792811137,-0.35696736983178534,-1.7742701994827734,0.9292225819958729,-0.6491191290760138,0.9390317439650083,0.032615906547557354,-1.0070201315227179,0.09830741212311644,-0.18830733106692155,0.5048733956832955,0.14793725562273846,-0.018316167368893656,-0.8816193640803534,0.9131919120037526,-0.8986468319118416,84.1522084345991,2.621291541234568,0.10609931589161813,0.5797070026774936,1
0.7918622195722352,-0.14165235901861817,0.3777461635013038,-0.027561884077309924,-1.6322960052907607,-0.9617273751511073,-0.11649893527839508,-0.19571971121953943,-0.315723652896691,578.7658278007711,-0.6793599250183462,0.08453937988612306,65622.33132344701,667.5214516248776,1.328456426488833,0.5807799941316223,-0.9570439239433612,0.8247926743145706,1.1767592587306335,-0.32680248314368665,-744.9580032159903,-0.7183835578014315,-0.38381437224010995,70372.14476632696,-1.6680783190929693,1.5315023146137334,0.6801369430331207,-0.01836358732283086,0.9705235931438472,1.7699481670598876,0.5966896538717578,0.49083323074602453,0.3186864683548627,0.4344809325689312,0.44893802329725074,0.9996883700763263,554.8194585622635,-1.7725190174010013,0.03852462438465885,-0.6774919392622534,-0.25699534269660057,0.5575411474011167,-0.0006598378142523748,-0.5510785166141571,0.3591335545490459,-2.48423584687484,-0.6101164426997538,0.26716303343656894,0.14526460343124784,-0.2510491364605304,0.0037510822033751667,0.25775401987906743,1.5912033405174184,-0.4861334790479265,137.3353414138994,-0.6944839440131323,-0.5895715177215345,-0.054725951970296324,0
0.5607265414139216,0.07337794962798659,-0.5779927446512793,1.571046410794722,0.34452791479868383,-0.7807874152387686,-0.19736164727399694,0.46625085566386326,0.6970694754432334,642.7390509386537,0.02434932109323584,-1.4883872414205968,62599.78894212491,682.2272901882245,0.7491418228632356,0.7253377326802918,-0.496755784943238,0.3976071502909446,1.2285406540901709,0.25538982833426044,7289.907802637146,-1.6262789916843243,-0.264917666884677,55780.051024110406,-0.3734417879722319,2.123696579271839,1.5327553229359379,0.8262145090894849,0.36917964922568297,-1.5183137157503457,-0.12036027402772906,1.2964946401875541,0.018690782434539626,-0.4592894509131616,0.22495930926978114,0.724891508737313,457.8013725076944,0.5534164957456993,-0.5817709491803662,1.1268133283728685,-1.1422618285494561,1.3418839719377913,-0.1641967468879668,-1.4460555314770582,-1.8070754805120248,0.2086019565710914,-0.051146057759188374,0.9180134725358599,-0.5243224730323942,-0.18114620549441005,-0.004427054662652707,-0.5585879319283884,1.0037624148018596,0.18906888177692405,-11.484378848412751,1.5986957519446658,-0.8661526490922156,0.21544552629884495,1
-1.3055123097269183,-1.4332120399348034,-0.4495417201652033,-1.7029569418973818,1.6809280622824605,-2.433571748380173,-1.2974548584358705,-0.8521781631737693,0.4242536460064039,666.898814840186,0.4306624098554553,-1.6052831224461392,84391.56815885834,762.2838833789823,0.4610466078974198,0.010755615550173424,0.6264822713438689,0.37230031940460767,0.4268893511703181,0.9228963203760489,10537.976481300026,1.157017895155294,2.3084454160681793,102745.77967664073,0.9828839252837467,-0.28837335465016956,-2.183147859558429,-0.23708391391216588,0.9230593258642026,-1.1666009738540783,-0.2930590407379228,-0.3306822880166144,-0.6556590166647869,1.0620169915892141,-0.3181622970809557,1.0301121513111955,475.0610542464633,-0.9868888435958766,0.07376764778067792,0.5949227247203478,-1.2474899601462524,1.5268122009564051,-0.6583276436740271,-0.19547639299936326,0.8735887083016587,-0.44844015366852763,-0.506307739277248,2.1407910462191717,0.7496578132592995,-0.26155653021472414,0.003218658390528166,0.30501827495759326,0.13359303098798325,0.6535756564410635,-2.4330792636494634,0.856663222061019,0.06898217757609314,0.5099859053857452,1
-0.34557092529593864,0.38041825806998786,0.615879240384104,-1.1227891459077135,-1.1539386444464204,0.22930430801634552,-0.0023251211965056753,-0.3830748136020551,0.5993136267371015,669.3487933772839,0.19210128902421572,-1.784374192640592,56896.13642550231,717.8738466109519,0.810414492130667,0.6353281065949576,-1.5866573254600231,-1.6295656577605733,-0.8032057733745966,-0.5578882515372289,705.4534833787701,1.8104331514631822,1.455509000126731,72124.50496773887,0.4797281480493168,-0.6629908734880058,1.7376400305112563,0.7535712450916483,0.599960999302396,2.4522002052429532,-0.6184782766448809,0.19846723607877262,-1.1385716147112939,-0.6709575794690043,-1.4121250520832827,-0.8557432566450929,521.9795593632263,0.4637581972615986,-1.1689900152741615,0.28046179510042313,1.9681396998933158,-1.2291044748754172,0.5950893040950144,-0.0766551955350559,1.3814208257660623,0.5195491468729215,-0.4533809128351945,0.7247764680323588,-0.3339520927241352,-0.07272226615840496,0.012833278758114216,-0.9973449704446212,1.8370788423109863,0.33690990546770555,-11.513917737044212,-0.8546639746719054,1.3831285690853177,-0.19671013885967809,0
0.21802118683823452,0.8682201917583612,-0.17629734006241557,0.8145307600465185,-0.193888659288939,-1.4332613252048008,-2.051412717058124,-1.1378168205634855,-0.9918372481767125,700.6782226305677,-0.7482072213935795,0.1664483417335957,46353.12276730888,805.4951458826769,-0.24107280855010443,0.20507251121193454,-0.46340326568731016,0.9568249478609829,0.13500708612515464,-1.146720884898188,-6294.118125014987,0.11910311545766353,2.160193983666918,63888.28030178796,1.018775447558627,-1.3573634854390106,0.15540649142872207,-0.41877880895019276,0.3634962375296802,-0.9274944644166725,-0.05240637298303853,1.1872375548420404,0.7183224781544201,0.3002358269432481,-0.28603833658370814,-0.04256438429076401,443.96369934215744,-0.3785298641845916,0.3911218110356316,-1.2769786693012435,-0.9184447247635367,-1.1727960926748697,1.1858784491485084,-0.4314971597337258,1.4431948856418573,1.2518258057192448,0.2608545344867459,-0.944554305580135,-1.5156783738310253,-0.1357449859744504,-0.004050307238831409,-0.1748016005755309,-1.5469371551814446,2.8978100349947056,203.49294189227965,1.6243378800993464,0.012969624959328865,0.9798557805810729,1
-0.5150032656199552,-1.4012709164503918,0.24418277688853626,0.8651215058039717,1.1255295134177028,-0.1543806964973789,-0.5838271199122508,-0.2579850762763876,1.281544803836856,652.7681769080527,-0.24210977993420646,-0.7252025590982524,46074.99088455112,738.1938016296046,0.7995321898824743,0.40895516896869993,2.0815614412191583,0.18289574413882376,-1.345641757641527,0.0585512102281881,-12193.72886306625,-1.8129251782615305,0.852558329827364,64030.68854467572,-0.10926390473612324,-0.18744276402343377,0.1290032495981781,-0.17874531684144818,-0.5242258391702289,-1.6346940260132439,-1.0614440720945473,-1.6656319832511584,1.562398385769182,-1.7253607593361022,-1.2234302362465712,0.9439987012397492,626.9938697238911,-0.13185500042062276,0.06988899412827891,-0.3060968541323214,-0.24291334441920048,-0.08442510544505392,0.7238823835022369,1.799845350223714,0.01671644302872585,1.2404005332796004,-0.9852524350024767,-1.3791177775905412,-1.8116504175806631,-0.48862721298535916,0.0012299064226179168,-0.14831773411939927,1.742319872524108,0.5052926341164142,-125.76633281389036,0.07752106063352773,-1.5161426808643166,1.7677581092842451,1
-1.7730786243550687,-0.13406534969233183,-0.28009184511391266,1.3854489748421561,-1.0153975625217222,1.4631887278471074,-0.9841004678195282,-0.819769709110906,0.6803385310442324,574.390666778033,0.9971826561484749,0.12476646506432887,10436.306356240331,593.8469374962986,-1.1730303753863864,-0.4603401184856193,0.6934989108865582,0.1601017176364338,0.13199865144691436,-0.8360319888690563,7465.265132066032,0.6669456142039386,-0.7447735854105269,10921.552926659591,1.0248465990616757,-0.9290061253763648,-2.16946109436148,-0.7097023647122659,0.16194426646481996,-0.8953291868260843,-0.3666557515899864,-0.7379385859436675,-1.995636505834968,0.23920201096098695,0.9760902578427023,-0.10943193119958529,426.01824796525284,-1.2238348875913636,0.7135920002556949,-1.0911104089150543,-1.6567919701877436,-1.1266460644382401,0.9767120902885115,-1.1078326646372547,-0.02295756593559576,0.28146078811841646,0.6533475781737249,1.0769960634463658,-0.012252823501035051,-2.182905320483511,-0.0015813859670983147,-1.4350856720931253,2.9251305444111,-0.5934690690746837,80.55613887407156,1.8209521477359556,0.1752711173048949,1.4343065385405278,1
1.5130842375583662,-0.6850316700235353,1.3560018725716483,0.24718483195919666,-0.666229592358524,-0.5496440282930265,-1.9303565883493632,0.0471237386141315,0.14687691068056544,722.1431139924023,-0.9636925714903912,0.05421930697246045,51588.82684011177,826.6280651929968,-0.1352227862839873,-1.121024916227805,-1.3539035909286599,1.1550369152655313,0.6734940664211375,0.5721820109459974,-5587.923273169768,0.5361487786278252,-0.7314950949960484,49635.367777664724,-1.0003388316003683,0.5460376874200307,-1.0385262434033817,-0.9367282094823747,1.1573478927244234,0.27795472398730736,0.0007733541535996984,-0.6248885522611465,-0.28621667964198266,-0.42051250920545097,0.1266578250394776,2.120249890106513,391.2756611648982,-1.5802238371061592,0.09964072088346931,0.7304492456904494,-0.12508887735066085,-0.1881352274923672,-1.4690810703817743,0.6587743863366174,-0.33335548239300855,0.2665175604160916,-2.2673444698739984,-0.16573978532763833,0.914330802534847,0.18014600790419139,-0.00535442063248371,1.4005350924125937,-0.6041798103690681,-0.24954938725792367,126.65519020572648,-0.5424012006683868,1.3185833307232417,-0.152146780356278,1
-0.1692552794646688,-0.5764374246533996,0.2878517369017101,0.3946340760697514,0.49645388546165237,-0.5777123771268511,-0.22580479412871005,-1.2899358386223008,0.6547458010936419,600.1881061520545,-0.018021614589226322,0.030575928324185486,57509.26915892714,671.0807735868356,-0.2913775957527952,-0.3179545825432214,-1.8913271699249936,0.8599050562824089,1.217779899776067,-0.06789164605597146,-714.4254895992943,0.4191600587830579,0.8191336263714474,78040.82043571686,0.5821076602896844,1.2595246381408671,0.4697356086632637,2.1034933896506467,0.9681460253192298,0.8214005821855871,0.85945465933946,-1.1433555320388384,-1.5164799403923184,1.3599455026772143,0.03714264693509649,0.43436969160206007,484.32921992640985,-1.252999793037053,-0.027243517811578504,0.033846957313668734,-0.025923035712838813,0.6909700281296326,-1.4235798021461856,-0.09237081298198312,0.5325761815830823,-0.9278474139272869,0.0007876551124618025,0.7140587895213699,1.0341977364054218,-0.48255848438915927,0.0016800100735093082,-0.14451598613341007,-1.238885720772265,-2.742830158859098,-142.72813010719645,-0.7961255261110182,1.8831750903298297,-0.43942969215068106,1
-1.064328504935031,-1.5565358601723398,0.6703388525470204,0.1793904718788292,-0.2644153158847563,-0.3789432985290122,0.44131460845009873,-0.19672725333138652,-3.4476301846486805,551.4479995820041,-0.358513560506782,-0.09247560289825348,115943.36045722176,650.1345942936738,-2.497569788279422,-1.420905045076791,-0.77958327647012,1.187790371908382,0.27435287373845607,-1.5626424502375473,11144.392592561693,0.8162579629855251,-0.7710951737254226,117064.84619595116,-0.8547774861640957,-0.12967510421717857,-0.5709609102068145,0.25875510729301165,-1.1037669317414653,1.3070733225281994,0.47748998318343094,0.1032031749407964,0.07723281939408541,-0.14071842625783648,0.5167666490350808,-0.23744165962868366,474.9407735500856,-0.8836565919129598,-0.9434398659127201,-0.045534294689718945,0.8744011478384991,2.946535849733464,0.13713652836752716,-1.2084560955956574,0.4601809584231903,2.5474846260671002,0.4551297220099999,0.6840614453978687,1.3622509355265262,-2.3505124298222184,-0.015363572319584545,0.01121989122168084,0.2626794000875064,-0.33213924374635534,236.81423057904482,0.16039467406093558,-0.13657629138424865,-1.2205189052411187,1
-0.25831403980955736,-0.5386918679370166,-2.632994124314857,0.6335759391847422,0.1674134444095773,-0.9473178056963543,-0.5505754225488944,-0.6413792692688983,-1.0006106848845615,554.6445667353054,-1.5091155848648758,0.6491660216281296,43550.18134005002,594.7438986883989,-1.1353506812976855,-1.6137145016547874,0.2904502831868106,-0.003250776161404502,-0.6908318955616818,0.05197048443644063,4240.234773378415,0.6895058764245333,-1.1314619095740672,53217.9933574311,-0.35679785848947504,1.6355840355877598,-1.3490498570863088,1.5095367052283424,0.9511213935529014,-2.442155179197871,0.719817966271381,-0.038380208544052274,-1.6104790081448097,-0.9289941663258314,-0.033798250900240925,1.1255843021454914,450.83376728692787,0.9756345288539868,-0.3985861379933838,0.1617854657567216,0.5294738836911771,0.3783664386274254,0.2588038748820855,-1.7699871995919167,-0.6116407619102437,0.3574546484878622,0.506740930723401,-0.011997390911090694,-0.27546026818640645,0.46726011116468563,-0.003116148434441161,0.6247950963292673,-0.31609343019052927,0.13915145816880317,89.99143582381451,0.04354392663961126,-0.7052460825449431,1.4575539212180701,1
2.425428491757436,0.43802329584904603,1.1257718436183635,0.618309863837308,0.9385436400687613,0.285644537043236,0.5190019975654007,0.3922490643854475,-1.9490144951562693,625.5614260606793,0.5486703457065718,0.4596550103833974,87509.58783848528,685.4222353839637,-1.0782745187779144,0.1834430452416383,0.15104566349340567,0.8977425349886659,-0.7125496763242163,0.8065858873042777,-9259.976066278086,0.4845076724541689,0.5105694392931539,105522.11208875675,0.8838796525005317,0.18120697266800448,-1.6953332839731148,-1.4055508660546465,0.4645491834082204,0.11316763311517027,0.6693829536695481,-0.041128029644304585,-1.495459282828772,-1.2300173395241858,0.0678241424067718,0.25120590511671637,487.4772119409273,-0.6801016206934389,-0.6246901642580867,-0.5605469870211559,-0.5311086652961199,-1.822347816065716,0.7008738186788501,0.14815483581756658,-1.213783471243574,-0.38152276668570845,-2.335807292555421,0.457326644615978,-1.3889034842860577,0.3929146728319844,-0.007395291846459834,-0.16733219610783537,-0.16824507247920556,1.1433019353933143,85.13674851997101,1.3075469576661922,0.22030815008421498,0.6565929806319752,1
-1.1777420309555533,0.6357904950741544,0.23424510035740198,1.3561715970013075,0.24247438557803672,0.35357785953579496,-2.04240972980883,0.9446406000975871,-0.5027201062742295,672.9822039030194,-0.19619397550922416,-0.6647905125817242,24736.456357079303,740.3859680266287,-0.8281730738523834,-0.45919638291104914,-0.9521007853343505,-0.8188175475938665,-2.3007546369307437,-0.2803549057792676,-7055.168536178792,-0.34027544794801523,-0.5847661271875385,39266.630048553394,-0.5972872012925317,-0.665627152246145,-0.582393626084709,0.834228623502572,-1.0663566307214445,1.0909146768317017,1.0973056277985898,1.9332094641505595,-2.161710229572021,1.4401487237733281,-0.8903911447875871,-0.8091740864154556,459.4863822331773,-0.2629428811425517,-2.4069198641429908,1.2286140147565274,0.5008825130586637,0.4260284892058543,-0.5493595403124208,0.4715797684127595,0.6619982392972863,-0.03232497549674373,1.3969207802636927,0.685669582954773,0.5522116816365489,1.0098329724175823,0.011161899972110485,-0.29421220303143886,-0.9522404865141756,0.5506384351381135,-163.29940996722894,0.497623244221568,-0.37855141764522254,0.4837136639146327,1
-1.1391912673516327,-0.6574416400441846,0.9178156454064098,0.8167376813527949,1.755905290249873,0.055031427349399274,-1.758193227783749,1.0071010183308502,0.17495156885098975,548.9964117496343,-1.0382202772829674,-0.4446143705253409,70937.69344182957,625.1632694656137,-0.12131868268045318,0.10512306684812857,0.2224413649922433,-2.0337867908761016,0.6780679810473035,0.5874889718737012,-13680.322205907392,-0.16823884829981584,-0.20397973390777308,67946.28030214368,-0.8853752968990812,0.5732924716852783,-0.03167056898686313,0.7306623984800594,-0.7278201721771811,0.7470742208006796,-0.1213886069019009,0.8011244224120627,-0.7834104456827804,0.10124767424901446,0.4426730893886277,-0.33541385619897757,500.72384378653567,1.207427156483571,1.2106483103696293,-1.2164901182016599,-1.4861989569029543,0.9818674753530442,0.4788851376963802,-0.09254100968435688,0.9936235174059321,0.7572607796510255,-0.9051492794109892,-1.0771506858466657,-1.017603101529277,1.7508131402747393,-0.011561848555156464,0.43298245429291593,0.9882898282518569,-0.14326879205788065,-6.9641269251807785,0.9736379343213517,-0.16787312014921854,0.9289062640130815,1
0.6494168030125478,-0.6403091294178956,-1.1250373214402811,0.15039364366369903,0.7307741514463222,0.5483339296200638,-2.7228373990750447,0.8959832094638722,0.7070697958713569,605.144338246031,0.8113235842207305,0.5519212872684671,71304.63022393524,689.4632551788599,-1.1995270990978073,-2.0291549026418085,0.27001294493220074,0.46279609052394227,0.3225932453735676,-0.23353008688477098,-2889.617750380135,-1.7439342240958353,-1.6672691828409547,92783.93940597466,-0.1402527094786196,-0.9000415827974275,-0.4364608914068446,-1.0462620473619786,1.2608154429818943,-1.1147697460382895,-0.9425510049065158,-0.1090689605002433,0.9803158961213991,-1.1556440642827908,-0.6778607394943351,0.1275722549137526,556.4967935933904,0.7865435568598318,-1.1246512808338418,0.16165505600485872,0.46322945638671525,-0.8114212357413555,0.38333954680670135,-1.786716002710171,-1.010729877364864,-0.5429194578385601,0.0626458220812992,-1.0795696579174354,1.1249481740258223,-1.732035677555364,0.001070191004389182,-1.213864486445821,2.7321904269014086,-0.7513881277119425,-144.0933315677961,0.1651650248485594,1.1555406654726585,-1.0493554196555275,0
0.30388274479783156,-1.6937197208616606,-0.028499051314801408,-0.01796297000652688,-0.7140084860669599,1.4894263530872764,-0.6359888808737906,-2.161624355971168,-0.4014536455622794,619.2640630720475,-0.005650295317600121,2.3550558529185457,76196.78271245616,645.4266531154261,-0.6848180951201484,-0.07586521629363568,-2.1501663852617603,1.1400968808253105,1.1383188373663218,0.8816210476316769,-1380.3624354549431,0.48927756866587063,-0.547658478771043,98118.3096990203,1.4002147806999865,-0.36840024424743345,0.009083732741567568,-0.3706222148329737,2.1416289776916453,-0.394158918939612,0.26369180317136687,1.1603789545398555,0.02675379644884447,0.1839693305698872,0.6371574312877325,-1.8369571028943388,483.11950345507864,-1.2925833089140928,-0.03722442021830162,-0.6973092946358961,0.8706441700106736,0.0960403175995983,0.8190494230903779,0.408420515752936,-0.7752263243538241,-1.4569597145214572,-0.9671245635899222,-1.556609533128892,0.3964637818747856,1.3545892154322088,0.004276246635419865,0.6405548312486489,-0.12068725645764977,-1.1436088666937037,-92.83520660958108,-1.0184969532637937,-0.1172491323915226,-0.07354832848380592,0
0.7409795841242064,-0.4347362867075553,-0.9026645950596947,0.06162791599333132,-0.7721468525369908,-2.1558316320133635,-0.05514631761234767,-0.20876007052571935,0.20433993413463528,633.115812529698,-0.3809930076645664,0.17193269280333556,36758.004474329005,697.6314209487256,-0.5397711208575836,0.16107447361853458,1.10464371251393,-0.9832530465052042,-1.626150925112715,0.38331732571143295,-12903.515563532053,-1.2938270823256774,-0.461260589461272,38199.64599117653,0.30415987872097255,-0.8066741060138545,-0.6629744369965368,1.355752132942401,0.7006129631410025,0.2029047288594125,0.18762451297021304,-0.9532329145609965,0.5990491379629618,1.3284704244415912,1.8013964086590093,1.913170060164315,518.5290284327276,1.1280801477048097,-0.3182774926120466,-1.8396065540318312,-0.22152627301844713,-1.3895709599675188,-1.8086020172712745,0.7055570958763034,0.5750348311871594,1.380788996111775,-0.8407075404519297,0.3404264167023581,-0.21074759002393487,-0.5149897674701012,0.001457719734566767,-0.14586180867712123,-0.08267466095629476,-1.105256627407618,-6.259388322308909,-0.35417423118102326,0.21119617184838754,0.7682147671546103,0
0.37779187059037445,-0.8591291416930736,-0.38781069036863075,0.6370442947038432,-0.7663705608535754,1.0092643456324337,0.22930789831101858,-1.72396268089946,-1.6992213503594789,592.2801503977419,0.562791473046174,-0.018721072999283942,41707.52193110866,679.357610126471,-1.605233863897596,0.7578044824741372,-0.3189626980750768,-1.6033088187134596,1.2879251599542039,0.8065880079981054,4691.553796539814,0.12264459680125785,-1.8721819872457308,43143.861152223166,-0.9577752272946835,1.4834247013986808,-0.8625229049254093,-0.18386923896320861,1.9040282617713642,-0.5756671928782348,2.107436704397852,-0.060812656125441795,0.43830502923805803,0.7762407885373074,-0.33305313111977786,0.4252369979299138,533.6758756941819,1.6622061921621223,-0.5450841705078173,-0.13449164181378104,0.37850564439005424,-0.15708054240314312,-2.23465876293234,-0.7077548217384163,0.4196780240689406,0.325552962141665,-0.5410598047379702,-0.8101521052169616,0.5573702598524238,1.2658146013251181,-0.012890092874334552,-0.07442517686189871,-1.1259772986775285,0.38881107484135435,-11.575907086140035,0.4320514646281389,0.6512418912825757,0.0162380824910403,0
-1.3773283176001698,-0.6941434489487025,1.0956070368133863,-0.21095320907445955,1.162139902334438,-1.495944698504606,1.055700694588617,-0.6725561783358543,0.04783994027567271,673.6679557752008,0.6959775205878295,0.412661239813859,100570.16582935331,721.6905671830776,-0.3081235167567105,0.17614133051842248,0.12668327724081874,0.10739421567995866,-0.12273534613993155,-0.5653373250243693,1589.9324763015804,-0.4285270549808986,-2.447500885340096,102759.70655286672,-1.391992972896919,-0.38012204148061385,1.0322243692463573,-0.13978899576680676,-1.0394488798590173,-0.4157853067113723,-0.3880775134149443,0.4059776053095936,0.3905217808290217,-0.10669210016515925,2.197503062487458,1.4223645111717496,554.6267361926468,0.39591894566499863,0.7380569512539946,0.9393194834935473,0.9760973069624217,-0.2899055690841732,-1.149499069349074,-0.34777956782580793,-0.926634710647413,0.5476307490054333,0.5290442805794255,0.6532008632188295,0.9143374658921359,1.7309634680823833,-0.006486758507712059,0.42450599086589463,-0.42824237410688604,-0.16016020396916664,-57.855393065080605,1.074184777188251,1.4916183063834698,-1.056168113271877,1
1.037759586773908,-0.23084170018004488,0.008568242767810302,-0.47774888645991626,-0.40344947211423354,-0.8034959809384457,1.625995517377864,0.37169083702782435,1.3251184549691197,692.9578332137845,0.21732753907766444,0.7241133165501263,50564.7330388134,779.5983460885178,1.7164139915789025,-0.5188803134616365,-1.4076910748896636,0.18224663316577816,-0.13856780996942628,0.7694792598128807,-15947.62659328835,0.45885671771189596,-0.9418909761165117,65341.98603749848,0.18111939781984696,1.4567091966083718,-0.8336176512341341,-0.8062082549235999,-0.5009973337758794,-0.422427614461298,-0.3506923908739903,-0.9493477444615984,-0.26582504804294277,0.392310436925392,0.04996482433660401,0.5602068380197448,562.3744887389489,-0.14649076490056515,1.3386595085596895,-0.09358384329833644,1.2615927923023904,-0.8269755156906449,1.1627117303134713,-0.8360851379836683,0.5269180111523094,-0.009987659603260323,-0.6342555261011493,-0.6044741544413358,0.12238403046428252,0.5788850973044635,-0.007574630089635762,-2.0013738103507683,0.0216485425248243,3.089960151119085,-173.5572914347617,-0.13785004937963688,-0.6597154352596735,-0.2803431404852533,1
1.1952215589524233,-0.14278405108653158,-0.09866920381144105,-1.0050429001860395,0.29368861595118145,-0.17890030915458988,0.7514124461702691,-0.8553358291889445,-1.973388724657367,608.8362119816265,-0.6423653830876239,-0.25961843462497636,59960.97660906,654.3600073961527,-2.166843448711484,-1.361426487316986,0.2578638302491835,-0.0387358465330996,-0.9002358180065517,2.0800327648468317,17120.916543157822,-0.8329766549095328,0.7263489010580122,72194.04176614649,-0.22376593402951983,1.173592068816651,0.4432862329476642,-0.5713542713322054,1.4566580862853262,0.3370148814517205,0.7236910849726323,-1.5079991890906046,-0.28018455232268613,-0.6550631952948573,-0.4194536680623203,-1.6468084131458942,405.5494792911681,-0.967236527491167,0.42513558211900493,-0.03251455632812259,1.1905991945043253,0.056831540803486735,-1.0672424225462254,0.915652850888438,-0.29548333007302224,-1.8621140251405126,-0.6837618032337989,0.1791013649532144,0.818082173998267,0.38848573407167053,-0.00994682019448325,1.1047899178708518,-0.1443485359044005,0.21823519469899347,1.3117904493334247,-0.6727704037404251,-1.4636200980456577,0.6601917993954171,0
-0.09743192725760255,1.6678708076526305,-1.4149878880531748,0.3256071806848542,0.5046067970409173,-0.0043181950175011,1.4548956734869378,1.0480768614725435,-0.5701767339425909,564.5841257834703,2.9943924721372164,2.899739953218724,54302.408618512694,645.57912200012,0.60658136881626,1.3090169577744344,-0.8698644466886019,0.14951387498398835,-1.825412163104648,0.27188327394832545,-11223.609798707546,-2.0924703040300754,-1.269681152082743,55855.15620097728,0.5057572868274658,-0.6290479796009969,-1.0533090029907408,-1.334533433762965,-0.1217189709514832,-0.1413690970221243,-1.3465786532316153,-0.5348793780422822,-1.2600194015850494,0.7627423587146999,0.08449363898393182,1.1242941341983712,446.51077982956014,1.9076494656305314,-0.3360695985716529,0.32838167648665756,-0.5620096472931869,-1.7282468428493076,-0.6176544532590077,0.4163233588349187,0.30494672876051215,0.14666625127444413,-0.4005298932157963,1.0490686572097054,0.739148371924047,-0.7961907239951805,-0.004448250469318458,0.4373051263815259,0.8447366751346759,0.6102316651369312,-249.18486908406732,-1.6004656541373399,-2.4834333317188335,-1.1644766492303207,0
-0.7256622175347054,-0.7878173263594787,0.8814041495474032,0.025954289718356116,0.23424386081464185,-0.6035321068801754,-1.3262298961908692,-1.2007346839038862,-0.07930991098396067,591.975189780238,-0.9524528525369333,2.257286035785211,66388.2378059798,638.3801391114139,0.2813645166163025,0.29458883216181936,0.7478535085614341,1.6766479250634538,-1.3453570361432576,-0.13907144098962532,13599.405003448148,-0.18811595968775155,-0.5711781348601622,81047.86797502625,0.6095425678477463,-1.0343673838104066,-0.6287763948302132,-1.3753266849869628,-1.901909862290165,0.9697145635137894,0.31611304917230326,-0.23231559336370386,-0.7951527125530193,0.4238437078471511,-0.8299359912351526,-0.4156169556116966,449.5128138024344,1.3325589737116386,-0.8194524234674307,1.52311859202181,1.3253177635623103,1.7330291380064333,1.3680451005635808,-0.1288579848363964,-0.2800449354960595,1.2380271754269163,-0.002127422970611441,0.6311253926621008,1.0880979559360886,1.5123526281336837,0.006779737559515438,-0.2514378411603066,1.311593992672873,-0.6625812675076367,-10.742677255242956,0.5458057069652593,0.4246820256386603,0.2710881544748904,1
0.3701454781084274,-1.6013698816284865,-0.5147553984148101,-0.6346641205124101,-0.12507440389568358,-0.7714238784119206,0.19572957362663929,-1.2948165131582527,0.08172885394556248,635.1314787307407,0.1622633507037714,0.6369478196498822,56398.09420435222,687.5184416564433,0.29589482091896724,-1.0704250538034017,-0.04695830120865264,-1.4335498045373856,0.5943239130702064,-0.8568006522915015,-24776.46341772532,-0.8857560393350319,-0.6552862768967591,70463.60993827101,-0.14117562924304466,-0.25228102903948535,0.3923946864584842,0.6130164587578686,1.0916262158620493,0.7665874833106373,-0.927585038140101,1.2345386641526441,-0.42911723060941076,0.07693815560172657,1.6718499951636256,-0.5741963794198996,395.17275919227734,-3.193655320681775,-1.0776169237925879,-0.11819452095130484,0.9283608540213718,0.4427636999143867,-0.16073255893427918,0.18308919689516662,0.06282970147817979,-1.0038407318127711,-0.7323931736433741,-0.2474393420693692,-0.5345700919620602,-1.5155784497088354,-0.00040790898428086684,1.9666863690993184,-0.5297119945276926,-0.973025134110574,18.956774926999824,0.8847341669479092,-0.42933945902875686,-1.2138163528474495,0
0.4676028515599306,-1.7650568762870087,-0.0002527306059605692,1.362557212187239,-0.6969714953127111,-1.7424933807128424,-0.07468820502919113,-1.3160507676973914,1.400417286120348,641.3894733718334,0.6994538838796115,-0.9027099119717394,83963.46096079214,674.7825218749142,0.7847700905882593,-1.846431717849031,-0.13115166056677213,1.4966839463810597,2.0575327717849654,-0.857524955418166,-1700.7497896644772,1.066668631615125,0.7981510828529358,84823.27914254254,0.2102267675424717,-1.4713635640033622,-0.21671263216484613,0.40683449121188453,-0.690044256311376,-0.11366134577306934,-0.9113018992072301,0.23455379214685268,-2.773537933249901,0.0314317178587165,0.028764288489426106,0.03796927060481709,461.02298212442224,2.0884172416604705,1.4899734701294673,0.48439213525403185,-0.07150958926815357,-0.9690999505498177,-0.34188918031664406,-1.236647799242018,-0.021381718441136212,-1.4579850261085865,0.9392444809846756,1.1366535764397994,-0.9161084577588868,-0.5246201278019923,0.017920524515460994,0.4610400261615789,-0.13010074012981196,0.5431314852514346,-62.331568501513054,-0.42694788504849235,1.3934436811715305,-1.0335603703517051,1
0.5906522984076715,-2.3153069265142663,0.7091257943052187,0.6200687661756253,0.25840001323691986,1.8531369544738674,-0.4612498745449775,0.09590695399156658,0.7080565381595492,615.323790181899,0.9605378575464063,-2.172163264014721,27683.836495592037,706.7253146479945,0.26838922622168376,-0.33900954284963036,0.9421911620028147,0.19740109883445855,-1.1490325015248894,0.06700418509436387,11731.586525684374,1.2697998902385321,-0.8381896279246647,37845.94774560385,-0.7326279854194108,0.3836962408632838,1.057985971888395,-1.3648046516747097,0.7472541838012903,0.3288059333613774,-0.36443064610146564,0.36284160585135794,-1.4616688184261173,-0.3788470821472515,1.0392524560470549,1.8711519930318066,490.23198866867943,-0.38128043976270076,-0.9426661472251959,0.4942717050622805,0.8280278940139147,-0.281546635122319,-1.7424894514119793,1.0475594023861614,-1.4747826125054906,0.35636995784221515,-0.48977290039957616,-0.21444400286045626,0.8351374852511364,-1.3699221218970195,-0.002250805591506511,1.3623162566421563,1.1137599077089626,1.7454151991021807,23.70123420521153,0.7943433214130863,0.3717185342317142,0.6730126379382778,1
-1.713957324210347,0.2859552937531117,-0.10727059609272722,0.1534295566235715,-1.432093146839348,-1.2450514778077302,-0.8205591617016689,0.9385989650627206,0.09368598627637333,606.7437748168139,-0.7141030191057728,-1.0497731220300426,113283.33581566664,675.8925073933659,-0.46503858304605933,0.5207276603015928,-0.7292511078189365,-0.1348935352234969,0.677053017412483,-0.24602308933284145,2441.0362846769603,-0.683839783804424,0.800171296909971,119409.40857328614,-2.4145311902216635,0.3308679020092388,0.9326317555746276,0.12816473143353538,-1.790331676056628,0.53436359484383,-1.1046465843342579,0.10333174036654193,0.11281828952091956,-1.642932197883755,1.1165997933962846,0.14679974986736322,572.2616010465941,1.0550424514968975,-1.0200595005636421,-0.013877026604351625,-0.9469886938479224,-1.0732076056431534,-0.5533206111628016,0.23898164791416612,-0.7751717006069528,-1.9330802550829675,0.4332792371274429,-0.8924930811621222,1.3411042830212485,-0.18287731113851946,0.010908158448457096,-0.2723026017518612,0.3037750597748181,-0.4605901325381636,39.69019830448871,1.7365753223009324,-0.771131986279014,0.979272465540572,1
-0.09578562889568235,-0.39541309267959257,1.458265822235959,1.420576879966664,-1.4325031808180988,0.06611389890230504,0.6661291133313758,0.4701533437530957,-0.1779378480161479,630.871126122736,0.042954847114006496,-0.1408138053065729,56602.10047311945,694.6025783610162,0.6146731791112984,-0.989404627821648,-0.048906202873834646,-0.15141772777953014,-2.184923799224578,0.8250373361887509,8904.051679765593,2.879785346229946,0.5343408927291742,67250.72404266152,0.8534825907227722,-1.2463545750892038,0.33964703507651767,-1.00317606738337,-1.0067083598222015,-1.485196653354137,-0.8035807370496446,0.2805903223334954,-1.4019925175619712,0.6728334489876983,-0.23403909342389975,-0.5672818576238664,448.68899684051536,-2.5061869894282465,0.8732462129476181,-1.5428530803891711,-1.7034969238348678,-0.03699633484592639,0.16265035563600072,-0.9494725504211138,-0.5002583303814323,0.6331419541312667,-0.2433622007292541,-0.949022747527065,0.057435863578627094,1.330627397434858,-0.010074405305466931,-0.2586791760458363,0.018372825682741647,0.4746544844629528,130.9793562887799,0.11727107429435119,0.08463796143521544,-0.26489039687824995,1
-0.36808703149904515,-0.6350895017384118,-0.6471041174958719,-0.16333700390230083,0.5955291133732372,0.32046398557379013,-0.7907611328467067,-1.6237883601375813,0.716051287283862,593.1289104403655,1.3630585239261999,0.6256862227452666,23410.97028240825,647.4811970742803,1.3995428320519117,0.031223834257277237,0.12995374642417865,0.1402136300063981,0.2216411957175036,0.2208722986045675,6560.035032363413,0.6305130137964241,-0.3928066684607845,19169.822387987835,-0.09996394083832025,1.2509373573612612,-0.3975407569763443,-0.47331098900232216,-0.6037832003278509,0.7283708496645781,1.3948362333255448,2.3020949191023385,-0.5557644696616849,-1.431970135925699,-1.4059573498524158,0.5479184184134828,577.4666632115697,-0.8422178300764822,0.57200544852864,0.6044915935277116,0.10262979403002596,-0.36206029117257904,0.6875901206794162,1.0462206432108982,1.2426853294360953,0.9686734495461176,0.787574364600538,0.7401927898352846,0.7247592172464813,0.4783098367384325,0.0013466485202700284,-0.9026887883204541,-0.9191652074600115,-1.201209161828818,-82.90950461197704,0.4548659585204899,1.3894229658475281,0.6100558124332472,0
-0.018140919694411853,-0.07746499771098173,1.6148450409370902,-2.0626950378048132,1.0917304978931677,-0.3553897451930553,0.1327371451834351,-1.4266759453219249,0.002804689469767213,629.0957180476028,0.19990605807193504,-1.0106492916490815,62587.65135086363,720.1356953403501,-0.964664431331484,0.1286015370496618,-0.32566803276251227,-0.17673957051506956,0.12937305004951055,0.8349784033105303,8592.928074933505,0.20799670693994726,-0.5538850919118061,67831.86951157717,0.34325436717951335,0.23842790786312418,0.2890671228358778,-0.36275159570506804,1.7358196501798957,-0.07515516869881654,-0.7061754679436181,1.2733136354145982,0.44149353568702393,1.4818040280996247,0.03916667184636631,-0.8694009279138228,544.1244580285482,-0.2709519497662402,-0.17794163287127274,-0.6657617256621687,-1.7943347429606813,-0.06623669866271083,0.002783148004197082,0.7632114387064671,-0.3541671546533251,0.35791370746283824,-0.05486298744712088,0.200270320822915,0.45489459201514226,-0.5196712304672864,-0.004898867604010008,-0.06164813765672549,0.10318118295095531,-0.1576528614824044,-101.55513190101819,0.49400827973520095,0.768943432359462,-1.3018251051728404,0
-2.4721883962386344,-1.6496485742692941,-1.319074355629849,0.20328127559107578,1.4413696419870503,-0.3760138601810481,-0.011769188735462063,0.022596939815304168,-1.6792052085518436,624.8382159678264,0.9175462832866771,-0.159586442390256,71732.63059396754,666.5412336703351,1.4892578530339817,-0.6590071222006375,1.6377981435800562,-1.594003528556879,-0.9324963649660368,0.6159338523022034,-1631.0095176381608,-0.8125617695354362,-1.0508562425235375,82101.46726412725,0.22219313782544803,-0.5899117397872878,-0.32206294692416243,1.6718527464569963,0.6453519654920269,-0.2922888935654584,0.3057181320120197,1.1530890174155461,-0.6022995118076051,-0.4090668674396295,-2.129840504802794,1.086206601982432,456.2763519042634,-0.35823227665022145,-0.3902113662492182,1.2096697563979437,2.354576151493967,0.9181330194650977,-0.05407707549730388,1.294304059220341,0.06174789580790462,0.15577843599504326,-0.6043122634616535,0.5472193390410108,-0.4122790383130521,-1.2460692552638295,-0.00043490386990397193,-0.3754377374047319,0.8336161745983968,2.6248879820586586,115.66351223111022,-0.5866497328069639,-0.4696745033314203,0.6411626390313,1
0.16143962982887206,-0.6931281691913628,1.4250696841110853,1.5077789483598072,-1.4570425511363632,0.15121379403792895,0.5676427363207981,2.62351835808743,0.9829761112020456,705.6912459454293,0.9973607498801463,0.32204995573352263,42249.77390243168,748.2884003382408,0.8142411604170386,-1.8461956525048226,1.4784259906585073,0.14401931916173125,-1.6569872657179623,-0.6298445904180443,-4150.041747864586,2.669057576254098,-0.5479958827404129,42102.90335493119,0.7843107569550026,-0.12508640954936737,0.5044682480824246,-0.4506239181469537,-0.0885452342836622,0.16525054779126003,-0.5153107743491903,0.34155509185686006,1.4043253361326988,0.3533503530650275,1.2191638583492284,-0.5188843985197644,495.85043436782667,0.5878380478070393,-2.1203305717229206,0.8363630865436882,1.1308568547364541,0.4845697429721024,-1.810687727419983,-0.1121331273872939,1.7057465861059211,0.2912729110584308,0.1753339279174784,1.4188722951381232,0.8860809338159399,-1.0546127517478021,-0.0066620288239996215,-0.5487978635975156,-0.8126970378129226,0.25107872445589596,-97.8050260905379,-0.9021731604622261,1.4744122680389817,0.2712135602215184,0
1.1468240037474897,-0.34010682745112997,-0.15264571737482613,-1.536668434888419,-0.0288505271011231,1.9852946681209305,0.5845945279966007,0.7761047279740517,-1.1118495311316898,415.6809310895495,-0.3288803507281963,-0.4179269817845701,26149.104287697945,443.92974168502843,-1.1820052521100521,1.913027558045085,-0.7714217236296573,-0.8181293223778343,-2.295189256271554,1.8271734753252007,-2440.630111672693,-0.2882401323818747,-0.1484326530210527,43428.37693078378,-0.8188805212774769,-0.3150875802207061,1.068816659188447,-0.19027411659478416,-0.6159319014202526,-0.4110501553876117,0.4635295634539565,-0.37358106993402307,-1.7118991528102294,-1.2407179638900228,-1.0276437912187422,-1.6392162658387286,472.6432380265527,1.4400182633742722,-1.6263846011733714,-0.5651091979472069,1.390206022471373,-0.7040058523175896,-0.6229984163573978,2.1237139681610464,1.3825328965893608,-0.21258405458718396,-0.12616281080351188,0.14924994095258778,0.5766520562243851,-2.05970261824871,-0.0025753012099617926,1.8530501279919223,-0.24575521261223152,0.8161432440058193,-17.323056106129656,-0.040100414826005154,1.5960600550488562,0.15226491618136587,1
1.1012878381170499,-0.1754544842308674,-0.6968945066610506,2.04426181599145,1.2672159854942135,-0.2966270913397955,-0.060170354940258026,1.9656801084432527,0.033635352224722005,521.6493032392954,1.7838883092978268,-0.022188444153423723,26216.146537113993,552.5449366734953,0.5123327327262682,1.740921379823653,-1.373934981114123,0.8806751327393948,-0.1838287621031644,0.5470448829060616,-4190.747047742909,-0.3821512079699447,0.1000043494364412,34928.87478669284,-0.8727622798678553,0.09428237209037868,-1.7361748711334588,0.5033460518091216,1.2531512506835272,-0.017543603078887627,-0.8102049166370319,0.7942813590335219,-1.5989691907094195,-0.12515058996143144,-0.797812410788486,-0.9128093196619966,469.4867243629087,-0.9653549000912067,0.8658307613473051,-1.0490946896851319,-0.7428552769492166,-1.0195494536721448,0.2429097359022188,-0.19889905664293556,-0.4081783393599403,-0.5271257297698387,-0.8637495758293035,0.6040406583623369,0.5359119655243418,-0.7862674675565541,0.005208589437280815,-0.2434761978155042,0.7276601475174928,-0.29683641489209217,-168.42333120903527,-0.4803860497272183,-0.24038642067880592,0.2605364497973432,0
0.16745134353994642,-1.4732210037352038,2.670308768515218,-0.5252701741706084,-1.0576605790763212,1.7858257708507344,0.2072097690023958,0.896317126780467,-1.5170010986301297,632.963417751413,0.7599033209087797,0.06166027477179736,74033.91750558164,672.4485424804806,0.7379122996582593,-0.8090922722293948,-0.46075633442874936,-1.065981226355566,0.23831453002360484,-0.7563311285511245,2830.300072571897,0.7787839953056934,-0.5621994068104672,82529.5215385081,-1.5547760955318803,-0.9980945375067785,0.5712809801228044,-0.5626315620732585,-0.4466851031070234,-0.11505223952810686,1.2534345454711324,0.2908954633641002,0.23116869930231443,1.806693132110408,-0.17613560954607185,-0.729671177993942,483.26081092903405,1.7428739242325664,1.750731949346037,0.55142412359543,-0.8648810622456453,-0.10968506788063681,-0.7126757319040455,1.081752223424257,1.1449669701446294,-0.8324988770784553,0.4928759352739565,0.02718370916886729,1.0297238925014123,0.7365937141514538,-7.615511719377474e-05,-0.8486590857248266,-0.02984477191994204,0.45178049231954975,-100.55590974509752,1.3815695762133975,-0.4253382367591257,-0.8483195272426803,0
1.0325358321611693,1.459875191435083,1.0152264920071221,1.0957094046826308,0.27163566842131087,0.23474743813645293,-0.5366769302086944,-1.1417583525164883,0.21252810437356534,705.0519412072678,1.6970552185610133,-0.8276557331260656,53058.50321909784,772.236665207403,1.1076078135826042,0.6702542908518129,1.3817154861471759,-0.7727273606625165,0.3989194158508248,-1.013655998537509,5373.92226454135,0.9452162734354548,-1.2057675186513697,55937.50619212286,-0.7435579902706274,-0.6453793526780645,0.39747071757811986,0.12501232746059712,-0.45913867394853974,1.0824008577486817,-0.954390906467201,-2.396216831435357,-0.9852094431835208,-0.7953848250298741,-0.5427859705534843,-1.4881112531368725,513.3704573565483,0.0015181535981832284,-1.8154737946448514,1.4191585102352828,-1.4695246454839757,-0.7360220904488816,0.4370716251869967,-2.66727423264052,-0.8717338534439211,-1.4478648965098815,0.6026657425448132,1.396736641599721,0.6123389014023932,0.5106579568946142,-0.014032625504954207,0.7921438601470439,0.22125609605310886,0.24597773825037614,-31.31154659089454,-0.4902015340744192,-0.997428792576761,1.783061840328784,0
1.0791305064209455,-0.4864281786434561,1.3369569077123011,-0.028042402549591304,0.8348071057133636,0.2146784741557947,-2.5078431728905017,1.747789690383238,-0.24526258525302708,666.6976490069849,0.049750271418257275,0.4492597629159202,60819.02421808592,765.2439251673836,-0.8495461653781119,0.39859976614768095,-0.23014341426496288,0.8142877124211833,0.43534929230842156,-0.17480593903827024,15500.648587960593,1.9075918437999189,1.613057204595463,69295.95169857885,1.5465894883220124,-0.17273101905024937,1.2536813249132541,0.48370954047519815,1.0225804435249426,1.1354083515489706,-0.2117863273490874,0.13594881263726874,-0.8067369544278612,1.1288196964777846,0.017891923590625934,-0.6765294837878901,494.5179673332548,-0.6870796691338747,0.7353096993161244,0.6084158090719392,0.32241457844983096,0.4180337763604623,-1.3511378291350118,0.8222935359320875,0.48621253595364794,0.6483026918065441,1.0324030691225654,0.3651665185450267,-1.3281456316682754,-0.702142702152219,-0.010628545637125371,0.858803754047115,-1.3242684686093145,0.834958339353893,-103.32002634193087,1.0662579417570257,-0.26282949829051055,-0.5453905018428217,1
0.9858896628247548,1.1670746186880938,-0.4293488960994388,1.606994549019284,-0.7882663632545758,0.9914830577489925,-0.30450962786819613,0.5417180998880874,-0.6865814934955626,627.4666781891225,-0.7179768482264731,0.019880701406230116,110862.03137391545,738.9618844817714,-0.09247149904041654,-1.2404652581678863,0.3792377300581566,-0.03012492821988209,-0.8679135296058252,-0.2952749399309194,-3881.6583747461104,1.0625092285941962,0.5868212323916111,123270.52842461315,1.3202453558947904,-0.2785490324491675,-1.1260003108362413,-0.9490867090098676,0.07093792412477652,-1.486780366096232,0.42273034117475655,1.7501426917751974,-0.7188798175502924,-1.106423559128182,-0.6621644498844708,-2.3655130833986595,505.8815004427742,-0.9838683818513494,0.3517117030376712,-0.19942660149501845,-1.4417309639993696,-0.3436874757794155,0.2983327222902661,0.9949175001693977,-2.002285832331662,0.8639128331340513,1.1200154913440161,0.5436602228176564,2.014202898759964,0.5647583889105591,0.003197209419211513,0.6444376549885875,-0.0681643949293092,0.20104962742809815,-142.60221123136935,-1.2075745331768983,-0.019693577913100186,0.8464083778056373,0
2.300860140088697,2.0623836205923967,0.21526594886928896,1.1759150959405766,-1.6131826066571662,-1.3031900157342529,1.995326334411784,-1.8908759054726083,-0.07976166679016491,493.838666283096,-1.0956016934905033,-0.10261074790297216,33965.82101617218,511.5936035847466,-0.24600310724701271,-2.3603023595004915,0.7856422278994548,0.48650280220692127,0.965987021353231,-0.16376698130612785,-19104.914402020055,-0.005734141980079968,0.17646131012823738,42536.16881701282,-0.33549763006472777,-1.1136960322538199,-0.8485276622710156,-0.7462913035259277,0.2263918850265072,-0.714071971034776,-0.5832709635434717,0.6471566210553276,0.35791239762053373,1.3643202482012335,0.8413739382118397,0.42954627329733974,499.9350678714821,-1.6539483193001814,-0.185701330459006,-1.1950105163617568,1.157429803939067,0.4886059046817295,0.8585054803037914,1.5617835513604315,1.4096977551875831,-0.09289974179953374,0.7413031160226466,0.8479178835268117,-1.0099062496614881,-0.3068115058669264,-0.005551726052104959,0.18072964428674723,0.6653601744121239,0.6481705749042386,144.9171508969379,2.4599101048849947,1.2470140160367416,-0.5660576174644586,0
0.041535559086353556,0.3722790998729357,1.1752190010303423,-0.08342163438069303,-0.6508648029221513,-1.2646650491111038,1.055974999661378,1.4126712095716947,1.8248809318946255,680.6665727737999,0.9972563688970085,-0.3841530278227,-3375.284526432886,756.1597678445112,-1.105833508153982,1.2786530297755572,0.08555732538764085,-0.6277602297564279,0.4993377331363875,-0.04393548483041096,1887.2681977022162,0.39983943354758594,1.8311581787169988,11289.369187225224,0.11461052737108035,-1.336314950146346,0.9988590594228786,-0.3944929256629651,2.2745440847682916,0.9509932323171452,1.1308721054888875,-1.193660134755806,-1.2568451076223026,-0.5345494017838129,-0.629535090251271,-0.29743262825878597,418.2838428210688,3.2168170974347587,1.095476217815089,-1.443467891010385,0.8268977089269356,2.5976782641312144,-1.5767863910520372,-0.12810283003748613,-1.6449614628934697,-2.117366582862972,0.31036363788742033,0.8138651210227761,0.37806649916650936,0.4116807953426582,-0.002283239357434009,-1.026992261067763,0.9283447189338965,0.8045848120650055,-57.70950809371217,-1.1961381396691717,0.4349952387384148,0.4628027125411521,0
-0.5936284231483614,0.3571612004859753,-1.2604314370522272,0.5688502229435966,1.5278354897243769,0.8316624168209172,0.006251944117906101,-1.3408868802803615,-0.9526337285614256,628.1183493288696,-0.05752329490235755,-0.3955293440133397,69579.10798864873,683.064238162968,0.693058070508083,1.5990269085535334,0.32869885833701695,0.6651316170186481,0.12675201751393503,0.46706087567116295,-1.8189427279759145,0.17843095249865373,0.8426770702532593,81084.95204286907,-0.7511954846254274,-0.05849448099020572,-1.7470644449607708,-0.09652058072018967,0.3275593020253259,-0.033628581018200786,-0.2529093080408123,0.016510618273216048,1.0799051469696614,0.7005091931992533,-1.6394422362370804,-1.5824925588429026,501.1874097534294,1.3779590729726399,-0.551789428856879,-0.7298273974762303,1.7940099712007933,-0.388409239131118,-0.43258814764620895,-0.13240604659243385,0.8401934916287064,1.0935866618745225,-0.9572002787236938,-2.104106358533675,-1.063625640679183,0.22803467804030805,-0.005458155390886703,-0.17861103255665983,-0.44018788168268014,0.09563997514501948,-29.780039626541132,-0.21857818801089593,-0.936225597853316,0.08802128798205963,0
-0.44762398921247176,-0.9980081544087582,-0.597280499558408,-0.27864095083898427,0.34172154825361895,-1.4532617932731262,0.2023915732947186,0.6279177493495468,0.7356499456290734,711.6557061383883,-1.9354148109130858,-1.4078513415004634,51009.07400024425,750.794009953727,1.8726920971280097,0.09953666538300081,-0.4638646362819304,1.738688179611503,-0.97183255966869,0.03606289465381191,7729.977455479049,1.3462784898797124,-1.3280217550413937,48857.07883008513,-0.6361574964926491,-0.43778968370096655,-0.8165079482875051,-0.33538562125552035,0.5902110875497169,-0.12526613339026707,0.3953015662046501,-2.0921062972833826,0.28916548493044075,-0.8704988415256508,0.09685986593851165,0.9222963724669544,526.8460737420235,-1.2722580021558865,-0.737344909276003,1.5307923099533922,-0.28007137385158337,0.7511642471416454,-1.0590823615269476,-2.0563325916710204,-1.810787034799406,0.4168032609498172,-0.3607633699447871,0.09594090358525756,0.9988116338907778,-1.3520467810526524,0.0017227929143580258,-0.14804572872909996,0.12707076258865804,-1.0133954335545539,160.17762033943603,-0.7515482922127873,0.6551806741240577,0.31903558390986386,0
-0.0606618078867101,0.5838121252739027,-0.5048364600051387,-1.0745021599680427,-1.3312566832226878,0.6119270447773394,-0.4389907671056721,0.610017372919126,0.33027890494210804,698.547650638154,0.31474662602165177,-0.2802007724888916,27514.621698778457,711.1366084342388,0.11709467325823948,-1.233330071669787,-0.20703135959095073,1.5742195936099577,0.3924550194543323,-1.4703936630469854,-14909.33234966274,1.4737321253638298,1.1046525722536569,23145.641202492006,0.2895352177406842,0.3155419195023669,-0.43405662159762454,1.5104446571936163,0.44672065127533206,-0.6320928484485461,1.6765185531199718,-0.38439090315397423,-0.6050649496112831,0.18061412806995164,0.7041601803559445,0.041250340714386435,567.9494330055388,-0.4769302369597382,1.279005471019396,-0.17418615850702673,0.0783147255253942,1.7433989947301618,-0.9747490977763147,0.2675026486202299,0.5870675889462563,-0.6273160396351986,-0.2241643343806987,0.24276283224254402,0.5245575784069362,-1.1075830126664723,0.0009002159027674389,-0.24509734562806515,-1.706123621983378,-0.3115334919338714,65.06645267876728,0.2927894173608423,1.11118309643563,0.30535210908643334,0
-1.1969772515145953,1.0098284327979448,1.0422016218267254,-0.020325542161181247,0.3333753925982365,-0.9162326866824763,-1.5116408899558946,1.1139705873074823,-0.533962509545668,573.9912305850497,0.32390580560824633,-0.30262800541751794,68996.78952571172,599.8952452254264,-1.0357993474384988,1.4475710749975814,0.3277864590478701,1.4898358083510326,-0.8939758491980567,0.49981270542181944,5633.162581655281,-1.5256392021013447,-0.1505488384201646,84430.69383089065,2.696860232255083,0.19111254834232008,-2.039173350217216,-1.126745336599901,-0.3281280973483982,-0.31550521392324515,-1.1459445283512917,-1.9819222905256821,-2.3749611997712,-0.3189528691337551,0.7516879436096098,-0.5773829859624601,530.0752086071813,-0.2891462916555787,-0.7092607232825481,0.30573178515764693,0.8525583203384757,-1.6595869748460472,0.2569313004565884,-1.2381554876674898,0.7657685326076004,-0.30522769073591666,-0.672597272254782,1.6717523164238086,-0.5379436975814803,0.7851090590571929,-0.0023876002035718704,-0.134984582555352,-0.3087090613025999,-1.3019730676146402,39.808434995490416,-0.596840764971428,0.008822161285356851,-0.33818450562658686,1
0.5401877344412985,0.474207766203697,1.5626932513872496,-0.2758227526558722,-0.8842077257483151,-1.3546295709130634,-0.40245343135824524,0.9520553991874439,0.1436387661405214,663.6739481192928,-0.5480333826665632,0.5421377296380947,118072.26459596328,748.4403763699632,-0.49185402757288477,-0.26327963831791007,-0.9276980540185995,-1.4393326914081728,-0.20513699221168,-0.11866897177051423,-12098.248966273826,1.2544059126027889,-0.6215162043771034,140380.23606536892,-0.6883367759607374,0.25811635683293227,0.373721764909276,-0.06117546882217069,-0.21006601418341495,0.28590182072457476,0.3241134055381494,0.13459748569411045,-1.094300934424516,0.7826125176983,-0.42970027539498473,0.6560905171907647,520.1815129290595,0.49248786252702004,-0.8907639703982754,3.728703460913887,0.5995470240961984,-1.7798733225164722,-0.22659999867485495,0.20060142476358017,2.821088889518829,-0.2550094347578828,1.8096154528057886,-0.11604945381609227,-0.7463250055296043,0.15624703821451766,-0.012270265075897291,-0.8283482012323837,0.2829583610462538,-0.828584106296523,-77.80647397495048,0.49210008124934645,0.9665259538542926,-0.3358981940483535,1
0.18379777522903076,0.991427588756434,0.26965274273748535,-1.1221450743027346,-0.13400931684717288,-0.41277387715618274,0.9558572607068372,2.797710101721793,-0.9656285655340364,610.9698804320424,1.8193382820148323,-0.39552627973570803,58885.84144333077,678.299264795365,0.47683713018226015,0.7579090953046678,-3.3011074181892326,-0.4345878896956679,-0.1538201506350202,-0.8089504018541673,-16463.658067179185,0.3190436060660319,0.34565268374765834,66862.82978134236,-0.50698378206454,0.4692275389741223,-0.18775687943271363,-0.7043252594013281,-0.88085171734479,1.0927322142302935,-0.8245322627055521,0.13321508234734147,1.3803777427808066,2.0502855256965424,-0.6885305242550553,0.6077361719844337,551.5045267037801,1.4033242733151192,-0.08163294091553568,0.6077515101305575,2.0806192700019652,-1.9938343769619165,0.3006117905371779,0.07077360473779898,1.2195302830107195,0.06265680515498066,0.17351101206392694,0.1643926258715631,-1.1254749049530015,0.29965822421566557,-0.0004718646323920149,0.5426690581534631,-0.830651815436511,-0.5635225979673911,31.911032532990003,-1.973873546907414,-0.35715861408282096,-1.7856581652248475,0
-0.22536856280049367,-1.1223003334368171,-0.3746638460309197,-0.5776926123498756,-0.29331177780591194,-0.7016408270847492,-0.07493855160439233,-0.9871095357539923,-0.7469100858745223,631.9761838274231,-1.8889453854005744,-0.8690966392154474,95612.96244048045,733.9508266776534,0.9082470251795888,0.5321811471814494,2.0000170755438917,-1.5457165528012542,0.8557336390251932,1.712164859267275,-11571.251014828098,0.4964658171335342,-1.1800427892772125,97220.58001976492,0.09332815811108591,-1.6794518033733195,-0.19817347997515258,-0.09232621288594006,1.6001756224335533,2.7377970621607335,0.41008402382005804,-0.6552245868322789,0.7724032281026659,0.6991641936689909,-0.5173803258975257,1.3606804238142487,506.5651995003992,0.3550973106472188,-1.0775266090706068,-0.7496526419647921,1.7258844383673098,-0.10538139268928436,-0.6486266206496867,0.414430278038424,0.0935431662316208,-0.35442785950770467,1.6112998980124078,-0.08129188360713671,0.8270842159715401,-0.6263418264177838,0.015853387647082096,1.0561621505104304,-0.3181169040036955,-0.48610313866320976,54.80280280438333,1.9159969232302023,-0.8560756263089428,0.05817806505079167,1
1.1586981715456226,-0.9114329351026501,-0.6494946840219916,0.15133295652003131,-0.42468054183207443,0.2759317749761849,-1.2417640059695159,-0.30023042787284354,-0.6916820877643657,504.6862714008106,0.3636357236514658,0.7034171612467792,44619.079564231506,561.9594752812257,1.7864867938319873,-0.5649940347370324,-2.3800067759031993,2.1396283238205065,-0.029208527074157824,-0.5276489705931281,-8127.508399220943,-0.1068769094202175,0.8170269616528142,55589.93395502475,1.3871346129406643,-1.5997334808005317,0.20242413747802296,-0.4835538028887106,0.2582919496648661,1.023677380702228,-0.1661118832831753,-1.269176704779822,0.16005367978817625,-1.0154770682345104,-0.9500580640862638,1.6783047128361301,506.77838607712886,3.107897178167437,0.3754976102128561,0.11081993616511071,-0.2986276857282653,1.8881270824120897,-0.962914364051117,-1.3360626465945924,-0.1496405820987738,1.2460113955663767,0.12910242511259243,0.2708933730791298,0.5667544934166439,-0.5689302373446696,0.0072733078066468315,-0.4044956941548128,-0.7058777746623195,0.5548638699103149,-105.45837221625686,0.6093038682819256,-0.8891545832222215,-1.637067938257924,1
-0.904830631970322,-1.3914284910942571,0.21894765497806976,2.068743516651946,1.6381565817729018,-1.0422209675934873,-1.3629068137548948,0.31433180596305005,0.3474653228733101,594.5540562803222,0.8574965089531565,-0.5622480439478476,77063.92326141348,670.5548225694084,-1.208909219846189,0.02033598356892768,1.2526774305743331,1.0306365525780468,1.8255994135002864,0.023660141542482645,-19679.003033259243,-1.7833488734436695,-0.2611968665738608,91103.12821110876,0.5174196956472421,0.18711858543089518,-0.18004362706621851,-1.080767274192725,-1.1389619292076452,-0.401424339339706,-0.42785736335456037,0.5596859527872443,-0.0034976221562990593,0.07592644693490774,-0.9097254799068134,0.7675212133581439,403.2529696616812,-0.5319718004504728,0.7567295613231584,0.5992396478236082,0.9736396358629716,0.7102191203033853,0.8142767577677503,-0.43126788634155294,0.632795647341139,0.5396358934906338,-0.7358045956035716,2.1618000735877083,-0.1751591934724603,0.7371383650934279,-0.020337166244593155,-0.9277303952841893,1.3689086773623858,0.331965659793943,-41.118945621547994,1.3094898755262778,-0.6392182835813651,0.698952950356148,1
0.5077018519260832,1.573032697398607,-0.10000562769974274,0.00674406806516048,-0.5921377951288284,0.7257702305744923,-0.15475078456693137,0.21773315315742572,-0.39131983204814436,561.7745195129216,1.3583913272012638,-0.6102821197739884,70441.43350088956,625.6094784480778,0.9310338609744571,-1.3537887901056525,0.718257461617782,0.01702759642722497,0.5178264285821446,-0.6071041129138464,-9378.162670725782,-1.4662061055520412,0.21577877178394955,88480.05582342601,-0.1868334671354326,-0.8570602327967627,0.5828723398689724,0.6581185322424762,1.1174406183606989,-0.937636463808496,0.7062032968994848,-3.0961309183423307,-0.5636627971233968,-0.2978329167900068,-0.21220895214535881,-0.8482343822450122,478.70864131920445,0.14957603664248517,-0.7764264982656989,-0.037853079459354275,1.9344031425283208,0.5119119458309266,-0.1644396306506004,-1.0221386164641837,1.9155425614832204,-1.1640146929167963,1.1404138136632667,1.1599686307194723,0.2780855596061242,-1.4000902521355127,0.0026563359023419513,0.16399105644393835,0.4422519123245109,-1.056023694554587,217.20031148323335,1.6470234299570414,-1.1719301343961628,-0.8531216650947331,1
0.3517797219122707,-1.3992280897582656,-2.6779716867272483,-1.1854254472825765,0.22794469006636456,2.0361899004730057,-0.2644488788798179,0.7887106687208375,-0.28870516441059885,578.3000714603655,1.2813852000956216,0.7776586467281881,49907.11322152568,650.9237864976125,0.25945209078096815,1.049881609091609,0.5099025319199161,0.19136297123155802,-0.9391187874814888,0.7946179914858924,-11622.83813676587,-0.7739860289921707,0.11065564675569355,51977.60467580428,0.5467795616381319,-1.3817398194297967,0.14987943117937705,-0.7861622358436553,0.40796266320700425,1.1700694785754326,-0.61237903031911,1.5040997738474409,-1.3528277128845712,1.4820725468526181,-1.2419224097603976,1.3482765954251992,529.284878486204,1.8030329204874636,1.583044478061389,0.08386557194310083,-0.2042215283873659,1.7661282573241872,-1.02305968457329,-0.1775761855195162,0.5553436918935346,1.3838825258809542,1.0730163910721984,1.034772779133613,0.19831436154425522,0.6103320541143591,0.0009599671579813597,0.07534311524397813,0.9164304147763992,0.9301076110225536,211.99538427292617,-0.5208846303812288,1.01645745127526,-1.7460338141117713,1
1.092861196763264,-0.6560170756521313,0.5164221346076825,-0.498806117036611,-0.9831658038913306,2.2927995096110307,-0.055820681244107585,0.36549788184834864,1.0804648410407365,482.5292097841404,0.8976479110661452,-1.2891896928308042,28032.5565977745,543.9709748531349,-0.6316519147823749,-1.050276427501021,-0.0613051594286096,-0.5906032934978752,0.9750537948682395,0.4194808683408176,-12684.975639462638,1.0817743997919702,-1.198449229489837,33577.90380172376,-0.9165286851564591,0.5046906210486244,-0.1369712766192026,1.3882521829233656,-0.4044923342824602,0.2719411896389404,0.10534831486358505,-1.515622871706052,1.0504516760031888,-0.2920938538243417,0.6346591573772958,1.292109219632471,468.5210416300034,-1.9740286223750616,0.6575192007449105,1.2731956632454724,0.9111507656987123,-2.961814639366125,-0.36288026852781874,-0.9154666258650732,0.09019223367718561,-0.18062104816008076,-0.07412275152802789,-0.08077107833732158,1.6910197095714654,-0.6381230779900217,-0.0020675639393924255,0.8664108598150122,1.3546892105158936,0.7500515493331381,62.204400793500206,0.26385702144555795,0.00161034573187077,0.5300964877961803,0
-1.8939906702874825,-0.386997287065688,0.6016920278781028,-0.06466578893388428,-1.1563998519657557,0.32393971573258273,-1.4860130264893188,-0.9532797027099078,1.0196104464232691,536.3001303309417,-1.6049394600204823,0.21183432926155013,45646.82880510476,577.5225086132388,-0.5024337877207503,-0.4721932761896274,-2.2554835403294344,0.14999627234856278,-0.4881707359667376,0.02746859842398891,-15559.385885871257,-1.4632252796759906,-0.4748061274553278,60222.70783243677,1.226930438596952,-0.8986980279536214,-0.3968026369897539,-0.21677230586533242,0.308113369502676,-0.7345616195662648,0.6226426613923783,1.002058752610026,-0.9692857260941758,-1.2202639060235099,0.3069708273801777,-1.5187471251624998,551.6877784627136,-1.7504468838607614,0.3430916342882918,0.24969898024565834,0.02465904904904746,-0.2733993923394485,-1.135069721436068,-0.2680071964770927,1.3370784400174949,-0.09300560596027552,0.777741535034312,0.5294455028013411,-0.18857184217899592,-0.6703204246956262,0.007167663357752838,0.07303578071754117,1.0159262719625202,1.0173405460869192,30.85001651495467,-1.1117031970121316,0.8001063060126715,0.9904279346154142,1
2.1522207672989486,1.8760869707731482,-0.3914170136540481,0.24801669199050033,-2.0800019751813967,1.4328558744710604,0.1850154625587364,0.019242119689897925,2.192643413332671,627.7675764933899,0.6761755388830099,0.42160900967764986,24172.596182823978,690.1703751129687,0.36406655535014976,-0.34956503480682716,1.8218929245804283,-0.20043282686569233,1.1011193431141146,-0.5720525589686308,-11525.099718851265,-0.07145420141082948,0.7740618412397055,46324.56292595607,-0.16261086368691477,0.5858200710011283,1.3144352702756048,-0.7627473766061743,0.20738863898253757,-0.20401471779821492,-0.154959320882959,0.18379429203820838,-1.5695820973711618,-0.8788939133647907,1.0565915655092035,1.6956892265314383,536.7300001934174,0.6257786868912623,-0.2846791824244864,-2.312048952047287,1.2492916814599704,-0.9609606818994211,0.04491659253272374,-1.3386690444093632,0.18101295244917034,-1.5594523452105995,1.0548033731300697,-1.2929706485565389,-0.05169731494787888,1.4724192072542766,0.006035716948837998,0.3246833392334269,0.7919909549733481,1.6854211102699217,46.04124415362118,-0.697301392127912,-0.5416053144265452,0.22664086422423863,1
-0.5596538604108383,0.9020270889761123,1.4583706567464978,0.3591730842579081,0.3986695944086278,1.5346438412348682,0.23352138922182422,-0.512203919160488,-0.09806954930738221,640.1723140829183,-0.19849795574359294,-0.3164250478277843,54886.54932033179,693.6232040926528,0.050473104506255265,-0.6992780290614938,-0.9346374232357091,0.6965019180820755,-0.27634807330271616,-1.3866721598399698,8619.271868925669,1.1147454581173153,0.2009005427792372,78743.86730480187,1.2984918121271736,2.2220957706891586,1.3943411671575545,1.8286123582697673,-0.40073420437068347,1.5058464995413925,1.3300351038913003,0.27087196934913704,-0.8021844372073181,-1.511563814319905,-0.13268249808588276,0.5188126315265584,557.203280204181,1.2245487582532248,-0.06833844934792661,-1.2771066228094532,0.29940151211688915,0.1393868610607548,0.3101238127629374,0.1109389457476821,-0.6576712626813508,1.070270423801912,0.4231813944435963,0.6112541097903025,0.23339401865394938,0.5565657022340051,-0.013070264732224866,1.0305411642703315,0.1682236538281537,-0.5073830512296975,-65.14192236353222,0.7420571969615688,-0.12362886201691574,-0.19681567402121047,0
1.2917279356397082,-0.07806389187507924,0.10302317525056182,1.3571624572381933,-0.5629587679575584,0.3529416775261046,-0.7587987679162412,0.207850957767007,0.27890165015715523,590.92862799548,-0.17267054844286334,-0.303970097121472,61059.196370546466,656.5998611063912,0.4956317550333879,-0.2375920121703972,-0.8100067528675343,0.7007296493885335,0.11308484297694915,0.8350280240596877,2257.117884830458,0.690393035294299,-0.5176768491692644,68313.79166489851,-1.0439423984961613,-0.4302626591623341,-1.83776356652632,-1.018568059874871,-0.18172823096407648,1.349404181345074,-0.6184079205015686,0.1563204890984963,0.8203512819959597,-0.7581799989333429,-1.4234425709230925,-0.4440613979282923,444.0454971293534,-0.21129678904336213,0.44083302711778416,0.03797150748875063,-0.43816274319900245,0.7572564728306128,1.546863781481183,-2.087503677025723,0.11019648874798886,0.34521375762392537,-2.5264736623051083,1.9402399973709084,0.8555462697083638,0.7538003095876441,0.003999839008655857,1.4801424308063986,-0.7358524925519919,0.7295244040886772,-138.4035593519438,0.37687865893220274,-1.8110912086710853,1.1284166417942973,1
-0.6949963579759809,1.3514541279912993,2.148623419230615,-0.2757893863358701,-0.12188859912847738,0.17245359150808034,1.099428390090186,0.5615640276797205,0.4127249301503181,573.5032115184997,1.5423894984572344,-1.2504978848630313,85986.64478619513,638.8702887872589,-0.27713390290113865,-0.2895374470737988,-0.6317936285793286,0.6328016862344042,0.6000339951622902,3.378923417076782,-4863.2590407664175,-0.8049183554911066,0.15830748240983664,101153.76892041542,-0.6595937097377387,1.3771445688539612,-0.21295121291267435,2.7118261062660354,0.9849557207429003,0.5387368020422693,0.4056240068499308,1.2274239444132138,1.5456709783485638,0.17060393053932507,1.1495441134667501,-0.31010941708416373,453.24571717116555,0.6809432939030517,0.36743090532927575,-0.03729110728431662,0.11086252348371,0.2585115825946217,0.06723316937874019,0.5518932869401844,1.2813167561207037,0.2532846524695972,1.1804110852947647,-0.24051161640469595,0.4475225140815578,-0.9617564533135157,-0.0009085757244563161,1.307900753740625,-0.03631745687576564,1.4856236760910086,148.95355040232562,-0.36617939160442137,-1.679007187104057,-1.0822985875583309,1
1.1180332289613293,-0.5430197000056668,-0.13931347769893376,-0.44944027382968904,0.954011205505008,-1.0434477414899317,0.38771899802662296,-0.5845431843206595,-1.4138221093700027,592.6897815191611,-0.48740227903264305,-0.9199636763160054,83232.53077206125,662.2586714845274,0.09760175228291602,-0.9199897367612523,0.8212936761006808,-1.040926760376734,-2.3927660046861634,0.436684376997125,17702.27524522203,-0.5910291076763542,0.7654048253009651,93447.3799369784,0.42925990060740205,-0.5926688360129571,-1.0906608002930285,-0.3380221079275107,-0.13980709258016324,0.1419093043570321,-0.45467055207418283,-0.1707486413633102,0.9272802344071336,-0.39824325715817344,-0.7063704058902311,0.4915068132819711,542.8791240198759,-0.5279425846156165,-0.2071965907069055,-0.2496893524117294,-0.9506154861052791,0.5219788392197112,1.0118475305211307,-0.7507316903261998,1.3680430510250343,-1.029561523287415,0.8584985080961716,-0.42378485485903117,-0.1840952660299809,-1.1111305671351381,0.0016874470809585874,-0.3146738490254843,0.45347182005794795,-0.30541745151372973,-23.66984149304232,0.03604107494693435,-1.1106425000828704,-0.5532179927450559,1
-0.5931430249933963,0.5930046270006906,0.28200772133198626,1.4159840820822425,0.24165297637087546,-0.32584573410541834,-0.4701094523206628,0.12840092899076336,1.3132876095104202,653.8240334842448,0.9042785503634942,-0.3384822418448721,61138.46404240624,727.7162488638112,-0.0003161140057014421,1.0959549533412278,0.5223041630446196,-0.7263392620071861,0.016806603138136728,2.3951723841514534,10907.427135485306,0.34740225870727515,-0.04293697746058919,68879.9533243464,1.556869717546656,0.6518487560454327,0.29973981683997397,1.0978945655919417,-2.5084148991318895,-0.9220895308889848,0.29308851212139886,-2.2822091753962708,-0.255203394242178,-0.31465394280163994,0.8046925590912088,0.41937813346416825,545.010641630527,1.145005518859703,-2.0262551319269675,-0.2052306966284578,-1.1001385373209829,0.7628291904636354,1.4064214124935681,-1.1231912040785605,0.1396162378624366,-2.8452299916648816,1.005297775797926,0.33303050119546773,-0.8489699887969834,0.5772047507164453,0.014559746120325175,2.7712223595691867,2.324508011597555,1.1063661832326404,-54.80683532764564,0.46691595672257563,-2.1616211051139587,-0.4495728145918861,0
1.70733464844622,-0.3483653985521773,-0.2163021780037871,0.5152623521558914,0.1468556683711743,-0.893822458845981,0.3953046745197831,0.6409616756851977,-1.623699864186564,619.4962219654761,1.7010062370748817,-0.5596352942953661,60470.75945243008,677.1217568753815,-0.11038771129078832,0.32851687826298287,1.141459487773362,1.182264126081171,-1.4314284994313988,0.13908944331425388,10731.692153411337,-0.21774192761082553,-0.5517418562050418,53678.43975427452,1.0381906971473156,0.3846371288389467,2.1157466696285536,0.48220481055426273,-0.5213585369094514,-1.1905137566093005,-1.2326545662891446,1.3962608329555266,1.197677899525233,-0.8799017493088328,-0.2968029952859652,0.010162759837666699,464.3593611999171,1.2748830413468322,0.9999443114949094,1.3138475193630443,1.1079850215913574,0.4422571701513574,1.5235293828631875,0.05253711486567224,0.6341541627256154,-0.7925256787460957,-1.1837579877786666,0.8575312092464136,0.9123641115493997,0.41965426934199723,0.010684260304068953,-1.7833127858104585,-0.3032609960996747,1.4584035203893286,-85.00814284312942,0.23919367576886688,0.2103369015153699,-0.06800125702974608,0
-1.913812347388313,0.3125799376574452,1.3014631563011911,0.5536953910672912,-0.09867489605080514,0.3179904594530283,-0.6653921509353525,0.535489968282189,0.7143161613819304,714.5085588561975,0.6055897647460277,0.08907558050497526,36515.33502751534,742.8924237249715,0.4498908307902225,1.319823376263241,0.7517088240140409,-0.23672066610446146,2.3417795912042445,1.7077702708828866,5126.367279752238,1.692109127305628,0.48872915740267986,43506.0157283671,-1.042453497153646,-0.8421543402323859,0.316817908114539,1.5023474718895586,0.6223452068682258,-0.21124996083828843,1.0619351043164262,0.906694370371929,1.0253816526226927,0.2953001693797316,-0.10971237631906776,0.0459255908069709,526.8758637578227,-1.061746096753844,-1.5692852195447378,-0.7296747994335224,-0.7333109880432088,1.2511892042245065,-0.21459939712453885,0.6383862925725013,0.6087185495075663,1.8092496898548194,-0.23213175283683873,1.4569887319632722,0.021411482894490286,0.20344505109875943,0.01106651467186769,0.4353801462952672,-0.060199479179145525,-0.6406122930547098,-52.640501182466956,0.21575781047032713,0.916126503626085,-0.06371843305634169,0
0.604378311620214,-1.1705835848152093,1.189993497787544,1.6325773320825014,0.5760321222283858,-1.5783168695698016,-0.36852743846718056,3.4039521893825397,1.3372706352174721,523.8504478057968,0.07718081673658614,1.1489330725701146,52939.9971968858,559.0983767252651,-0.9524967075173797,0.5340538521306955,-0.7445629105429996,-0.713721939956929,-0.9411332837396393,0.21915674182447958,10593.432131348985,-1.3436228018404464,-0.5751961064747791,69617.96322311886,0.3891436320502697,0.10007193722777648,1.7034189439316505,1.1263563949565898,-0.08654453457535442,-0.8985793681409265,-0.6047300614617326,3.155313599952432,0.3580868971123293,-0.14702068163388235,-0.9979808583230542,0.36395523656534634,534.1158152014739,0.08201486002851809,-1.4628495480615415,0.7771703694526317,-0.2097824546175508,0.049508312383966524,-0.09486322091743456,1.1226327787387842,0.35663073115862204,-0.5245880507485043,0.34298536181658484,-0.1599188561711064,1.2692165766684813,0.6100912063757925,0.0001312740304250136,-0.5632897074461555,1.560688920777438,0.49969220603769593,58.84840467621875,0.6547531093134646,-0.18584298977373911,-0.561957159760381,0
0.13394204883224395,1.2227290393921035,-0.02698199034243768,2.2506801749568854,1.5288011185134205,-0.9765310282600844,-0.78833155278216,0.27546831042607317,1.3826382675999471,626.0498896653389,-0.15223887958681948,-0.36264953174775727,43659.9510795778,676.9370062625042,-1.6849399161099763,-0.09840356270862083,-0.10925766511079262,-0.619848072418799,0.3604109531972047,-0.6684932746682954,4607.779666090192,-1.3039396572436217,-0.7810598113236581,58182.591448412866,3.2523057121960446,0.5531079054195873,0.545700726124787,0.6262116420112807,1.2517150431774868,-1.0665975453126455,0.6090310487837138,-0.2571938246028735,0.49804458703662885,0.12300391102349571,0.8296345453757126,-0.4919203769809954,544.8385528936241,0.06206861791057204,1.3367118572204604,-0.7279882941446284,-0.5547010434980425,1.2419530299864745,-1.4195579371988019,-2.189324949860011,-0.6279922567782252,-0.9731801641944492,-0.596353674946913,-2.852434551391399,-1.0663573436826626,0.8028436995450062,0.010898099865207825,-0.9804569851604253,0.9851041159731027,0.08812012638244701,-36.45741526862628,-0.8579540422595585,-0.5730750864932109,0.9294588068995746,1
-0.3093121314610182,0.16924111231261374,0.6497568642142495,-0.7248346418086411,1.0610935837873523,-0.9692800032095052,-0.24151448176646634,-0.8638791466081143,0.05082699613815391,658.2527889441817,-0.36052989994176304,0.7655619246282006,26714.591685782885,731.4413040410132,0.07449192169539069,-0.24031809692332112,-0.5696672361209069,0.7965521356391595,1.5801964866198885,0.7074840846511421,-12409.356507411341,0.5108485558592171,-1.4982452797767882,38828.43061012312,0.8541408219017227,0.5150543516157935,1.7512230826952888,0.9730836225295507,2.47008516096964,0.24067416846424813,-1.0818746355336082,-0.35903954593453796,-0.5455385781606468,-0.38836238058786626,-0.1574276625469501,1.045587007599408,467.7362901554274,-0.7457123720944953,0.3950330081347206,0.4610968714796467,1.3184547276128333,0.4954757842345406,-0.2599958179865443,0.30303879785206267,-0.4042034450746094,-0.06197270066108163,-0.9809895304404087,-2.603749474557825,-0.03801512656576641,-1.407616053016139,-0.012515621344111659,0.9287150083420586,-1.1511531866956957,1.2233025680660217,33.14900339567136,-0.07870449312956546,-1.6191371376884678,-1.5567562194463789,0
0.14519476120869187,1.468220353507828,2.2033646743291526,-1.4183464114769833,0.5395136601462962,0.30734483935416856,0.27826157808986324,0.3975806171400662,-0.21988068501746058,646.5883535609536,0.33548082437792315,-0.9116268059036823,41661.37381807094,751.1672352961474,0.1731501925477079,0.7858107696829956,-0.23466284295829526,0.5126050064276781,1.6147461819986306,-0.310922313151099,6522.5051619534115,0.1411035677051618,-0.5656453850951182,45942.656586234734,0.5049339594898888,0.17040808041422412,-0.367020836895418,-0.26903496171344715,-0.6613778742306256,1.332884636289343,0.18528895169024595,0.9169360214315082,0.838002528937923,0.1240178286289126,-1.4210597924248025,-1.625296997958075,521.0964811812712,0.7029222161330533,0.5802182448929301,-0.6445788141769028,0.20655318248260124,-1.5757553441033922,-1.2223633920357626,-0.2509742302412832,0.2745814304350927,-0.8668911409375246,0.057295428668134245,2.7612180146946366,-0.9846576025452284,-1.880344540157537,-0.013424246250520674,0.7618802626416272,0.07829711657342388,1.519816163808032,39.20071488065446,-0.37441834003791674,-0.8740008649872752,-0.4592419225114207,1
0.09062119264860728,-0.4374929958002816,-0.041203810240533524,-1.9142707405373942,0.15733419914490115,0.16970958402811367,-1.4135059549185507,0.7474454932878732,-0.6863573988168774,573.9627594330037,1.8415376141870443,-0.017821660215831484,66129.34416244652,643.5732908434237,-0.3442664424758314,-0.19362225349335332,1.2709429262366774,-1.4804499999676328,0.8504507341715176,-0.026163017213990954,7574.046805778257,-1.4441390846005127,-0.13199105838835143,68828.0308458124,-0.2776036995579349,-2.502017170120768,-0.378453538504519,1.542713240160452,0.13587417564832568,-0.6402289396173967,0.35732204337638773,0.6097678057449231,0.6146181472539474,-1.761595735480819,1.637696553715521,0.025366800750677945,423.3942747372731,-0.3813264520687406,-0.017946151593211286,2.7204793608466398,-0.18624605521197907,-0.015375636157550244,2.1355237801098093,-1.6356434446430386,1.9957973013410168,1.0906248341445646,0.33300633824266046,1.8163029302604194,-0.6683737197990027,0.6031269208072728,0.0017376520056631862,-1.3127545751818996,-0.552034819174489,0.03378982329268167,5.79201950973198,0.7904865193393941,-0.27187168592683597,-0.8216184236070885,0
-0.4989757469206398,1.152932779791948,0.5732551396365881,-1.391777796989818,-0.6774102056552991,-0.3374211426677315,0.41501615325064406,0.6666487751532093,1.5231807555300076,629.7155825797246,-0.30792583227849857,-0.5112081890390615,40298.32603636183,705.2307560827909,0.8547278025344159,0.6212063047244266,-0.7849581213852326,0.3800021656958924,0.6580594843865454,-1.1823003313244205,6459.175146565202,-0.5607146340536127,0.682910538081151,53293.32767793732,-1.531895907017096,-0.7902183105269102,0.7379208904314314,-0.790682343958224,2.1867617765150054,0.025358104337408576,0.9908880428266101,0.43171839149431696,0.9925175074091169,-0.5207919233763091,-1.1588057982894135,0.19755268995531322,480.4176349877055,-1.6799124324937402,-0.27575655869485083,-0.3271422511430745,-1.0490119866156098,-1.0174047893451221,0.645680639057092,-1.1483762025481705,-0.8265573863335318,-0.7233769074328249,0.30945419105058164,1.3264954241359665,-0.9603624382280105,1.3838614548206403,0.008516456115393038,1.521622888201537,0.5831040849372485,0.6425693075861982,48.73752595137418,0.24879009341688252,0.5760135585070429,-1.2768254221433768,0
0.8322077520164516,1.2203243970928763,-0.33164473207005785,-0.13878578027844565,0.08909231836194506,1.2243720671729732,-0.4793396536852511,0.03451278194033601,0.8283848003608214,577.9413656610627,1.1998410140197246,-1.0591624392142216,24175.64720205631,637.1272367114212,0.8531419393613594,0.1900567505297823,-1.2316970269599037,0.7177846826385254,0.2565821235915717,0.19076973877334877,6264.555733045567,-2.541457354527878,-0.5348877333774679,37694.9659163078,-0.2833690720642113,0.4147062883183649,-1.2974616677775106,-0.29590592950203753,-1.0843901874951036,-1.8372713739353799,-0.002462528273739915,-1.1946218824814574,-0.651878731509988,0.057980516421888666,-0.45024492648912,-1.137267971199102,461.6284502527467,1.0351052840818558,0.3875159783492372,0.0071880584747713696,-0.27797552409138543,-0.05411789318890702,1.4376558656239802,-1.626683530434438,-0.26246640496078555,-0.4933915788697202,0.23096719406978466,-1.2856087569371288,0.18148867769300714,1.038325530651509,0.000987257000643927,-0.1526683738373056,-1.6979751179577292,0.0052566268968411685,9.444070964273763,-0.14993395482357563,0.35445320490376164,-0.5655622495324233,0
1.2834113477030122,-0.26733731408116773,0.49973462412249403,-0.2673190528863475,0.3928471864690775,-1.5353658257046041,0.24029230763272635,-0.12430402135962858,0.09836261746264341,626.5150796269999,0.20847174106980726,1.5058125270910783,80312.59073038168,694.4355564186548,0.5301257298211386,-0.10125524098728196,-1.229651278800762,-1.346383918534074,-0.15161529913706073,-0.0457843910500549,-472.27988265493354,-0.0462524007006955,0.2529829417313888,99579.06794448875,1.49100977846695,-0.7524683212758836,0.943528214101667,-1.0301738749777558,1.2294218053993426,-0.6252592166651542,-0.22594224730017964,-0.31826652842927006,-2.5801328786366096,-2.167873167143335,0.750864359820196,0.23763888414032053,473.4355616254612,0.8016111957234681,-0.5094111285276353,-0.9912765829191574,0.7247237119892423,-0.05639745505766539,0.12888408753970887,1.2894645976088464,1.6155496183327167,0.5776566390003817,-0.751455232261851,0.8261559970696934,1.0197141337733706,-0.2658156930514872,-0.003675743885699749,0.326775359460471,0.5967141495822342,-1.6029248618647898,22.856662833524048,-0.4380344150569356,0.8377053238888378,-1.7519635149999515,1
-0.24828359269953154,0.12446269385264669,0.9499198295369565,0.06423286372067083,0.8090175474398674,-0.014628099994241441,0.12703331309206337,-0.31741380084713494,1.1995101715525638,646.7730145027427,0.09626404282034881,0.5789045046187202,44275.83869087181,791.3397557198905,0.49602382321191885,-0.5083313204099041,0.9427616724199935,-1.4594276182660146,-0.21382977522744692,-0.11879548504985406,-2797.400827383118,-0.567889594466888,0.564204350192435,60528.93042716103,1.0305016921164274,-0.1147594278494394,2.5515998213660187,-0.2739539331233618,-0.5682269080991875,-0.06269108126625848,-0.37508291337880645,-1.0158528038539671,0.2975501400883199,-0.055989738943101094,1.1425152812479642,-0.14768200930485006,530.3472791096946,-1.014902792262317,1.2155809428992546,-0.2847944109171048,-0.9068879454193662,-2.7459784954024076,-2.199596443802818,-0.9317413563460082,-1.1458992105143715,0.5945170317036879,-0.22651850555724376,2.326180620317113,0.28103482056630097,-0.5176050544271039,0.0009924109634675046,0.4679829826873878,-1.4320175137572686,-0.18737243560005404,-66.24531748235142,-1.249767730970263,-1.0853496541386796,-1.3583328521643925,0
-0.2415505451955387,-0.39296924606634476,0.8486039862538161,-0.4620550442439629,0.1727231051626635,-1.2039718793561986,1.6930859357875192,-0.0530854147929102,-0.28669417115215906,455.51968285438744,-0.8424568282768368,0.15040301815634252,22686.66628299823,519.1982939143752,0.5378001649673273,0.28597017891599313,-0.1964824142411543,-0.6957887571693749,1.3308924234158652,-0.479196948502189,-17972.488060863754,-0.2045414326538168,0.6797266962284103,35127.60756207467,-1.098025521095847,1.2585815280027577,-1.9063867759904252,0.13133512420496252,0.8876267619356292,-0.21141264857880893,0.3489540708457743,2.0173664613895412,0.6161930044833595,1.5013454447210635,0.18523645118084817,0.7668607013206815,366.88473175399974,-0.5586791986361759,-0.05495966680405545,-0.2799504308773197,-1.1279905475603609,-1.186430802936586,-0.40160796446673735,0.22068009880054684,-0.0007302773293635445,0.1909511845015126,-0.6465618888849213,1.433897293816855,-0.07292537727583549,0.46313642454600834,-0.009050029317200742,-0.4195180924116692,1.1248204611347223,-0.27803323881533776,-27.66250636718613,-0.44320921606370167,0.02331881771109557,-1.1513419176032458,1
-1.310713243077817,-0.6785571183711171,1.0532033460377406,0.5322146646556076,-1.9836306331351274,-0.8603989196930654,0.9860235893812752,-0.6727899381960722,0.02543315790767446,569.4270075185987,0.0799347676046111,0.16908818235545658,68533.56418126432,664.427273285949,-0.8711926448970451,0.35789949007420646,1.4504032803867724,0.5151870545082825,0.4483343714909541,-0.6865879750187797,9534.25495312475,-0.8488350438713137,-0.5356814362325469,75034.09633562493,-1.5203987603681115,2.3135619016968594,-1.2161570249874054,1.29701499141569,1.4027603708251366,-0.523374407060411,-0.017948944435672715,-1.0141756395398838,-1.8496800514848641,0.5966788632665877,-2.108219820867237,-0.4295479253465669,492.93662187630366,-1.5872279344980682,-2.0578394920037804,1.1419572433625047,0.3806121256201687,0.42270038862049647,0.7301994884678427,-1.2542174834188473,-0.5301532236862421,0.4052507117745577,1.5183018240719075,-0.44952429976250785,-0.10868197891466742,-1.5605543801752213,-0.019402629688528763,0.02332214563718467,-0.47387675901864124,0.7145449905209463,21.611752600322905,-0.9458138016570078,-0.5431436112688864,0.303122802704766,1
-1.306508904013124,-0.9248804988715427,-0.6451184628096497,0.5469878540336345,-0.16236112117098095,0.03954825817195764,-0.5023718112316546,-0.10739449872742032,-1.698928685829422,546.0494236546432,1.6984906900241754,1.4181736497283297,68690.46958157363,628.2193394436454,0.8102596642957488,-2.0609244416748753,-0.3413808153236536,0.6915283754421014,1.2659471037037147,-1.4595730621023977,-1484.8957966837927,1.5747390045983727,1.0618716800850525,78614.55691267212,-0.7459746454036646,-0.455757045480867,-0.24472068427670957,-1.1651601023380904,0.8773963361021747,-0.05200691275225085,-0.6365103659299095,-0.24603324779261154,1.0138829541358962,-0.5429301248713384,1.4222399491750346,1.0058699781441502,435.70642972637575,1.299465877833354,-0.08495616142322167,-2.8486035350113736,1.9988816618780278,-1.1464383689375912,2.2401756314150068,0.13184134635218622,-0.24244926582963258,-1.2484066958585276,1.8560345663322482,-1.4179203614493163,-1.7765817998349547,1.5805054931632367,0.008150439600168879,1.430977760966472,-0.13393580387008722,1.2091243136265828,-197.6297540105604,0.6065726507874631,-1.0281112760277997,-1.2221581497179652,0
0.8228268086132223,0.31820876601170717,-0.5457395522434743,-1.1137221696643906,-0.27969246478804805,0.8572396486792383,-0.915749921930811,-1.0344799715791975,-2.1146883443145277,593.2819563101107,1.4638908024979207,0.0414449774051499,53008.11947016876,670.1158653254772,-0.3402813039501414,1.681226532450815,-0.26689548199996926,0.019020636353380593,0.24364824024323536,0.02363114946976223,-3538.203046777297,-0.34127605414474865,0.14898948219287844,70890.64972716778,0.7363980649714132,0.9455604139437298,-1.1643132392205866,0.32345717859200646,-0.5059214673552583,0.8584089866422355,0.3141957895263413,-1.2543908468680536,-0.11983958323110035,-0.11704534189571654,0.20873409530885537,-1.2849791321097932,526.4978656455114,0.814902871756345,0.7130426318091763,-0.9725761063386195,1.6405579424563983,0.015341285626732976,1.0622444714798975,0.06585850472492996,-1.880324784623488,-1.2648761991388946,2.0291667889439298,-0.2638789199051069,0.6899823899961343,-0.8789348327902342,-0.00626681984485428,-0.6936408186010045,1.0048985021754495,-0.48482328558649923,66.51105203587663,-0.2372695377693495,0.0799780322469342,-0.2995928127367982,1
0.6223119105098406,-1.4607747132081523,0.24758842760294045,1.5238490430877147,1.181849477186918,0.6398292288587896,-0.647024138708263,0.32220639908003534,-0.482769809770146,642.4960191260428,-1.1725109428640808,3.0847509356585716,34747.89502965179,671.3852671533137,-1.795277517821782,-0.5879826502428144,-2.817569192153825,-0.015341754356204313,-1.2663927354176838,0.21601844407836096,-17906.554423022753,-0.8410529861291549,0.3483024600029545,36069.92198481769,0.00829893234892359,0.7324141064073046,1.2182995717939051,0.8548531164810929,-1.453599055734065,-0.9027219486261558,1.4289734973857708,0.5217651144524063,0.0997304087395414,-0.7585599125148511,-0.3654790764794856,-0.44770872601069484,480.47872462289683,-0.5310526023222553,1.194304028157355,-1.5767436634757046,2.0800779049306493,-1.4514033144882759,2.239697140385342,-2.339244076551187,0.20367228735880274,0.8497383557720369,-1.4524815911679,0.9557844139963934,0.3195440595238913,-0.14712101004436098,0.004413008506961124,-1.1446043063528588,-0.08479651946976847,0.2181082372732739,36.85288007174979,-0.2625614909864361,0.02648891043761616,0.29318749343781864,1
-0.35101271849958365,1.0456148544451218,-0.9279396077261723,-0.007496225104796027,1.519946855803333,-1.2146288497648488,-0.3094935579853192,0.3077139264477377,0.37098944233890685,587.6984067986838,-0.8305753370102935,-1.2018725326009072,13200.825313992878,627.9884673593541,-0.3201347523699085,-0.45275785968914334,0.8794357936262046,-0.354171688991825,0.37628545254045714,1.8427760112358909,5860.66895733072,0.8819051686625949,-1.1819427349648286,18697.473558934165,-0.5270354567666252,-0.1991025484363377,-1.1263152901471907,-0.8517873399955856,0.3853712296073593,-0.9740246775350497,0.11537776517176004,0.8168401423297283,-1.5668410512386235,-0.11925480525813968,-1.136364322672606,-0.8507691695936935,498.5976032396655,-0.4026429300264324,-0.2290715326917215,1.5102331623435132,0.727420929329214,-1.8483702048020805,0.13195238647585353,-0.08481971365167869,-1.0761500713517467,1.6775196887466874,0.4924206182247345,-0.7588302466944026,-1.1785660988656836,0.5998804503281674,0.00825324907428308,0.39172179234446847,-1.9685476969410547,0.2596513459324931,176.2791461832849,0.64619015042514,0.9596274573119297,-0.5651623910365887,0
-1.5750522064331614,-0.11233245850069952,0.9596364768522802,-0.06856427575220753,0.059732312336226605,0.09240214128553086,1.5498329964931237,-1.2885273075026855,0.8081172791605236,603.7520929012007,-1.889161536189878,-1.25028690094846,60670.64955779736,692.2023515409066,-0.42005351007076264,-0.3325619212780955,-0.9656047432413081,-0.2782038434004281,0.5636500175286165,-0.5080811355658228,13140.715699688077,0.17611264091941387,-0.5463563109023948,65243.363039737895,-0.9443376810996974,0.12626756540177583,0.44158339540873826,-0.7762986190356469,-1.2288955855266679,1.2694624787360158,-1.0883818077310699,-0.6614972692446962,-1.8369346342764254,0.8399275369776459,0.6306668731857551,-1.411077579805434,477.0669970220917,0.10955656046992843,-0.07874600405841886,0.6577138417115194,-0.8244199014137086,-0.3074656998710585,-0.7074429192915656,-0.09089428275967186,0.06974400695724745,-1.0169086600404111,0.21217617398617208,0.974481153116712,-0.7534552560345857,-0.40652000740468214,0.016493478071746073,-0.4593068387682995,-1.1870640006503999,3.184674403116602,-82.86444894681088,0.7828449813051823,0.2679152123672902,0.07694621160301057,1
-1.349665269093255,-0.7472197739535682,0.7029788827479829,-0.4549794011868227,-0.806594444866328,-2.386780005822705,-1.826340359463176,0.22446912293008173,0.5976205520075711,634.6860214427504,-0.5644342010435214,-0.24251848659673755,26666.767509414487,676.3749444082619,-0.8613365311801023,-1.3679630817348172,-0.5185181977768744,-1.3192250140820192,0.6268722979334553,-0.628866234648207,-20803.94956592656,0.5639917657328407,0.5463126062701753,26669.613189594485,-1.8036634042314696,-0.2181289138820665,0.05066978541538971,0.8089921575428832,0.4234257749097509,1.3239697788205542,0.29577409795629567,-0.5088550370256067,-0.7865736828940382,0.24330020667979407,-0.006262159964100257,-1.5272433402284926,469.46315953043745,-0.9657294329248827,0.6326203021692114,0.4585213031156183,2.141416737431275,1.0978410220307886,-0.3180256340872887,0.5832656094016675,-0.03292193806515242,1.2832141436864257,-0.3529154733539981,0.8090239895550532,0.8225633995529317,-0.780013539351205,0.0058049186232130975,-1.45900078617513,-1.6893647946716583,-0.28528189825223677,-119.33282119717762,1.9556112525998928,-0.6148068157741735,1.1847565314403365,1
1.0102862721431958,-0.4367337248312949,1.8624449794405955,-0.3603606305931071,-0.7961202570025612,1.319527281901877,-0.45888356997046215,-1.0598894227674769,0.9371139314825816,714.1866123886002,-0.18867689757307957,0.8729320865813418,76254.09103600835,812.6020537741418,-2.8052065347076955,-0.24267025234400907,-0.7903046230974696,0.15844207972410337,1.418449176755634,-0.8644191638089151,886.0270405620997,1.6382284801451195,-1.0578250389636663,73003.5259535987,-0.05121439061941352,-0.5762360569606603,-1.015432888067869,0.9673394351432854,1.4160474938238583,0.6612596841660712,0.8078332802669549,-0.39241734835240166,-1.0010735066363095,-0.31688976592663837,1.2583108867270338,-0.07154695475491303,489.39267032887386,-1.2844016406284442,-0.1877625587645696,-0.5591615526942646,-1.0471751591079943,0.7878580628113109,-0.680267391385215,-0.3094144386646129,0.7197609784702218,0.23344456193783347,-0.6070503978225728,-0.2016188960375299,1.8459043683787941,-0.10697601607467762,-0.008994728789250514,-0.8879645974932813,-0.17476304684217525,-0.5456030704367638,-32.91492461025781,-0.03884626264419288,0.7236495483365347,-0.5385804538394972,0
0.05846173015696906,-0.2575204159812095,0.5681091530697997,0.032893428373557056,-0.6903426807785016,0.265185419622257,-0.22696875762568672,0.2883121131318018,-0.8390010170658334,477.97720975329327,-1.2243277810621034,-0.22600977908829212,34826.03251281552,565.5518797170232,-0.2079666172737069,1.1078761655423086,-0.02394315558601751,-0.67081040154088,1.2083782205716123,0.34893646251730615,-19716.18787116447,-0.14365010499683922,-0.4483552149681639,46339.180615405,-0.5580600174064756,1.0221852484470377,-0.21881794104107202,-0.4322925687339789,1.463239087432915,0.15874921807510478,1.214042563850931,0.459198318987032,0.6107228656998455,0.427281625150331,-1.4946402161392378,2.8693720842975083,402.89443757154504,0.34345295112359153,0.3619319011582479,-1.0518302281724534,-2.475439164653251,-0.1477119570848236,0.2425557036165134,-2.2749976503061955,-0.15159171385040116,2.1668046500380536,-2.257102644287233,0.25741957982972424,0.009839331121104519,1.2682340369952,0.004939144688004823,-1.3674793937152094,0.36410787501669944,-0.9866189246465645,-12.646310170748151,-0.24804614444750445,-0.20717838230250069,0.23198927565895394,0
-0.961074463886678,-0.3106954432215514,0.36040250407126645,-0.5037427490194455,-1.3284021904607928,0.34411462157332984,1.1359238022021205,-1.0464199172898,-0.05588713674090992,617.9583515941235,0.6908113746345594,-0.2178623792709279,33675.72664549189,686.6856446150817,-0.9862486285464274,1.6639095971727758,0.09186249798840782,-2.421049047659112,0.9513829198779493,1.9216807885141949,6702.029618733589,-1.429729830389308,-0.9068244020341577,38760.39234882979,0.34428672875277544,1.6592733103851405,-0.7478955659297633,-0.520183516360567,0.230656430155707,0.8491494420067685,0.6557877612670628,0.2503580057167373,0.42907642065610674,-0.41402988079560293,0.6393899090772842,-1.4899914444098428,481.9259892244742,-1.0302868293715979,-2.2633809433707377,0.017644450785747962,-0.8367810815214675,-0.42582329606672453,0.9113027335376098,-2.7839424772314736,1.7496547524213968,-0.4277016646011355,1.0596931153808418,1.5088813545766289,0.609523442766109,-1.0495585756266177,-0.017747091819056086,1.2367445553819612,-0.16071826935580436,-1.6908405950366274,-28.655713971761188,0.22772668348431335,-1.314598980917541,0.3320841500362261,0
-1.3772375420132572,-1.1393280128496048,-0.7458540912954137,-0.902897548998962,0.5928797182986356,-1.7602678781803311,-0.6694657924320182,0.30728116880290124,1.770391577480947,651.3609876635355,-0.15369107930349818,0.5523555971494452,80705.95334967284,723.0479708642116,0.259454255644682,-1.905179136684962,-0.5510184805280629,0.34447589627204145,0.8760157261382812,0.028759347882315642,14527.728432131082,-1.1785329282637664,-0.3927923528924033,84765.40693828092,0.16220759469727317,-0.83137979665398,1.1410739219371582,1.6908521575826754,0.01679798495393943,-0.1460371781025826,1.8391246808757078,0.38734273175308126,-0.7421904008099908,-1.6349107281911808,-0.18038885332608573,-0.5239625948979605,575.8449546965261,-1.5284787115579475,-1.232828666069743,0.4740457605927804,-0.062257408324584505,1.149153129330196,-1.1334093625508668,0.5210163616849204,0.5849936504807397,-0.6648032765128058,-0.10353834598927936,-1.138511876557059,-0.817057419635321,-0.7811985061285579,-0.004405101058093376,-0.6387789606103177,-0.8814263422538221,-0.9902087354944765,-41.34787862942107,0.4959212958303607,-1.0759384805651453,2.7084323076785712,1
-1.1109834066726239,0.06024263087445883,1.4911433424002076,0.5648333947314415,1.9049880130347767,-1.0028143159201586,-0.8772557231703924,0.2782391144009635,0.7450600746732371,631.1802700658877,-1.2287200791878101,-0.8430484123997102,52577.8366814494,686.2335838165532,0.05315159975259641,1.3523344890417126,-0.4829000545033974,-0.6753745285643893,-0.8143499644335725,0.40835541511919604,33.878253958828736,0.24366053295495815,0.01819557959657566,66280.15610302878,-0.8304706782843518,1.8213095378369821,-0.45259406690613424,-1.1961342466534148,0.6430750751976413,-0.036974984857350165,-0.3633964515019076,-0.7949735876183804,0.19033929526544008,0.6476189795274415,0.31156909405084865,-0.19060906238363062,554.8494738967069,0.48437962117881733,-0.7122749181605307,0.3993363806001699,0.7656012142978993,1.4129664568572367,0.6946699374496429,-0.352990483853381,0.8827802410859121,-3.3810988347842703,-0.9761665568335408,-1.2766016006479395,-0.14211891333855217,-0.46054249836684025,-0.0011894765612857296,-0.4981558157593353,1.9659567553467243,-0.5880475937477627,-17.634543916819595,-1.6624926180822996,0.36778722065167885,-3.0076500212009614,1
-2.157500254264588,0.46387234837284314,1.4470231369784121,-0.6713605354322875,0.9006551005882074,-0.6615030847475352,0.444732652378911,0.09317934624223569,1.0480106245505358,597.0891228627413,1.0714777502409023,0.12063822685233143,22187.185800547442,648.5075403444596,1.6014928949726863,-0.5306184874525767,0.3203727643345618,-0.9405747387352563,-0.27766224569374515,0.9682265514504466,8404.849579891064,-0.6004140960079318,0.8911787346923667,39983.14285033733,-0.12114578559282768,0.8188979989466991,-0.4113800868155258,-1.3791352893743938,-0.867643450437906,0.760724040859325,-0.24173866283649242,1.2046519919691125,0.8589427356407524,-2.6788877892228484,-1.3632665073333434,-0.30837011486091837,553.0731473029267,-1.6843819267842874,-0.32941766115026166,0.4450928788846599,0.9828855906712249,0.9136684875381884,0.051211406647301415,-0.18602445252869396,0.3210157891127055,0.05327492901430046,-0.6824878292119155,-1.324555529510561,1.4335150056812285,-0.46562408624961865,-0.008391340751778211,2.538719078447586,0.2971862192948798,-0.6588210690172615,28.369556016852783,0.7636849422436733,1.2345049216824109,-1.3903338381570896,0
-1.05580181813413,1.2585796824459126,1.367480113014229,-0.0012350791271146223,-0.050849359718202286,-1.5967219011448957,-0.02189862072573762,1.0062137182641764,-2.052022101291539,510.3984790584534,0.05797954931477155,1.0680531125885102,48016.420520825435,615.8933942540634,0.10567329122177557,0.9210080845876205,-0.7449194514061909,-1.2878255742085831,-0.7209605003050726,0.17984125769123804,-31079.81350161098,0.9535078624548649,0.5325166438602215,71108.8083405613,-1.86420102795789,1.1857392366957011,-0.22348061064396346,1.2072995313201342,1.0657202821841054,0.3852912754618795,-0.2845983823456465,0.2899613814712296,-0.28255912037151254,0.27651123934613103,-0.7193643556963777,1.0103708832641505,456.55401089585894,0.0006815513969538503,1.4980650182889081,1.0415431021059574,0.8651908384682089,-1.3957972029353103,0.6659381220952311,0.15621240253412222,0.21393100236174112,0.8317167707489391,0.9245480571394832,-1.1624394867955268,-0.7681026461377003,0.7900979597120014,-0.0040077322473166125,-0.5449472185896204,-0.05690020957676666,0.8020630881199843,-62.41100989472454,0.6915054545613485,0.35500353204834467,1.5109823997787706,1
-2.3701914274585674,0.05819578675918515,-0.20403437732569218,0.07515797485680717,0.1978311670889319,0.027287305030378545,-0.13329313309700339,-0.4952434405179484,1.1395404262607718,615.8985367172422,1.3197825655010786,0.5129503666591131,46515.46312503925,688.1217472929197,-0.7799611499133055,-1.271973741576584,0.9412754519107597,0.5307345668996376,-0.1356790629011642,0.27787552834591706,867.5087513977817,0.5975333401629169,0.702106417002802,57570.166339740965,1.3855034757448736,0.29014545839757955,-0.17290237034494896,1.5358329871336476,0.4597021510854362,0.7221259914706262,-0.8224987223403819,0.42977963155637383,-3.4198915261434224,-0.572850669269311,2.3876706961597964,-0.21767025340275972,503.20753374734375,0.47639537270263455,-0.7968053232919616,0.6361591701883755,-0.3477759083666435,1.6323340285867012,-2.3494767335791717,-1.2433379607626307,-0.4878917186293391,-0.12002021205595824,0.6479225745009998,-0.1471325987003803,-1.2160532412464198,-0.11462782790314499,0.003939850219711031,-1.1376404868566994,2.5032663123967427,-0.8997597978912749,77.13941425524656,-0.5903024238641991,1.186643746319514,-1.1919604839115419,1
-0.6031988097748768,0.2126097437873677,0.05058922711764866,0.00917320342525148,-1.748584529895318,0.45554102105674055,-0.595264455569144,-0.7324130481632741,-1.3205607096989298,546.5288591753045,0.17727236604203617,-1.388242042452392,54735.72525238912,615.6436321386286,0.6249676382871293,1.8224374777150587,-1.9333502844653692,-0.9928741067251373,-0.5456800038394689,-1.0536724659805117,-18109.873175618577,1.3787053276059464,-0.5968125918165916,77895.66329521271,-0.8857290580366982,0.39637395434548744,0.9964513086735675,1.3591856132119438,0.9426211552491872,0.7690178687593501,0.7205374759079944,-2.6090478169569056,-0.409909194038217,-1.324690150402517,0.4996009900330265,-1.1914511624493358,539.1003027285617,1.6341577029307044,-1.1514269896589937,1.1524640442376672,1.3424435079989854,1.347674920582679,-0.9312036439224753,1.2315655343401328,1.9286581942113128,-0.14929022219562607,-1.5715641292513696,-0.1129841961606041,0.6084568683659978,0.2140993327628415,-0.0035174294942089393,-0.22329967681884044,0.858951298200445,-0.058843062547275796,60.31105660708944,0.22176635502703912,-0.7671880316022275,-0.8824510696847244,1
0.7839785534168097,-0.08116638190070063,0.04848986294843404,0.9785905414920064,-0.12768823858597753,0.5661737688528182,-0.6654006040581618,-2.194318454923419,-0.5580166739873459,784.3750775856759,0.6868011659502549,-0.4507736318688479,66747.17630181546,845.1220030395251,0.4174557089547707,-0.05439007812101565,-0.2777212104562907,1.018482442761474,0.36175348991075074,-0.7733892366842746,4732.066736832569,1.0096598718169167,0.8471028534042379,56994.89945489781,-0.8344025657160966,0.8499861696175599,0.6160198355422655,1.7550412308866328,0.592259060610519,0.5194312034095713,-0.10711068073106912,-1.550370133956339,0.0554641764803532,0.6311536611407689,0.3975042555312925,0.14425310533262808,499.78295344129316,0.14771956861395086,0.34881460689948074,-1.2618936953814275,0.5462631393856232,-0.2797856722596657,-0.07875197566427046,-0.06801960780965656,-0.7032814373650688,-1.556511301059458,0.6690416209386917,-0.30863592361296016,-0.02887530800083424,-0.26952140245472445,-0.014725737732759711,0.36320015738835737,-1.3199610087131586,0.26963560832171846,-205.49123735199743,-0.2745114466060707,-0.8549169038517326,-0.8675052944753928,1
-1.2244874576031293,-1.784182970412457,1.7227082899474637,-1.1721098252268676,0.34146642245000414,0.38211513362179633,0.8368082587955403,0.5097484094631937,0.39553680153459836,692.2894060962724,-0.3857204115051945,0.881463310921308,47771.889481802464,727.736782963464,-0.42030698211364054,1.142103669807435,-0.33162970524912677,0.1185440496313906,-1.9489421579156045,-0.07364470400366062,-4676.592036489199,0.5664779390687186,-1.4486235632891684,53252.63728851563,0.5881252783239648,0.6743256235353161,2.00840675153203,-1.6590532020077606,-1.045943135065498,0.5034846034936725,0.8254450486938799,1.574185355846065,0.0618863680772958,-0.09091759039493304,0.21277931383876658,1.0412032314915873,512.2763335434922,0.2860685275975017,-1.130864921339425,0.7722356984462564,-0.4436361551984789,-0.7386579149979361,0.8758889451394217,1.5153122922058886,-1.653974478295233,1.5822309097766856,-1.8486278865112047,-1.4334347782097903,-0.5564519966994242,-0.3567512687667316,0.019575628661656314,-0.08718228543040654,1.1937832629225937,0.4401839727701912,-100.5544355330467,-1.1013116570635215,0.27196857556858434,-1.381680603559477,0
-1.1406414854771154,-0.8220253256012267,-0.3316996535815668,-1.3954327506177922,-0.1789638248678523,0.6718179723287966,-0.2697815798676289,-0.5005096369928258,0.46053285432043845,576.0588677968225,-0.03849477804046635,-1.8908697290813605,43977.64299313343,670.6918198450763,-0.503531037145083,0.4310795972402043,-0.5121952018251017,0.7759092063385832,-1.0981822606809093,-0.4826096422395084,-21606.26259107761,0.44933954449156577,0.4243654946146019,51261.36998768771,-0.3223005880226032,0.3375179704546005,0.3497826807486801,-0.11845705001986774,0.41926107010324176,-0.9225766087266158,0.7730295906077453,1.750338074320557,-0.9234198480265948,0.9573843130792906,-0.2907985197151008,-1.5785038438918089,491.22329586663557,1.0229261012588426,-0.14985653548024758,-1.4385037840877646,0.3152305004355813,-1.3049344217641807,-0.0830717456948335,0.06194842601459728,1.079450504235708,-0.4281179151914329,0.25999380068686356,-0.0654855667526667,-0.8580226272483281,-0.4231789254323956,-0.0006160305452350849,-0.37736704843882196,-1.0069007741615588,-0.7426081034258476,-110.96571231910033,-1.1471525516993237,-0.4729637098266379,2.1260851787245394,0
-2.621269880445773,0.8552406022858678,-0.51101055726466,-0.6920422248286936,-0.8507162754676284,2.1484436531693993,1.0032379941716367,-0.005037167472825959,-0.5819653805760907,559.3305261896415,0.2726660494493308,0.5824032468201998,52094.69891246909,643.8626766880852,-0.8954258093950995,0.8508943906229287,-0.08211644668379889,-0.23609112377336744,0.3774728239729968,-0.5340383868577169,-1912.9919129457408,-0.49312241236504856,-0.4705728158841357,42181.40258449441,0.8739018969940159,0.8367869695402917,0.5186989701774876,1.2643347237560605,-0.33616580363102344,-0.3949261209112186,0.18340147044284286,0.46287655902363295,-0.5638950299424937,-0.33394764091678314,0.36898099993940964,-0.2524025738196566,411.6480643496942,1.5383136103624013,-0.8420597075384064,0.3861891870004575,1.885485646701307,1.7302160375747608,-0.03324862600399446,0.24881332893912741,0.35958227133564113,0.5926079897801338,0.46274424885853904,1.5800223674109957,0.06253267784613842,0.5384779184131866,-0.00014018429279461254,2.3824740130566706,-0.5631828844635716,-0.6753139314135596,-88.12271013288162,0.7902534726608925,-0.4627789313578848,0.5646975715062201,0
0.03274416812359138,1.3823269664937463,-0.905174807542369,-0.3809500857820484,0.016812187855485994,-0.05744108621080998,0.3824915802724165,1.3149282107070692,-0.1996183113967257,572.9990496111409,1.088669341471273,0.530448566405942,74682.0730260603,636.4919073977657,0.4679898572723925,0.044513400331298435,-1.0621500685020466,-1.0008246465552704,0.7416217324031191,-1.0234760502473703,6248.560425089068,-0.3735507920646768,0.45378328614991836,96926.25752432318,0.18929013961638796,-2.5491057856909136,2.3585084370522305,-0.6303634229396751,0.9446010579577926,1.0583994243527048,0.18348469788459737,1.3575698731333528,1.5699930740374068,-1.2539245564711718,1.6901233100448576,0.01648135480402537,431.5070448998594,0.11432446972904402,-0.7083585629595153,-0.3761064410434771,0.7628324229674521,-1.29798954140424,-0.5256946759590571,0.12008361033286666,-1.0237362426446657,-0.376768547779462,-0.4559295674468975,1.715761220347803,0.3208678679658567,-0.04357290747287069,-0.017622812298308574,0.4839316330275279,0.6707864816117284,0.4147621142612405,-128.49419046859265,-0.07571205033269529,-0.5767921756691735,-0.8265196622620256,1
0.21533272534573072,-0.19859129629748856,-1.9917686878894596,-0.15777654709689243,0.11519903936541058,-1.9362869410195047,-0.1689227706868621,-0.5771347134482063,-0.22732240704112225,592.5431637162138,-1.4017695312555782,-0.528274915782796,46149.95130549236,700.7695131103377,0.08153140344141398,1.2331071504611948,0.9287036362290603,1.3236844037612547,-1.0068279352035188,-0.15103538031068023,18378.91234394612,-1.5675075331134236,1.1276759967110934,54128.98358127846,-0.4680625336468941,0.35004041916615314,-0.69015235605194,-0.9637287352079962,-1.8742793431511418,-0.7826401478403413,-0.8816982657424091,1.903964833466455,-0.6149192525092768,1.3156847305985326,-1.5354163449101714,0.09282822104063865,519.850342313799,-1.2368270961552232,2.0201076103015705,0.2832286260483986,-0.9328756280374959,0.676138049875611,2.4777080733443637,1.0748436514686053,-1.1323055748791968,-1.7275458234098098,-0.1378528822825303,-1.487703088726527,2.0347159367013745,-0.7839062987236888,0.005453351346342736,0.9192097681392105,-0.4202143094047352,1.8321975579818977,128.40150748310074,-0.6593210577448363,0.6480771763847248,-1.4012523543565825,1
-1.317299904271514,0.25021854146416844,-2.0556187170723463,0.05751675126834101,0.21374155221121136,0.6943634946420247,0.2733790940673838,0.149761863698948,-0.8323892721401394,611.4157690629687,1.2150986557242118,-0.5724670899270619,30550.152096490656,653.8863223908572,-1.7872918932077413,1.0678970005463104,-0.8353013487984112,0.5634022205259395,1.5439596366302124,1.1563021175646389,18.30309678680821,1.2801842944609827,0.22677895829121358,30431.219077627837,-0.5414040339525709,0.4146901899094482,0.3693317604191973,-0.6084263476294609,-0.3187852963008679,-1.2313983486128903,0.28319187710706345,-2.796213691376703,-1.727669685068374,0.7933779566403661,-1.2863191720521143,-0.3445903317589325,519.4076066167275,-1.1281362348439605,-0.8009177098757195,0.303280826809249,-0.9708571711682661,0.14687100229397343,-1.966167956424886,0.09477716159523934,1.352564621214846,-1.1246991679032339,1.7803787274887222,-2.295073064898905,-2.4226969620728016,-1.8774495504175084,-0.006109964695112446,-2.281523799623482,3.0445692802313924,2.1510239554637036,86.34693398840173,-0.603906565684137,-1.2795312723829222,1.2231416928745957,1
-0.618891531801495,-1.374926067423341,0.3160955560134593,-0.3229694294399695,-0.04489165191862014,-0.10448444299254897,0.7304421534499487,1.4857867155371545,-0.495006019410799,635.0102022277737,0.6997880476069357,-0.8407223153065873,75517.31299719903,721.634999640861,-1.4389308413167254,-1.1433367535239294,-0.11809548852454183,1.7297440923536902,1.3625108992101163,0.5865452260175762,3448.875087256991,-2.4103647737250853,0.3769903938966823,94862.43883403088,0.6034377376129939,-0.3872359968005019,-1.5571173893209478,-0.6929942683156475,-0.18312602973976733,2.1619006871367095,1.3425653463623004,1.638188527018617,1.473452666829051,0.08490637985405844,2.2312467594878447,0.8311304901081586,551.3926990834706,2.5871925086855185,-1.3797678669429694,0.258840893985307,0.31814086002703285,-0.599336320596586,-0.42314296592801875,1.1634933690927451,1.681620971263126,0.5074950891795472,-0.45450349218006747,-1.7403561616929184,1.543276488300892,1.143384285487075,0.017812040621499724,1.1792715144662658,1.198867323599018,-0.13250059200710473,89.79201928693374,0.11141427146100198,-2.48432740879468,-0.30503159603449365,0
-1.0681368764448453,0.915077154003319,-0.3322889919838505,0.9722866711070781,-0.9370159924594861,0.22799893203095495,-0.8079310502666266,-0.0392657123014853,1.148639095866104,548.492900916831,0.7349754837634682,-0.7077756857651858,31036.859622835116,606.3125051050354,-1.1318925628075438,1.5382469306089521,0.21816421701647418,-0.4261542808576829,-0.13961173470782215,-1.6286248147637588,-637.224791611906,0.43341476995087364,-0.22357381563274853,50976.43300637088,-0.09396814059769804,1.7469500780734024,0.7009453629613234,-0.45199803667788585,0.33241168729355774,-0.4247793679386749,-1.4651705643411868,0.8296705204916188,-0.7571287947729245,0.34505710156260777,-0.02658824137938899,-0.47416105320933,537.9207615995265,0.802877873117399,0.27670031488974295,-0.6026591824852506,0.6852143424150383,-1.9946303619245054,0.5912462778598396,1.0378081768297092,1.0507368267232595,-1.2214267012904367,-0.6758457037212965,1.1362924834137298,-1.534491132130195,-2.1341964920623884,0.0018266533103527029,-0.8760318864131567,0.06699110067493198,-2.052054846102387,169.26988342556598,1.233328846221349,-0.24936171482180047,0.4877490542899197,1
-0.15135981407911814,0.9486698432903717,-1.158831988248402,-1.2798778248908877,-0.22780494370963372,-1.4471664810458789,0.5795606534203049,0.5581303109681955,0.3616226445071648,551.3637647622211,-1.1453585638602701,-0.692134838188393,51736.528644371174,638.5316133738448,-1.9806778493008599,-0.8588853360129637,-0.16541623773433362,1.81482001810696,-0.811712512160956,1.303655904921132,15992.33054191562,-0.989992680677951,0.679301941109546,70247.6606512903,-0.6677985195134706,0.2400058525199845,-1.3090620001723248,0.7118444429180587,0.20110152487924265,1.1749940701072825,0.047834987731169856,0.35539793478132237,-0.7515274172337277,2.556649384004192,1.1182359423496564,-0.49702230105000383,592.7641755464342,0.25166527112142484,-1.3687093276503726,-0.4286722776854682,0.6190408255912512,-1.0631039922220913,0.4536483294701964,0.45610889135012356,0.9656152894512153,-0.14225912893052775,-0.18030307146767663,0.8017106785201442,0.8558383508209989,1.104231194044442,-0.008750946268011687,0.4408510045324149,-0.3532185285288126,-0.8113052820317065,176.74249258211188,-1.4379198069878243,0.0022243876283467075,-0.14134928825020254,1
-1.3628217292060139,-0.1944536713344414,0.0460201764383756,-0.4229523490051011,0.24581432907096548,0.6227102775669566,0.29183943400530976,-0.21350293332456144,-0.26384869425038504,672.9711662526028,-0.29541026180406,-0.04638525396306813,81144.34646311155,772.2978618591852,1.096583927455021,0.3797340620415485,0.9102754079939939,-2.701690249751893,0.7022829026037999,-0.05347590514134043,4195.238843087253,-2.319115284592178,-0.6912585512757466,97332.93816879124,-0.4011870700881813,1.3785514161425374,-0.6863779253122754,1.2862711177903374,1.051882483177101,0.7594877459858927,1.161054694175433,-0.0036048331000848497,1.1807883612724541,-0.22874866780757291,0.6665642522242676,-0.63446319741046,526.6042006827562,0.571467425993857,0.5052578923823806,0.0883994144307149,-1.1796802948147913,-0.6500463296003683,0.9270924051472365,0.3086006791339309,-0.7622684779364681,0.5110974680438719,-1.111841918929376,-0.28008165554267245,-0.09431507531105517,0.745872783675378,-0.010376668614811752,0.10204036580722403,1.1162223547330792,2.113093728980995,75.43424206935778,-0.9817658785396001,0.9211346539260158,0.7524869569413777,0
0.4525078414026016,0.7172671048493329,-0.9122142392884774,-0.6875077082283164,0.21019958934828437,1.627901133115054,0.3001656355855326,-0.744281330069404,1.0600890010998956,547.8197635930916,0.6193037852574785,0.3033298305423673,38072.278804768124,590.9156458912495,-0.6274187627543361,0.03459468491558078,-0.13102146044315888,0.4116309307009197,-1.3025490314360288,-0.13351502487007957,14169.03464733909,1.39330426193627,0.09801793996677718,61493.147454323946,-0.41693483448612145,0.41920965514090625,1.5325461606694601,0.36934234244602565,-0.35552785909841866,-0.30851930241202974,-0.2565415657017488,-0.1072576765407411,0.5099409358395245,-0.37880771332333985,-0.6545952806435877,0.11053239170308869,394.50425433939495,-1.7348557461188072,-1.523252605913202,0.0006023033784980675,-0.03968763586182999,0.4337626015968509,-1.954686230683895,0.0803225900363875,0.40975180539908207,0.5963350026615892,0.3628089352108337,-0.10919915526312804,2.10006819302095,1.3695671092748611,0.010460502133585748,-0.14769448735693239,-0.9071368664867596,1.6474129099057329,-82.74338582697163,1.4679938515771198,-1.6743567934853807,-0.37903735725335086,1
-0.050664615538990154,0.4132523542757319,0.5384736125899712,1.495211942612702,-1.2730291442742077,-1.3373587745384066,-0.6639657768081674,-1.4155365635818593,0.32966914224793054,664.7442844483636,-0.7719939657487995,0.021401623632061186,60530.60123718192,737.3624305938318,-1.5625310414853528,-1.0793738384801528,0.9321282943732792,1.2282992504718622,0.18144117449615763,1.5701256338759775,-12851.343512338859,-0.010546388020472223,0.009801508654791655,68912.79472507897,-0.8630396713835672,0.5262999680317784,0.8100274123942864,0.3892456928740811,1.0105034390313852,2.083073863353098,0.5935217160725458,-0.3558418179117649,-1.3064466550476779,0.7294912553739018,-0.6462449702416823,-0.5297604453683725,495.0323272574969,0.8126327951791946,0.31240037982877245,0.38526359586331893,-1.5218965689986068,-1.173182380045809,0.46994176079977185,0.4248647687957321,-0.2750425349267882,-0.41757582164137197,2.676566522019268,0.5392711415329491,1.6558575048923891,-0.6131954661458344,-0.0010566601374612792,0.8985385974806335,0.24930437485062357,-0.6916957065216673,194.64110753937993,-0.15954464249902447,0.11787842739569242,0.8791818131843825,1
0.9698277183959655,-0.8178321900763423,-1.1863257872087365,-0.49354424097988964,-0.20431319922535573,1.4126422344394747,-0.3015654652569666,0.01601916713845453,-0.3629571856368489,703.1035921934576,0.6568724294533611,-0.7917342505981585,53913.60255363197,770.3147995877287,-0.27756474166252787,1.2660921669432472,-1.8053287926613162,0.4247501038432314,0.11288621790482392,-0.19590945267778131,2379.3217585115026,0.7519264209539314,-0.7557503606240505,72572.15700379713,1.0020729985804306,-0.8731715989140845,0.3626671848554641,-0.6832043448683437,0.0903820411789529,-1.2159869826473324,0.7853171927259214,-0.004409125484619953,1.417200882916135,0.021702091160398746,0.16965474554750695,1.1699939196197602,456.9507119534533,-0.3302253297385683,0.06274028067157743,1.6265177648535345,-0.4271285205760779,0.4633503103723598,0.6789320947917502,0.39932533865066916,0.07801604300089285,0.7423365585439655,0.98394112925239,0.5823658335501556,1.1138308209363161,0.09458283512010228,-0.01027859493848293,-0.9181058785753381,-0.39963554882244934,-2.3310802454639217,281.643155767632,0.545618638394584,0.8572539971976879,0.6647750223256098,0
1.2995298348364663,-1.9382424602683677,-0.8474937523184006,2.1249443129101597,-0.6866540013909307,-0.36252350901186214,0.4677288289964187,-1.229653232588819,-0.06612893686463397,600.9267423045301,0.07075529422250716,0.15332291333704398,75759.52421868894,635.4074414487342,-0.09973770897520803,0.34004009311529537,0.06316396897983151,0.4208034821883646,0.0952929792857281,0.6896398281380566,7734.46427892641,1.323377483698922,-0.6808636104105025,91494.77948848798,-2.0512392411144904,0.28714297007170164,0.7731498776103922,-1.9740388423727337,0.8790651388124824,-0.8716392221738583,1.7383479403717002,0.10816347365320711,-0.8635858540601956,-0.6300450205840932,-0.44493359077085676,-1.0968223852277634,493.0778867163773,0.9505179078754316,-0.21376600744217636,0.7309360767318558,-1.2184336589891482,0.7453347862055227,1.0013697593316007,1.197039548280792,1.1905348765909725,1.484635843390402,0.5928189272543991,2.038984933896653,-0.5564551333079895,1.4462713738551247,-0.007262185042675328,-0.3766476463874638,1.0686582180523927,-0.4863561189111388,119.6182932722258,1.6340863290590522,-0.33728693347327166,-1.178816592776825,1
-0.2754254996893161,0.007204333263723983,-0.40509848875648813,0.9254030086709278,0.12653888144454598,0.26904417474298103,0.12782365120523442,0.6351387370166177,0.41225479155612427,517.7599822937826,1.0741748082999596,0.38439337975485094,58916.86512695953,530.9034340611017,1.0034391999288594,-0.15141823149727573,1.9407162239329412,1.1950934202727859,-0.43415752208756525,-0.49879839717994484,5194.790710679636,-1.6030547559653257,0.37186755554998885,58127.3705720505,0.9813761999842953,0.527744667155721,-1.271912198317167,0.5328554676778502,1.2244751618151937,-0.5290006836462368,-1.4002068833307673,-0.14785983078202694,-0.4725889803954191,0.49046431467389723,-1.407936737539756,-0.05985205499545309,495.3098120423982,1.212603339310006,-0.926382421785542,0.6136547968031936,-0.6582431574760104,0.8352577565908973,0.5204590119564976,-1.063831661323036,0.3713984106842918,-0.752321994303701,-0.14655442765236437,1.326657300979793,-0.20954827569755108,0.6847829838304358,-0.0057534954457391955,-0.3680414405112269,0.06162972896805235,-0.3486398726013248,91.61578303758601,-0.022350086108253696,-0.9655527504023728,-0.09236595153972292,1
-0.5380825408992738,1.4714276522519965,-0.14094639141910448,-0.4247364113979221,0.7305250973529023,-0.22784358236780689,-1.3092588293708372,0.2813185028098777,-0.5628334507512289,639.2828135635234,0.0958089168130953,0.38337710219921,61668.172844039516,707.7027551588435,-0.5099324187220289,-1.213824197320661,-0.7460037128492354,0.4170096704912476,-0.9204983521345618,-0.6654602554824621,-11353.97418242587,-0.5964745197990593,-1.8198833331621171,68818.18260839432,-0.0414653899444309,-0.05072896911463918,1.2838886298626766,1.9869213290907117,1.7281602503640032,1.8774940422028046,-1.549309713164436,-0.1700161643667913,-0.9311138555989049,-3.745621252737472,-1.6270545624638797,0.3196754424958547,494.8387780561385,0.7709184176768916,1.8797738458217594,0.4244822679860161,-1.7476172027111514,-2.2540809755671076,0.29553455384862587,0.03176931471181297,1.0188065520116651,0.4430036518187698,-0.21924702046998779,-0.8719713431639695,-0.3283445112788972,0.043199093222017475,0.00012013658911739833,-0.3053478806666176,0.6685756041620116,0.0784583026778979,-13.55480064972343,-0.8420683214460414,0.5174040567024749,0.1522410441956694,1
-0.23416915140012742,0.4106437519315743,-1.416583737754431,-0.963424356099463,0.7736225296863367,-0.5857783832746358,-0.1964946943064778,-0.5198471905072455,0.7980831555565021,591.2110079238337,-0.9653406694173082,-1.0105730851513965,79556.95180132604,687.1942634754173,-0.22567609081916595,-1.447885656205034,1.0958676093101285,-0.5130963758591283,0.2925481772078273,0.37157916658261275,-19957.642397045736,-2.2945634952855025,-0.6275125142444408,89699.72274531111,-0.8528033772838409,-0.6455453812231999,2.341681025716752,0.651372144374439,2.0122099233843396,-1.1697291253799855,0.5870420073565253,0.4678783131200336,-1.8738574925395635,0.16660010003831896,0.5407267361106262,0.35731432046207606,453.93325010068946,-0.6202308324748473,-0.24112523937819177,-0.9681646291210809,-0.125514018666336,2.2890597553194247,0.268700845910863,-0.904608928846594,-0.12132259301621023,-0.19169927592028627,0.7121431323859491,0.29203493453993074,-0.3695415821277666,0.5443479107737722,-0.002891284371388727,-1.7256397542438882,-0.10321592286953057,1.8175277356857604,35.10442654334048,1.7954114739896438,0.22910457886666485,2.67525134258191,1
-1.4384893351493162,-0.7277207799904234,0.26921264139597206,0.3301760341784041,0.15592218972428248,-1.3526443347580208,-0.0715615138366626,0.6096712811890123,-0.39176403248517006,666.4818110842355,-0.9415446896941093,-0.3432761441596519,44060.00585719728,739.7032700782385,0.5189619035327975,0.8226024091722559,-1.4696197546075414,-0.5705160081224966,0.19708128594306099,0.1307907980179959,17168.795979945684,-1.2724724093034738,0.01897300492934274,64942.90428222214,0.6176495937617409,-0.5791228734452932,-0.3798556327299783,0.9050570109297793,0.2795593873365587,0.22908121302356704,-0.8827442511632966,-1.2439022402608189,-0.009155657890749624,1.0869177656603493,1.0230514968007351,-0.0826585076270788,453.9886506979913,0.849499254800816,-1.9856105028755124,-2.2540783927931707,-0.42061926535308497,-0.2307134642508364,2.4063286286178367,-0.10771166780260308,0.11165727204104212,0.014136655019433314,1.1408760684018429,-1.3584017067653023,-1.592561378948811,1.0477002659594474,0.003981978504839409,0.8333714067818798,-0.5871410235128601,0.3787183061655264,120.25208077073684,-0.4078512534055582,0.4850289425878795,-0.8451996710616889,0
0.2253511429200343,0.28613233747833877,0.22984408642690804,1.242961429861853,-0.6060563318661438,-0.42516911039713123,0.14717386266447727,0.0632537438166269,0.1668756236744809,649.638414320373,-0.1685789873767827,0.6173091491194023,81519.76691545178,707.7507881451139,0.990920387125104,0.649968054828049,0.41404694187266855,-0.6955597900104906,-0.8138578474428322,0.865462177422995,-5437.164291734707,0.9876264935972986,1.1409586783924268,90418.89377020199,1.315690411519228,-1.0686295684698788,2.2228320707878795,0.31126247643865934,1.4938246924522807,-0.2821272252086656,0.7136236678933064,1.7569482123491322,-0.14721092973815683,-1.6714924844144794,-0.6834978268568852,-1.7651536052674917,449.9306266536225,0.35031357010550895,-1.1422291009735772,1.3198970066800952,-1.1261415960881709,0.49547372322757643,-0.06929312208942838,-1.0140407716883097,0.8509073535674484,0.5318890673155281,1.9308060530447142,0.3198160510389676,-1.1525836291937768,-0.5320019317735797,-0.0028374745675008952,1.058723451633073,-0.9082398226094613,-0.8000432832780484,33.53173567164236,0.9222041080837476,0.8793393473039003,0.004108659467999978,1
-0.3159103809058359,1.3339700634328606,0.743239731266669,-1.9504704521243847,0.6373980789526681,0.6432867232597377,0.27048272439360704,0.23662789236243212,-0.9442806305384953,518.4179126362711,-0.06516844482274563,0.7737661566665874,110358.13005409352,575.6179702150971,-0.5444780778618592,0.7775031023035036,-0.31050454879494666,0.010241586367365427,-0.5741724782382154,-1.1953376577053478,-225.58352566379833,-0.34498767941245456,-1.552961647277696,132210.6318101323,0.3679269604852841,0.015451814541991741,0.1274662955959706,-1.3921906139764217,-0.8132779338703571,-0.9460406829642751,0.9141526692489136,-0.9124688665046276,-1.9813792321950983,0.38118456421374,-0.012130271414164609,-0.3167595811673381,422.9537973447841,-0.18751535051699583,-1.234751268334824,0.27218887241444956,0.9620677139111963,-0.2317725163452217,-0.0650553769443787,0.42815141868089174,-0.25214181089689514,0.7932441708117429,-0.25843274158371526,-0.27114162797424185,-1.325694820937899,-0.65570608920574,-0.007265510999402187,-2.089561803430753,0.3595665398709641,1.4493297804112562,-76.49831830676973,-1.1061485072783217,-1.651212890703871,-1.6210568575141353,1
0.22299586921952874,-0.18081752513634666,0.5424010809329438,-0.7216948460083839,-0.7836055205165237,-0.37840042306420096,-1.5190770852271362,1.0411407437190014,0.8152688354427329,707.2421208737699,1.0512000825690624,-0.2778860780922075,64239.43088735371,762.155029000084,-2.360547951361593,-0.027378147727448357,-0.09432423269003133,-0.8281682945543495,-0.6933381343915138,-1.0505827775886756,-7571.429318549427,-0.8764084363452497,-1.6743993477057602,57115.360464247955,0.6333410918953479,-0.12223781694968792,0.9906713035731302,-0.7124797560029316,-0.8208268976330112,-2.1249617825371856,1.3405206876654485,-0.42869079560177215,-1.8244820936910768,1.3402315869316987,-1.4750867713443627,-0.2296579226243655,485.6053820118173,-1.1762209492019076,0.20483313780711226,-0.3688229163393539,-0.4340142120749536,0.22491968611666466,-1.2494403920812571,-0.5221373102912363,1.0235898220075315,1.120185566205527,0.32237842129172234,-1.9036835868273652,-1.5558834447092944,-0.5912594487460407,0.002523330525154674,-0.9038212165236337,0.2479310408051321,-0.0891144736780479,11.155465633600146,0.676817788819778,2.463107461117236,-0.4429975024405105,0
-0.16656027772956847,-0.6141634403771318,-0.21505444795263529,-1.0749733903750094,0.33885942449248363,1.0916862265858926,-2.155660444798584,-0.5503587329858656,-1.0162300221498288,630.5503465790952,-0.049475608724505876,0.3423173200556409,41743.45123055849,733.2558150096196,1.3184637054376718,0.12335018444266303,-1.4631655127635852,-0.2651055078116462,0.02794423061360648,-0.5290887198687481,-5856.687944860832,0.08300853093081252,-0.25387995162515226,44527.97289216783,3.285184711621917,-0.5610707605015953,1.033509614927299,-0.5460966989129324,0.37685111139266747,-0.005437934296454215,-0.9047830703285419,-0.2983480836847709,-0.957687476411018,1.2006900718883835,0.9962292514062581,1.6505711179532074,538.8731791233082,1.450996643714794,0.119804488648399,0.8284863323784291,0.21906686914449552,-1.8109714605991896,0.8364018191229302,-0.014714941710293966,0.22364677416485373,0.1787123106792766,1.5053994584210688,0.9832545596588582,0.5506604734365547,1.5273212004723722,0.014618744490511173,0.6433643486387629,0.07289080489395837,-0.8936188452001353,26.161498029202,-0.27347067436457184,-0.3025735226926052,1.025043864623549,1
-1.387587366265464,0.23458792212009888,-0.3602511659652782,0.15053134929424386,-0.7024134531206626,1.12107840536203,-0.13010927157633834,0.5176001781897485,0.7615431232840124,616.5426593662673,1.241859965811388,0.5962400270566939,31137.250790011232,674.7276515609744,-0.2801809583055449,-0.6266519128981273,-1.856490636307132,1.5099488479832903,0.5797448792980502,-0.3493428574065539,-3415.1389152088036,-1.9291481341859271,0.6162935703423419,47137.84915771829,-0.17664376428061807,-0.0785189423139436,-0.9364487956025628,-0.20200413895157227,0.7753915816387682,0.02389125562059128,0.49719638446920644,1.6284356345595143,0.3503989768059064,0.3969228455854452,-0.3702717187820429,0.44667240632400285,449.1601447738192,1.1977459977926412,0.17734177840673207,2.0285250768560235,1.3452854811148658,-1.0969155617143809,1.2396025622091698,1.085105158270342,-1.291634789632863,-2.0151760048541902,0.4389696936328645,0.004061588546415981,1.061225864922758,-2.198150517527696,0.006640058223855074,0.47108218210156216,-0.00839119090472,-1.3550636077440175,-25.463884968556677,-1.2343073646802056,-0.976399128567218,0.4917164949197412,0
-1.6240201990119862,-0.7695746084686553,-0.480557262983548,0.2505742861446785,-0.40409178944632196,-0.2433014310963187,0.5662410077416636,-1.5589645297205055,-0.35233510731612117,694.4067406436708,1.6807698783859293,0.5714346630146316,22077.557781686664,734.2810016003975,1.612880772143995,1.0175209788207262,1.446247308803341,-0.22322496463869904,0.7982974954688571,-0.7372089216007816,-1593.1995934286117,-0.17930911376638609,-1.620084338240486,16369.909509884223,-1.1695410402046904,0.5518525643889511,-0.4722130813710656,0.5786715048475178,-0.5782161181416792,1.5404082899304516,0.6519625363428638,-0.3495628183036784,-1.1699441837696134,1.3641716315844201,0.8369983963951405,1.5330300636242815,495.1360250678525,-0.2432818477927944,-0.33104889419049893,-0.9874227910654506,1.874879575512963,-0.5873091534000716,-0.0014069136966751205,-1.7392930735363832,1.0187797461511094,-1.6949955939209878,-0.19092721616294778,-1.2604476539984966,1.8755654960821277,1.682422633617197,-0.0017125600844432782,-0.4765933968819811,0.8482763638490962,0.2837130621882184,-125.45459451122092,1.8067899703378028,-0.9892149619587864,0.28719805495514605,0
0.6501426793124239,-0.1611050167044904,-0.3370984121567487,-0.01679568791639136,0.11898734358069517,-2.0284362303770176,1.6492952136846042,-0.5189306495872475,0.3788189063535996,564.3376599655069,0.7164775512284839,-1.785189222955367,35008.260129526374,665.8142266324995,1.296539059910432,-1.0562733116412673,1.4427764727901602,1.3087920668870388,-0.7387108540032681,0.30953394874027973,16829.53387331266,0.6194317580783615,-1.6270838046230809,53411.44715392671,0.8186943087575888,0.4486197944513988,-0.9325339597528983,-2.0654582217970106,0.6686177986921064,0.12156468846589691,1.009231439179197,-2.012872880386076,-1.6211743210839438,-0.09273521256108264,-1.275190621319183,-0.41312873681577106,491.0888639827699,-0.013303716482293998,-2.088155200754522,0.03901088513050575,0.6574325940320556,-0.29755099786932127,-0.10847122562602705,-0.15997413567008678,-0.046039016819652855,-0.5834750494009657,-0.22551022440231525,0.1437194773859812,0.7404337943795656,-0.21756241154232625,-0.0009805477596953912,-0.5002696017792037,-0.5989192826216433,0.658895272473215,280.52596039309395,0.6816468252490303,0.8366644183363376,1.6901019528250192,1
-1.2718888116335751,-0.029061790032687374,0.418063539822708,1.3061449461364822,-0.9734599364526774,0.30779095528212286,-0.37880533340295747,-0.9565446133670361,1.4657573266614734,583.0092552140105,-0.5192826880607812,-0.862055895851654,98828.22344177516,663.634875955651,0.5183834859551588,-0.024001060497580155,-0.26148228393076095,-0.3758045198772956,-2.2904178609263064,-1.8302577245405727,25606.04402777099,1.7279642734508611,-1.2811456326452189,100918.40719118074,-0.5289727157391294,1.3868632883676895,0.5339737847180219,-1.2419831952057319,1.2601157297293195,0.8381574111505561,0.39334942985537386,-1.6220469033331202,2.6431266798934234,0.5232648418622551,2.886283880514315,-0.6126146852105762,507.9621186522165,-0.7916447135244994,0.529229260424089,0.6123927955062506,0.40515410309932154,-0.5762163458128208,0.3739040421988057,0.21631300720240706,1.0826935407581901,-0.7871165104111645,-0.9931178461019593,-0.5766328423349213,-2.7503226670969085,0.844247534502188,-0.0053103462656021614,0.10009527828187968,-0.18925555154477766,-0.6185760264404457,64.41848335206805,-1.05642484775428,0.257092723078207,-0.9099026847920112,0
-1.1440904300706778,-1.1996857561199286,0.09031626373285415,-0.48255559505133067,-1.5528175677283813,-1.020885289832502,0.19547058115112667,1.608867657233507,-1.7256749237913063,651.7632788508869,1.9462878521922664,0.800288927847328,52124.072931946896,728.2731671243475,-0.3628150937389259,0.01105024877839792,1.7219720624879595,-0.8822158590470955,0.4923316519396167,-1.434354660254615,206.52623629354167,-0.02727123214685743,0.5889513342089543,43829.57387445004,-0.4199233644077407,0.41939260474131795,-0.18132607240156445,1.022873906604748,-0.30979236207994726,0.6373229665545731,-1.8183329964681136,0.995172760118103,0.5266518519425107,-0.3645454877145113,1.6813831417193275,0.0012598583552261358,468.1899838378184,0.9159700969824416,-1.1422526827541357,-1.6385896090016603,-1.165978661687192,-0.7859372058586468,-1.8666181558485089,0.42250423618251226,0.09833150678420687,-0.8752191524928725,-0.49761123225355064,0.018215948471475188,1.1630841209037934,0.7210820469107078,0.004414173167767942,0.20399284003175883,-1.2882183487965226,-1.7536967255443743,-103.09058074415631,1.2666678191222323,1.3327944895343107,-1.498596217615034,0
0.5435909269984976,0.4486621319864867,0.1835325943819287,-0.8865464456015664,-0.14151690310101928,-0.26898897543941414,-1.596606291062621,1.5991607866679447,1.4408028019318362,648.6405365205349,0.5370689387537463,0.51252449180196,64315.54869665591,757.6846488786483,1.36055245517906,0.8513323179910189,-0.008626817207753058,0.8073677009948628,-0.14156654974846702,0.13743651024558898,2952.492158081809,-1.054330566561943,-1.0392457057800149,71433.74655876769,-0.6700391747993368,0.22572379609274268,1.0629739177068183,0.4915590507775794,0.7785290607607445,0.9314062156803488,0.09211694239521608,-0.27311331143942824,-1.3393267477830315,0.7049563719125539,0.03971868694818126,-0.573955946911763,421.53517813904443,0.6763183929245475,-0.8108735095562608,-0.020731201083383666,-0.33628098969153464,-0.5750634303144669,0.5729809551832847,0.5446054049729847,0.11183952962953267,-0.32509901924379275,1.1624936026124109,-0.6335356819019243,1.0095085011017086,0.7456825702378512,-0.0073787343690222785,0.9237651177434199,1.8638908056094783,0.2809096313996454,31.182336879140966,1.8878150221990089,0.1425784807275996,-2.284060307242488,1
-0.8439948208962654,-0.11943610712601714,-0.7116608323967345,1.1396084270391627,0.7748911386423466,0.43623457720366215,-0.8021567063810264,0.3612899607309179,1.0652092666037367,676.3147084090584,-0.13187875296298016,-1.2026484039893097,82985.89889738904,725.8310013125991,-1.774999681751299,0.46749536438057054,0.3914933308849583,0.42893110739730467,-0.6762275263724942,-0.6684894448708871,-15946.643238351013,0.8981241982415722,0.1263123269434776,91682.25048504237,-0.5437790197858452,-0.8630806791218911,-0.8686223450401245,-1.9416306392345746,-1.0232627178482003,-0.38502157629643075,-0.06897827046700382,-0.5688710237082424,0.7343671909958054,-0.43678371138805094,0.4884472618722463,-0.05541167809715425,451.1646615039029,2.417440928563903,1.453474498158996,-0.2060639276524122,-0.9103930954554011,0.1470795312897514,-1.407608428444163,-2.219562233993931,1.0181399466113155,-1.3398339322242916,1.248827675140188,0.8599861070663853,-1.1034839066607867,-0.2270436607316897,-0.010674077915293094,0.7716370943939934,1.445143211178367,0.9492766139214146,-75.6855078689209,1.0663973368611661,1.0299381659138103,0.10388870560721135,1
0.00433659209769249,-0.2889473826885632,0.837430912858946,-0.8206942748300663,0.35212945020887265,0.7724985558807901,-0.38048648055818063,0.7842342394455799,-0.6103177907096162,456.7269710375561,-1.6227398207767323,0.28657863168312253,55943.527558430076,528.2004061297168,1.1707992902528832,0.15483750698178264,0.9308857660813113,-0.7510466806626647,-1.3528693385119805,-1.7844363910789278,-186.21433466566234,-0.19329829373186658,0.5044903829705983,55903.08130175931,0.4835986244472949,1.926736423258457,1.876136161956283,1.4153703760316896,1.1587181620216147,0.05783423879362599,-1.2090577399172242,1.5177086869187746,-1.2252724762004394,-0.5630479961586539,1.5955772371442505,2.126637172166637,499.4615602751364,-0.6736846066093886,1.5499071929232444,-1.6784708785505142,-0.2196089157373216,-0.015071145890488795,-0.9225884593389719,-0.2791206361485196,-0.10216798524195961,-0.20885494498525944,0.6354205505810858,-1.0375490291695488,-0.35867811547808165,2.1473855337038534,-0.016167007467166924,0.4778366925511044,-1.8215808350659906,2.041030536044901,102.38930000361941,1.6922671129950895,0.4528922950956014,1.0355710376652816,1
-0.9549711762014564,-2.338730567820798,0.586357590763073,1.412799293797863,0.6807928732555748,2.739353020336279,-1.4534372573794434,1.65277519560381,-1.263925844085472,579.0158944444024,-0.20422871121280967,0.7060316081698147,56903.7652573418,616.078991189269,-1.1846819905175798,1.1612515523188258,-0.5759672443714652,0.05668451497425875,-0.3953572119474223,-0.832224567477936,3286.4745895105557,0.807277908402703,-1.115835760789645,87798.77103671862,0.9494880737830429,2.9229488752889834,0.353274736317961,0.6169614522931446,0.0780917000411324,-0.6708235562802223,-1.411777037851235,-0.6029275431826896,-0.19835380620719834,0.5805442997638529,-0.8168984767724063,-0.9006075488812341,567.7059058124739,-0.06423781038378337,1.6630723917075618,-0.7976140164174592,-0.700294117418567,0.3044721444181426,-0.29172092696386787,-0.9993278228464434,0.7361454824348664,0.6342121876465218,-1.9947996766517881,2.4235231431975595,0.02287774106876315,-0.940887003868453,-0.0010688113169800301,-1.7503035345199887,1.2983493005256654,0.8099359837114011,-161.70002010643256,0.08696211403400242,0.28244152629121605,-1.4974506103234622,1
-0.8800425870914329,-0.010115139394281308,-0.11040538220862452,-0.16040707000704796,0.06649634872252416,1.9337656270642585,-0.042577757396938885,-0.8035218320425662,1.0275201154228089,609.1204480405578,0.4515940762518749,-1.0644154426835104,59999.22182518991,711.3680901140298,-0.8088161120164047,1.0799814022520948,0.2621319067399727,-1.3574877856241394,-2.3482964066841014,0.04142302542099741,8077.881253509743,-0.2640883875837008,-0.31782505513684584,58353.980242147474,-0.1250791054365163,-0.418353227816883,-1.6595606555227724,1.8002001937330598,0.5733544495099008,0.7398388922716764,1.218095633237031,-0.03047581334099124,0.383737873252477,-0.7583867046004688,-0.628045516539687,-0.4485050207846181,425.42128206744303,1.1237771228166322,0.37742318993875706,-1.8423799910508474,-1.4131144510021658,-0.5486406926409446,2.0501537667744616,0.45977433137956847,-0.7997762209159169,0.4913804568647926,0.9047503067718509,-0.3193165545073314,-1.392852177484497,-0.6610652907596722,-0.0037234790805671988,1.3343045056932001,0.1721966030155725,0.5136682687316396,-78.41863373025534,0.0970061935952731,1.5709778394757352,0.41496130997718605,0
-0.6770063443938599,0.17855909584652113,0.9470413118312513,-0.17238680945995324,-0.3368398804409145,2.2799408427398005,0.05689863748766016,0.21325553704581887,1.7184756951798072,692.9082291621215,0.25938760960182483,-0.6448753046759759,28560.922198770055,726.5997880412193,-0.9716120993248425,-0.2874978412063005,2.4028696462662738,1.1349628108220715,-0.23719664727575906,-0.34200467562903836,-2144.5331887423995,0.0857079531448934,-0.5562493699085658,28086.894952561524,-0.4551878435441165,-0.4916169143030834,1.3679474644028489,-1.2717605837127302,-1.090467381251266,0.48577419201785227,-0.13499626503478163,0.09801031978342654,-1.9812013201834615,-1.6145222129202381,-0.7223377831718114,-0.5584948942192328,424.1164178431562,-0.2675963856675912,0.3674011221634762,-0.32012094079741854,-0.16056850331795475,-0.023185596982547723,-0.4532165079234815,-0.6649961161903329,0.5063593245046474,1.1334332625614651,0.12991956058249077,-0.49730200353053056,-0.5051647837520257,-0.15528936482210334,0.005971023556347488,2.310660645018267,-0.09258871902895816,-0.2825798367397855,-212.32991655213743,1.549391639589479,0.6558862852965227,0.011894759484668888,1
-0.2536612141283172,-1.0679747385870852,0.024472555460434284,-0.4027805465049132,-0.3601811215258779,-0.1349957149728426,2.1321522851020758,1.591628459963652,0.868183824749187,703.2288310161631,0.5764359165246788,-0.08179974713182207,69910.35734253032,763.4572823070458,1.0960076958110796,-0.14226901379059714,0.3216263794133356,-0.43138511283527414,-0.9523234360539026,0.7340236557444907,-3181.030035923559,-0.21295717867711808,-0.73061880038168,74352.99143437116,0.06679071080703325,0.11489454796406111,-0.8374647234313191,0.48189067769312405,0.2955635231523851,0.9035772691319259,-1.2632836947141288,0.6471483718278976,0.49322283231008546,0.00343694567677181,-0.7202597039520734,-0.7777713187671954,512.040365983321,0.016833423624494984,-1.4176739805724987,0.07443892266571987,-0.3927464828799424,0.7326472803634809,-0.7091863049937577,-0.4714090410106356,1.0160740190140525,-0.02423661444154185,-0.5431116228049532,0.3882071502287987,-0.14392559340065933,0.009208598874073493,0.005575480264079223,1.3754124743903635,0.509671228961454,0.9718447408772171,-65.8032866182452,-0.8498692383957278,0.11074932681547163,-0.6831455865331508,0
0.6575919620823413,0.915668649023009,1.9437373504435618,0.2432213987558252,0.9295390453605715,0.4148070509567605,0.8137745844839919,1.0275444624412544,0.1724167447766233,653.3243859488276,-0.8738030965518022,0.17534961460052859,58708.334140115396,721.4924694941415,0.2105720170124377,1.3163690203525134,1.0438343083859307,0.5071982360201462,-1.9008975852514949,-0.057195732293797354,-8278.420436021268,-1.186571946678352,0.5815838858055556,62389.59154550062,0.6114808766666375,-0.00622276275521014,-1.4621654766022987,-1.0048419989412036,0.5152328904104332,2.4800279949999906,-0.9049364059309201,-0.4307414467893631,-0.039841140736541485,-0.20712463128296696,1.5749919973156223,-0.19261613382108536,538.1726828535091,-1.6138704861404043,0.09184131825600775,-1.7723885405154574,-0.40061921971862124,-0.8849748464952565,-0.4671034127539913,-1.5672941108191039,-0.38724551888479763,-0.009481202827965298,-0.13424757960572936,0.8751912212258701,1.1217836186972447,1.0600709301238491,-0.00840631447587879,0.2792949148953443,-0.16364313218852322,1.258474910955439,-101.10527163454005,-0.8235147437597111,2.425508767777917,-0.6642072254838983,1
-2.096343102028557,-0.7386138861282883,-0.043348719682370494,-1.0389841786498966,-0.7212181170211681,0.8429312190839374,0.35863456331458027,-1.044631461174793,-0.24017891025262797,578.2498309711957,1.0230595501862694,-0.14974357866001786,59289.997107852585,646.5117340934795,-0.8933429160136284,-2.4406489105750286,0.45864061542181195,-0.014793186338995448,-0.11852974537972653,1.5229771736052127,7492.047389180143,-0.31521859920307765,-0.8612227379133515,71969.15173619283,-0.2128712019658194,-0.6023242631097407,0.9480918270286858,-0.26691281834003994,-0.605333873006943,-0.862801794271421,0.33428172406381906,0.21318693470449035,1.1103100258213865,0.39585273447938313,-0.08084898913378998,0.24369316482477138,494.1086512235663,-1.5291779915044539,1.9295172968130865,-0.7399535940647242,-0.03304493888187443,-0.18972544368013755,-0.8431860138243613,-0.1484983244183318,-1.4402754681196692,-1.5292016843809395,-0.8385600495591662,-2.2102777829707327,-0.34351856844453776,-0.13545473884755194,0.01518793621021558,0.25838138299674984,1.3247224415715022,-2.167905664394465,-17.6299042275994,0.6230801640370189,1.275561335592094,1.2660769771004055,1
0.33096947697590073,0.46175527554991647,-1.0737213524306013,-0.3198595128494234,1.4698257803669277,0.870808061108754,0.7610294900740779,1.8541319284369686,0.1953712383822963,586.9257816888353,-0.2852131813509349,0.8270116097797465,38446.19282029441,653.8625953335427,-0.5576668069951387,-1.6671751348244015,0.17777886812059535,-2.0581166256117207,0.1112262684768329,-0.3780913348116869,-7073.58789014776,-1.31464304935007,0.6306463207859648,54040.43918895287,1.5936376705681243,-1.4557049025687283,-0.5131934054139513,0.969622320203319,0.9112880857058339,0.4545296737091636,0.15639626620796016,-0.9864448195067578,0.28512760020988454,0.4255914389506509,-0.6452366170264409,-0.6358140696984692,444.0168949560024,1.7061137482662607,1.0534473423042923,1.3697598663671384,-0.1722233872089977,-0.4873322330263407,1.104719455724482,1.0493118149514247,-0.41647159294556424,-0.900161608941346,0.8064614314955137,0.09564842357639079,0.4290326262141506,-0.065638712762263,-0.006250329621407953,-0.06610678426396129,-0.8529496997139147,0.1497513341781918,-23.53066502956316,1.7678524348417264,-0.2634457632163467,-0.3474089363051343,1
-0.03421773364334589,0.027678085424105207,1.1145732076157664,1.5396370663028103,0.5607409420070083,-1.1604158064974748,0.0657407955011911,-2.580650341513709,0.9755097686933533,566.3876309295649,-0.7321964957868995,0.9965964111249407,69449.89038984763,624.5034641134432,-0.9245725232935472,-1.090402188512827,-0.7026564421042636,-1.3307441498783985,-0.21590100611143384,-0.36912127020751734,11899.460129865578,-0.42693249021418406,-0.5516459857067864,74927.93194607095,0.48340015970576206,0.11015180694306752,0.16903838761859624,-1.2927838631529311,-0.943417048728886,0.4514154429973822,1.3548780218864591,-0.20191980031618198,0.17425168472779537,0.5843869789486916,-1.4103920831985282,0.29985397396441854,497.97640703171004,1.2551791181996335,-0.7485447008924666,-0.5911828546883938,0.022738324427330092,0.21061692693194822,-0.18884957606758312,-0.29514568734098073,-0.549791159286872,-0.29509451365493633,1.2863576292994814,-0.04935970168524943,1.5112429044257245,-0.7701929300956323,-0.014723585170861982,-1.307807302205063,1.833084007199352,-0.21131730158181283,204.0463582612815,-2.036503232188306,-1.994937014297734,-0.539838209172554,1
-0.5036021466457836,0.14501059875863345,-0.49234571652713816,0.748528871906827,-0.6194469917918654,-0.6317229020607469,1.0802473454211123,1.8528362710950737,0.4738937421727559,671.0240617823342,-0.6901017893237454,-0.6589155733075848,99746.62429193796,703.1797428925395,-1.2304764163078286,-0.37276268511147637,-0.46300028410867866,2.8035994879062134,-0.259215516198072,0.4222291404038364,386.21142059957987,-0.20231103350970847,-0.49261414164385137,106916.42342067917,0.6229161181169496,-0.949737332116667,-1.1210938181576258,-0.5904500618052817,0.7808701087235778,-2.5440480473432454,-0.4072629006266132,0.597982794574599,-0.4281708796835308,-0.3346500679264171,0.6712305678963029,0.567791733545425,391.53356398260854,0.16893475017087434,0.43081555537679933,0.16050866243132558,-0.83753388246117,-2.105156941684859,1.095816942169359,-0.24384207139511394,1.4883936456416909,-0.6853679170115853,-1.2970506756844125,-0.9429498743997167,-0.05722794979285178,-0.3560770168858061,0.018005277292898494,0.13419109331411253,-0.6184563337870216,-0.9939586052383266,11.943894653615562,-0.6827360431748212,-0.5749314787189691,1.40523531860489,1
-1.6915327347300424,0.3929106778420101,0.7323094320084829,0.5368811299258172,0.695471743483951,1.5154786000572549,-0.4596622249711127,0.3964290847081368,0.13893983711981953,637.4559581605693,-1.8737148615716837,0.4033812168015307,102617.359310831,702.6377751196319,-0.6247390973534974,0.7409335122055458,-0.4163860805894772,-2.1327795197826136,0.8605566331532919,-0.3092933458428526,10923.908761005314,-0.21924944034178573,1.4406227585878542,107879.03272064804,-0.22016781140333705,1.1099103816675775,1.3096886064461117,1.4897415914957686,-0.8721573334918611,-1.870461795168504,-2.489665137150372,-0.2586552492645609,1.4000369789725557,1.7512504287653543,0.5193602257253516,-0.1867414534893842,504.6094916538249,0.4446893117535639,-0.49818564929899967,-1.0681937646944313,-0.7346501631162422,-0.337912130025244,1.7844489132908705,0.5501699071801731,1.118487836026975,-1.2605043796616038,-0.7177916195562053,0.44198203810392794,-0.3116375543413634,1.1843125257143987,-0.003839054144413455,-0.6784284903891507,-0.9637348124108324,-0.7101586157780148,-186.03535284112755,0.12343487568068084,-0.5048112497864615,0.6795338264874162,1
-1.50577336102867,0.33112873206865895,1.8444136405258502,0.830821035405395,0.026012501593565482,0.6499605718765126,0.8340260161827412,0.10704321443113841,0.40589300255308197,621.365654328314,1.3690354563795324,1.5486968130653005,52373.86607611529,722.4247433856782,1.8009470717090124,-1.0695402824151703,-1.5533740090123955,0.5639757436102869,-2.111116875699108,0.15055628699154924,-958.6953127030497,-0.16815469163492835,0.3412425132112226,61009.79587845574,0.11587541281034867,-0.06424215263343347,-0.258526931291413,-0.7285153174201777,-1.4854849227919662,0.05431606515796901,0.3325979620857155,-0.20539254943529617,0.1318032850204277,-0.07910546635640642,-0.6267746098962989,0.2985008210424483,379.1516358759291,-0.5306224747676368,0.4420838203522035,-0.004622666047284041,-0.6500938576687886,-0.695291501081162,-0.19071822497982813,-0.9983391100643293,-0.985950751798454,-1.0177567924622393,-1.5031712716547612,-0.48614781579709027,-0.172705226416965,-0.5957521367747035,0.0017975890582600793,1.2981441572469439,1.0453558274614718,-0.31014051385343355,-149.67397462378793,0.2907903085262777,1.380698579061879,-1.2687872582377535,1
-1.0812891698814011,-0.1791554138063487,-0.24799038687263988,1.7032543300953757,0.5096351384357807,0.4671445444626028,-2.0974025864315844,-0.47326426821127243,-0.6416252084450703,599.5088703818593,0.27868496046256463,-1.1826222014496277,21734.66453649802,665.0328218286155,1.7989833220073321,0.2553098260374589,0.4271838882842089,-1.4184795520364892,-0.7202634957547898,-1.0293630299803023,-7461.852247397202,0.21665433300017387,-1.503721957740282,36479.12905522936,0.80214011107756,-1.3302023957149618,0.324628472522225,0.30794770588607134,-2.744193716996469,-0.8395023753137139,0.8962782777942534,-0.3313657800244822,1.2470611966454397,-1.2247065076713275,-1.006799912595884,-1.6431837720019336,445.9711522236514,-2.0175066989717836,-0.6179821470681054,-1.8225551760492746,0.2882211902526459,-0.5669434887241396,-0.028895356914344573,2.3535333873317237,0.08942856514675275,0.6323052605167704,-0.21778602975639594,-1.2911379626208643,-0.5709026064528598,-0.627313086661104,-0.013240466660322851,0.6886666145490702,-0.034556967831603724,1.545806341475059,46.70619237217331,0.962650817466649,0.09672572559523764,-0.9157900411490218,1
-0.17281884500423855,-0.40395339961505183,0.42282419648278124,0.5262980573285123,1.1197241959098474,-0.889637675466307,-0.1583527753258097,0.43536447436868175,1.5355958040493116,586.4210190849426,-0.5106511798259451,1.261031415795027,56390.576665682725,651.9703418601838,0.6101814010588507,-1.0080345569413591,1.4949230709040129,0.23809274451717624,0.7967807741961692,0.6765588431167926,2369.604181280727,0.4523263878831369,0.48484937325419614,88341.82683978994,-0.981661766253905,-1.37890405384182,-0.36849689914736017,-0.46420070665680446,2.167950362779066,-1.3198274919741328,-0.173729388798562,-0.43812831444203415,1.9389629546772602,-0.5420743177624632,-0.12199528285931606,-1.1226529855692768,409.7825140177924,0.13099035296421147,1.0078898089863817,0.14269636626023974,-0.8427374482836164,2.892543423355065,-0.15585976557550196,1.001900708188213,-0.46094358129509155,2.2358050623856602,-0.10970086975916837,-0.07469117697974709,-1.516324230942334,1.0690464961395671,0.013643909753003804,-0.11917518900050281,0.8431077816600555,0.7258543683093083,90.45797228675846,1.319304786515929,0.3206257088341299,-0.07786160406736096,1
1.8523870738995687,0.3167750218157081,1.7485200844832443,0.861708456365774,-0.3086301243366613,-0.7379566351143518,1.4472655341776772,1.5615760341898055,0.9519977474906728,701.165180821309,-0.4827861992222723,0.77457541454993,75161.0939151266,774.346908674863,0.14538107522188626,-0.08519489619817219,1.9058359120908888,-2.958210789256874,2.3149990176551043,0.8964563445406208,-554.5430101262419,0.1696591601360723,2.63758077002905,81206.04070926586,1.4510787908286873,1.7453278009867403,0.9728318841869086,1.1423143877228805,1.705912128724642,-3.3881243122856635,0.3681021074961424,0.997707439754914,-0.2898655645465673,-0.024886391443611815,-0.1729432055288582,0.014730388345947911,568.5659976551482,-1.6801179462844535,-0.644422342655004,-0.1100372935856169,-0.8472841095042724,0.3883322588797736,0.21201371258831483,0.2837923422245436,-1.2930253456066574,-0.5653297352440599,-1.112135418998785,-0.253186195054515,1.2298322944402758,-1.1983176592214075,0.009717608227913939,-0.33546222918287383,-0.742187239643617,1.858417357305342,119.0835435199516,-0.13174689284887267,-0.4940305515925005,0.27689710260463135,1
0.5407814070134337,0.6942692954304022,1.082996684153541,1.4093004709984491,-0.839483607186405,-1.035646737404462,-0.18075620908543813,-0.9423206403106003,-1.13811329207228,452.06123884565943,1.5187879988494948,-0.8173970891030236,56377.19113413432,566.8502617263467,0.040334740675110066,-2.099034021608855,0.45199842506628907,0.9573980087541198,0.9101994672600804,1.7313411660139228,797.1111432348977,-0.28341302359248316,0.048959769673005256,76459.18952370326,-1.0341134953710223,0.4715300956901896,-0.6461864512350596,0.6011175204688263,0.09223827390516312,1.1556438483425238,-0.7651854677242487,1.6198448179518476,0.22291477783293412,1.559647414653315,-1.8127521885678122,0.1174868309143533,456.9872638139889,-0.4062454388842873,1.6501333606654314,1.1142050869481854,-0.8271188690716152,1.453395023508003,0.849830624366093,0.4852073980587275,-0.758210261058644,-0.46953458672308374,1.583684740258917,-0.0014442293058446732,1.7313945871535454,0.3408305905649693,-0.004913570848653728,0.720757760543598,0.5252229879138056,1.3689548557486295,-94.01633942953764,1.6954662558456273,-0.8303893953538931,-0.6493689314418644,1
-1.0334194155313225,-1.9589501817941954,0.1997444846751145,0.10039276973034551,1.596087574340558,-0.297188967650981,0.2798271609002423,1.111497442829535,-2.0036110472168676,557.3011969157106,-1.4704550105277818,2.055179679309264,84175.03698648058,643.7762237921462,1.551234789857895,-0.46314605768391204,-0.9292540746107206,1.5125663918500154,-1.9872767687761579,0.11788155778490697,-16671.960563187113,1.6988924232785692,-0.7352752283398146,95385.83469445357,-0.20955528142205593,0.3488953995870074,0.5853149982597519,0.4977117238832804,-0.8175390476983808,-0.8872869086966265,-1.1266227562310691,1.8637101067148263,2.6367306377256305,1.864698377367836,0.6168416332051168,-1.4583669650364741,655.1341035439143,-0.6629999131203639,-1.1701999815708868,-0.09912634722117601,-0.1966569512799488,-1.3188266096378576,-0.05124793930407598,-0.2226821878610377,-0.23488024121842513,0.6839228268751244,-0.219249238563789,0.5225628996662331,0.4607339023988053,-0.4769810510780876,-0.005874377511785013,0.3870760969825878,-0.6126630605512347,-0.13362709740411693,34.897806399241354,0.5804404749544357,1.7758911200536438,-0.7606775620021001,1
0.5426607526941799,1.1454854259707428,-0.2829205974543983,-2.0302352109496957,-0.19483136369627116,-0.31289172875739035,-0.5473890321721311,-1.4143698318971303,-0.89252542653586,582.3803312783482,0.4227663273304261,0.010615193353053554,77891.78721189141,595.8281743235351,-0.9365762402851366,0.9143798979475497,0.040055023743232825,0.6696339515883835,-0.3881607939504393,-0.593286583816962,-16360.586196123959,-0.02179309306471649,0.5093208057688108,74768.08442563629,-0.6541544591784504,0.48801662510891,-0.18399095816135552,-0.3275016101034611,-0.9227932007949364,0.8671420666537448,-1.4090430898864292,0.18519544286490325,0.8850418798896338,0.4969141771882814,-1.309705349529399,-0.8273984854739865,443.70168139189934,0.7836927923279599,0.16423903833206865,-1.528132224261907,0.08197867594391087,-1.2692572225088896,-1.1497604608310947,0.25679630786752966,0.47370794626952356,-0.3537257351003702,-0.6783266157538846,-0.8480767217081064,-0.2752910204177974,-0.23152600591729935,-0.0002943208450211552,0.5639627346280686,-0.11073304534838758,0.15399844119190173,-111.13438097861474,0.1500358631577709,-0.8822490823028226,0.1774090546241174,1
1.286871736347144,-1.1643606959731538,-0.336373331859185,-1.1745229887885276,-0.3145135064356651,-0.19919745412461978,0.362869210231569,-0.06823857195338712,0.1377684688087028,621.8675460013534,0.8845305529541037,0.4842126266788192,75545.00255240023,671.2449751233845,-0.0044913850813873765,-0.8736360975113219,1.3758924438456595,0.8111928717392198,-0.05271835401376692,0.14311083209469969,-5056.865876658133,0.08166194990789949,1.0538521935310559,96436.26664918919,0.05014496903876789,-0.7080046117409157,-0.4795186077769833,-0.3945996923374058,-0.16032169054094578,-0.546576706325804,0.38883482512232587,-0.4684515748752921,0.916875320156738,0.18635035772425781,0.6559589747413908,0.5554036404561533,520.0293469265564,-0.403778073588909,0.31462727047994143,-0.0724199269583096,-0.32473654268398916,-0.6909923485379806,-0.0018232023712200836,1.0010604606434197,-0.5305773035332011,-1.6556949717643337,1.1023586917186063,1.1496602235297624,0.7255519412013952,1.7136915768981966,-0.006991587256556169,-0.2177027111482968,-0.04065917064516861,-1.4475324606657212,50.221265625448595,-1.0611782130619674,-0.39702779440848646,1.1699236122229046,0
1.2162607570903365,-0.5478017944542733,-1.6189101405180697,-0.08379954055424957,0.7002489170206343,-0.1596231684264951,-1.5339327785808348,0.8884601395430898,-1.2833912496454527,605.2943594241833,0.746594616855252,0.19437517170396262,48317.080034290026,702.9343970831547,-0.8133828285629483,2.3922716212691757,-0.8617188871284003,-0.5998252163006047,-0.48074826132205806,0.7900755328951399,-24112.898162124176,0.3355233533941565,-0.03038181343068564,49648.88066271733,-2.910333898243464,-0.44114708256765306,0.2937783485799528,0.47298586137944754,0.31177334651739863,0.15671945308452612,-0.48282029682603733,1.2042581372121504,-0.10843135852404996,1.9121682264002993,0.37896376522021,0.619452889436886,544.8817275973437,1.8611450489667238,-0.5267425702139962,0.9997873760918158,-1.5400874041019372,0.4598089900584482,-1.7954708281657294,-1.5680042599488684,0.40727613546797214,-0.26228040134012315,1.3011297526670997,1.581894899429626,0.7964235209703717,0.6243243577546322,-0.0019208308785822732,-0.06889473438318133,-0.44803740512753826,0.049437148825602635,-43.653298735453845,-0.28165136229844984,0.5402856980153361,-0.3091910445043123,0
-1.3942385678313027,1.0035796441625817,-0.5859577348093288,-0.5806141647163003,-0.8230306022682993,0.26208676977595785,0.6746455291722614,-0.6474312010222191,1.1768568737837681,594.6960311345207,-1.3838172838863154,0.3770943860675835,72503.52284192543,655.8982138523742,1.3892694336395235,0.4081002504106478,-0.005918600001478821,-0.9302014754419147,-0.30195036121355656,0.40050385817121753,4071.9355567092275,-1.236519058387881,-0.102198705756875,83783.09776840695,1.1364623042573518,0.10310852285686314,0.39338043693076397,0.3348110426207903,-1.5138538194500546,-0.4110345970641322,-0.3704349217492138,2.7368611817287665,0.364142929687857,0.26479380650300455,0.6775568102444726,0.6512133758580292,400.97090946934236,-2.1271249507175405,-0.9036872056676771,-1.5526636735627493,1.2036756141791816,1.781399145098194,-1.026932121551897,1.0418613320008043,-0.987361752487407,0.7586793890457726,0.016038875548008192,0.3233084594732896,1.4220240998580145,-0.39681595689178767,-0.006255865623967218,-0.06885795280730442,-0.7174573118242689,-0.9734618051283593,31.772399070161445,-0.3308160484638248,0.49250661427845427,-0.2639092728031709,0
0.029532723072524313,0.4518264285699555,0.9018828802878003,0.16742389306064337,-0.34015860153959004,-1.1010386660231604,0.6733919173196662,-0.5233366673797276,0.015518168996563221,650.8478476157552,1.4563858706094717,0.3218871840550878,62604.593419266224,693.5750493899399,0.6666986357288232,-0.21791533718991074,0.7858354580074787,-0.650755306623081,-0.1155873325826237,-0.4302189818005838,-2951.0035666530425,-0.10515197482908382,0.004782695613254431,63630.23228951579,-1.8034206567804194,0.20909584658305963,-0.2560749616646664,1.6982027325333564,-1.7061829662437358,-1.0652596570650874,-0.6973672326207456,0.7589815411857146,-0.6197527421413999,1.6768977154110754,0.1494615625041075,0.8505643756984558,524.5956856255875,-0.6502033895774645,-0.8585923448412032,0.2315265516962422,0.1168176392622695,-0.5653189148582203,0.13616309050689437,0.7216357063387264,-0.9768079435742721,-0.9799708292853004,-0.16914651310803014,0.7120437639620874,0.3302468522975144,1.359356566349244,-0.014845802623618627,-0.39953794631742656,0.6484498396031461,-0.5643596666811564,-121.0436758613915,-0.5136487075923025,0.93338072961797,-0.3811190939593915,0
0.4615826108922098,-1.1730498679004175,-0.32626595527460106,0.9682693307313409,0.41561746048753384,0.7658448313507303,-0.044227147891652725,0.16437226239557098,1.5711227606628675,707.3619812600365,1.4072632093704585,0.455008526503254,53062.93739835485,764.2059610036451,-0.6396634781706912,-0.8332213948761847,-0.7631250002295696,-0.26578084911500177,1.2509041598894022,-0.43794481554592724,650.8250493492977,-0.7541723845825613,0.8503370475280759,50914.475697451635,0.439250866797035,0.27592858722461294,0.09514414246230316,-0.8150705170540155,-0.19350393529688034,-0.574269159482664,0.9718690250682515,-0.677643739291343,-0.3336522027144418,0.9715593701281433,0.43064264851172795,-0.15211809566552636,467.89204427260194,-1.5741514995404589,-0.34568755386113303,-1.2385390471596043,0.5473569229631129,-0.2456525586307351,0.2228151554160138,-1.627244621272358,-0.16789234663948532,-0.041196792384858585,-0.7829810775673183,1.0708498716135015,-1.6065903451957573,-0.2748250410917764,-0.0014698709012438565,-3.173688430167628,-0.8714342404514175,-0.5654256449267119,203.57380015586165,0.41477588926815623,0.07152768714378988,0.991596988014342,0
0.12536124015397973,-0.7433706625736362,-0.5367371724425233,-0.45616519432539454,1.9371894367283695,0.9322601116904706,0.8166554652077457,-0.5609432676582765,0.3861288023477652,456.5850772860068,-1.448977198080817,0.6810874464795199,38881.747377455235,484.1170880345155,0.191782407834274,0.8918119143910337,-1.3654607343994,1.4950619281929811,0.34544375672316036,0.4138135697943501,16742.318600191873,0.2585486026659604,0.7120449949285779,50728.1161783508,-0.7366594787794167,0.16148663659765403,1.66254022424601,-0.4876953421278817,0.2671738888976198,0.28810894141750626,-0.01758299433638223,-1.410729396430272,-1.4699918146170687,0.8049203463145562,0.872716973539147,-0.9488263688121895,515.5460773235393,2.0713660395112545,0.036814963554756976,-0.35236932968286705,1.445906756160761,-1.146079327096847,-0.03895903841719612,1.8103546413560012,-0.42724958240581956,0.6601295660179863,-0.3635290792159315,-0.1315121234782677,-0.35340986561822146,0.18113282504425118,-0.01946388189366931,0.5678827874110273,-0.5116840948781703,-0.5559632905169504,-144.0186864417968,-0.20670316033759714,-0.43096438054495967,0.2155544006239894,1
-0.18547396597045354,0.03002757930045331,-1.223684619983265,-1.5684108207419318,-1.3175294210793658,1.4672752546650893,0.21834011284526944,0.16983851857294943,0.3746457550646889,720.2910134526867,1.2852565692623186,0.019865626039290835,83137.54442496184,815.4618069428493,2.444240352519626,-1.5821353147160722,-0.9302859770398755,0.3835037333855619,1.2429707663296414,0.47943709813215585,-4882.506826056586,0.9250611001068251,-2.2901066563058343,90225.97452288339,1.2040073003526166,-1.440620994775606,0.07767922729500634,-0.7969008209247527,0.79315126032235,-0.08414426805594297,-0.4349690050268628,-1.7375619805790912,0.5528783173200026,0.09398012281591324,0.5696408393773964,0.10709732259347389,473.57951239366,1.704997948832885,1.1713371578951075,-0.6630794081797178,-0.4097053082752515,-1.494664579393256,-0.5029175556902996,0.5338508018035871,-2.1175153652176983,0.0611802799200724,0.3280088652197105,0.1105308661868248,0.43986738559880434,0.5251207913209227,-0.004156675421408215,-0.5433178787347558,1.3575548488140157,1.2274458918721505,-253.12206499766918,0.3604668803312885,0.3804284242568326,0.3950318557865314,0
-1.3623341397655897,-0.344911056441012,0.2092638276556606,-0.26179932315400695,-0.2695289529837264,-1.8398435076820099,-0.1526928681039953,-1.5477820959517359,1.0104490886048205,668.9622835632058,0.5165244002634967,0.017441030810912805,41609.25775979685,718.9774150644676,1.5497429982437672,0.18500583818713798,0.945656136989591,-0.4883265678812045,-0.026654688381175656,0.8133727371141326,17625.143888121736,-0.4917960996363252,0.8731541950887594,49595.09949277398,0.07792731250763853,-0.9382988084773224,-0.06607460399223587,0.8122650482102526,0.757277532726907,2.524356667883289,-1.264214376003606,-0.7977868384563541,0.9306477475824315,-1.4988020180528228,0.25524636754045615,2.4523411329276716,526.7675728433405,1.93681262615371,-0.8856697380029135,-0.3711857850016085,1.8397470398356148,0.6656543099057953,0.1359306931247755,-0.8955013064826447,1.6419680403036248,0.46684352008978075,0.514842325123364,-0.023531976662891564,-0.3949084692014715,-0.8179505342809786,-0.0155351150288246,-0.08183779661436291,-0.6699126790265078,-1.0271869140080547,-97.39739121602994,-0.07621792959500555,-2.2941303253936147,1.0670641754763208,0
0.9363351657049925,0.31921313090595954,-0.13328220622500375,-0.23827533254997071,0.2144232944423527,1.8658416562091027,0.4354756237110678,-1.1382772973824766,0.9044518193735667,691.183398454536,-1.2352801467710373,-0.055657014356009976,32497.99549638087,719.0854780104456,1.145439184581115,1.0558580452440451,-1.271821358586355,-1.061381549924355,1.4692784779599615,-1.9012283477258916,-1938.5155595480542,0.33800061412587284,-1.1336916722035262,47712.486431383106,-0.7788048880038675,-1.7296478760331042,-1.2668810175142173,-1.2931746741734915,-2.7071960271890343,-0.9171145616158657,-0.946517631488862,-0.6970464790551651,-0.7523505393072221,-0.3887411254322955,0.4011866815552728,-0.2802608490499504,492.7922076027422,-0.3430687294327052,-0.40464710440524454,-1.9067527412409428,-0.3500416014871272,-0.8293372388510356,1.3947248857015817,-1.7763506737788988,0.4767267595472718,1.3627013838765931,-0.3609406613998865,0.524818996484195,2.9218103876003463,0.16559598741745907,0.012587921666296562,1.3807653343353736,-0.30463642853875805,1.569221422718043,-186.41692960866035,0.706460765317843,-0.49712211174455273,-0.09440832988434619,0
0.5793529484941695,-0.7137081427481824,-0.38769533701555164,0.9875020232010847,-1.071222018174631,-1.0520255070484414,0.09205942824607836,-0.5234243508781639,-0.20686700054549298,677.6818974521418,0.2186982950733916,-0.8891173080469421,40338.919497194984,734.0715498576682,-1.2433053207777245,-0.48240688481785415,-1.8191117904171004,2.0909386351350117,1.528587434864959,-0.26673711433656333,-1347.1394178109467,-0.8524146548359921,0.6577590208406315,52322.231490062026,0.9796890213104267,0.6806733764886772,-1.0445895519885349,1.096438060178758,0.5658554760918373,-0.6040856678758943,1.3271053967291713,1.626021923119953,1.6538906346846907,0.4233933358517016,0.8395176307758286,2.205591090978738,474.48452983438784,0.3065213398822054,1.5850601523309287,-1.0398276329981284,-0.20109633247353983,0.3552059245106701,1.1242676090579822,0.49459904091560336,0.5393771370047372,0.826894767536266,-0.08709102047090585,-1.0970206225465327,0.5323795175545355,0.29830135416688636,0.008781736022604725,0.6917432772989696,0.7706788956256684,0.24026187911343394,-38.229605519644004,0.42906902568778893,0.12170688295384732,0.25970677065225584,0
-0.039409376513156034,-1.192139691024201,-0.021021637912977016,-1.0374164500445542,-1.4576361955827284,-1.159298848225129,-0.11068244610945324,-0.9624756820582689,-0.5791918122390214,735.0990431634275,-0.8876762523152946,-0.4667859928109219,71418.93938039278,786.3497140555307,1.21816910680132,1.980541340815944,0.08873600370484483,1.1406348005668903,0.9430658399513532,1.1506015291432106,3411.316839884686,-1.1706758366826104,0.0702687922408101,64998.91644261658,0.3972214254734656,0.6528581227937288,0.7833916958518626,0.38979344805568683,-1.4255248898364787,-0.41395656217533366,-1.139411216263074,-0.6155936776262031,-1.3633127940983338,1.2309333158848108,-0.5464095016351946,2.1083240651156716,513.412712554439,-3.0394556465745275,3.092939218179827,0.3061898218296159,0.22470332638477833,1.0419023420806286,-0.07208103343767545,0.2262817488215167,-0.99824933874657,0.6101101628881445,0.1380516602563132,-1.1220960900352346,-0.3303773399426376,0.48678572881562365,0.012385868040495138,0.3490277604966636,0.7735150970750235,0.25252933805241234,-55.97650215511072,1.7263573964706804,-0.778727493179653,-1.3085949966852277,1
-0.8997290431004241,1.4672810240209264,0.9164846952903851,0.040881627132562805,1.8385542133772983,0.5079735850762493,1.4023263126160022,0.15096423855489197,-0.5570719897243767,701.0758914226329,-0.569573065724389,-0.22009592009100515,59232.746673556394,786.1952260736424,0.7328902507298252,1.6305089665064454,2.558492204667465,1.0045897381714757,-1.0800030683236,-0.08366383724203073,23227.945833169797,0.8881597542848594,0.7667834442390227,72092.13554100135,-2.058212442475902,0.21640559733305748,0.288862100929191,-0.2661585863530853,0.19753441867151567,0.536879577662448,-0.23857975206434584,0.014926232119799347,0.5963294589349478,-0.6861912456849809,0.4180235495607323,-0.35409314722647467,512.3215041484681,-0.6917304451777561,-1.0591535057232841,0.3464552024943225,-2.6907353050384284,-0.3528626566115273,0.35742722348516426,0.5207333031559076,1.0118913303018695,-1.7150679766164614,-0.9793306728345418,0.36030164214816446,-0.9303082794593215,0.40095967926762427,-0.003082674725977454,-0.25948143948346836,-0.20543787872291938,0.08665633550237366,31.913914362957126,1.4617086448400731,-0.26755549557652675,1.1010995217433015,0
-0.35763684069273827,0.08649405569586804,-0.693990048053203,-0.3474653471524936,0.38768951644082994,-0.828933265833804,1.4629854672006568,-1.6089780999225718,1.4011209142364176,693.8075939939836,-0.3379956598851571,0.8040868603811022,44483.598419866474,748.4942418044518,0.20442329829544892,-0.6444490828040678,0.34706673948413025,0.08506784671692512,-0.08836715323623469,0.8224121380805968,-9910.120689306168,0.39885526630150375,-0.47315358909096455,54783.692914011845,-1.510168104102092,0.7329047797895953,1.134366663403484,-0.3349938252513274,-1.122928878161796,0.6690669965100369,0.7899608365567895,0.9788083125069447,0.7179241983772293,0.09422089987522951,0.2455088819328182,1.2917559104224499,489.9586081050953,-0.8923975457727755,1.0642322473954002,0.10055226266579013,1.8514801829451815,0.1653259587165056,-0.4808732561988359,-0.9539327385565346,-1.549864511713135,-1.6895012473934103,1.802066192456086,1.1388111799262786,1.813087989171362,0.1059593082081124,-0.005102810565144512,0.5988801247560629,1.0344314404182569,1.2945868088211758,-48.628742173603335,0.47881355892849153,-0.6209078258751519,0.18840248579759,1
-0.3570673199934205,-1.1356628241647018,0.09079901844669006,1.5529084770542436,-0.3351342178253921,2.3051763307756157,-0.08164182620587485,1.276474163566006,-0.30030955580905583,641.3544651434801,-1.9447409743413226,-0.2046617760361651,47502.67367682622,703.1244818339907,-1.6656803211112376,0.024922646186693577,0.6416975278735242,1.0049732270427056,-0.5321789002682354,-0.004841068079515655,-8082.35922949314,0.20538496145871482,1.4385313307631051,45541.02880119515,1.6103566854301365,0.08083020880984643,1.492372954682715,-0.04528540326940781,0.8529541234573246,-1.4744054096885943,-0.30928014410236326,0.5513804383374474,0.6134680345189584,0.6589034614144168,-1.1303372395617899,1.7443912854644164,459.1861494763407,-1.4150911016527035,0.2674131595529841,-1.7998380698894667,-0.06091957213581678,0.24858782291515222,-0.8081351302079894,0.07345931713935373,-1.5672271705382714,0.15568160960498897,-0.06844858635024198,0.349756456685463,-1.1289253020029597,-1.8114410839628505,-0.0024195315426665327,-1.124305598860895,1.0542445877769668,0.8820804113836532,-7.439398519298352,-0.7836301879855374,1.8675736754921384,1.1714305365507605,0
-1.6278364048368412,-0.49956586855677815,-2.3249131515177526,0.1870793932983148,-2.028687371189234,1.0264814768100137,1.6479664795339455,1.2010685727800667,2.501108204863062,724.3768581091089,-0.6314322907396062,0.3803145895050515,67255.14352187979,808.9143587632531,-0.4320669023808486,1.102036072874944,-1.238623880289376,1.6119473579073094,0.6098158366309404,-1.631865878655051,-11165.126643770693,0.6240741159235197,-0.15253932577226462,74363.98664360837,-2.003324198015038,-0.08727521874025429,-0.36381579637118866,1.0523894041242117,-0.5845328811013442,-0.6527879029225971,-2.068330464509918,-0.5997112644867689,-0.2214869875123577,-0.9555521848885337,0.4275704125078387,1.4971673479070973,505.58606009995907,0.8453612028243219,0.4211310515233872,1.0814325826152595,0.08786237615015169,0.1106879665222097,-0.4811267566345882,-1.9183099940110946,0.6296398577769813,0.34196518783082025,0.24596709481538737,0.1766923760249845,0.1410078679076999,-0.0084237197732348,-0.007691121247098843,-0.10784514874199695,-0.5791490292683993,-0.4729569195371887,61.75010157246644,0.8845799185545037,0.19772271190132293,-0.8510636758617831,0
-0.0682317707296725,0.9896576893613759,-1.6001590859106616,-1.6514881478308998,-1.078944872997975,0.24963782162293544,-0.16104451007186457,-1.381090964814142,0.5385164100609959,647.5947535241204,0.4125722510678197,-0.9399620109323232,46823.92951090916,770.2855490202409,-1.3795709782959622,-0.9874416126320411,1.4990692697256245,1.2150669786357435,2.1802055259933004,-1.2612979780970355,3225.2497990186157,0.4777505938533779,-0.582192800330962,47274.676953050846,0.5364707600798495,0.02908116106819385,-1.1309847948781881,2.5265601174460253,-0.31020085392132446,-0.010524383039853718,-1.134157926074741,0.4351777715892482,0.4899858768882517,0.13725005874665722,-0.9790584576665806,-0.462073722544125,563.8321900552057,0.017057262239151876,-0.12325061718717276,-0.20913878893030574,1.0023903041252105,1.3968247032395862,-0.9361484710343438,0.7581169697670862,-0.39265216107062834,-0.5234596064250066,0.5853538697542707,1.167854850658322,-0.8766509177135648,0.3218375652061308,0.0073310908546549425,0.7173576834635637,0.7256252476874715,-0.8354644811926191,-104.15579930807561,-0.10479969281149992,-0.18686356784244806,0.14837347862024514,0
0.7221119032362417,0.6136375022555983,1.0780102602576005,0.1914801291304264,-1.228328249336118,-0.37242172573153487,0.8866948926418742,-0.24486660382310538,-0.6787154131519713,608.945985293953,-0.39092211840487556,1.451432741577531,68584.71207103823,631.7741929191985,0.5658631247047151,-1.2437308297741676,-1.241229141234939,-0.8981870289071726,1.1124037976084018,-0.5087835758264103,12513.355521592512,-0.13002020741032402,-0.2218368170976474,77503.46982007934,-0.8521726505573346,0.5884652450622393,-0.3371809455167273,0.7237157854165784,1.109761369727182,-0.7750582764197275,-1.2122798579724985,-0.9768872936553962,0.4639914269753194,0.8737701058298102,0.3334773888064015,-1.1818748065847338,503.60457886490934,-0.591695928011874,0.19664795912021607,-0.03222721571892401,0.2386155896072085,0.5745527749494901,-0.4867501519673263,1.6162541805383157,-0.8728479290995292,1.4874392780961414,-0.2929756784570584,-0.7218438972694169,-1.5034602384302571,-0.722831487016832,-0.0018342168724401007,1.5064338570659055,2.0413355567672347,1.9553367447997319,94.56559603769156,-0.11780200661330542,-0.10516585085752637,-0.8240089088874715,1
1.5473415320567712,1.5789145805972384,-0.16284041929393123,2.867988469519932,-0.5770348183120445,-1.2340996044668568,0.808283762790081,-0.44066001199084337,-0.8191636859147851,718.0008132736357,0.5751537171563972,0.7392467608610818,48247.64683359578,777.4623879746654,-0.7545386801606897,-1.3567293206605546,-0.910001320923004,-0.6079679293510744,-0.06526091511364487,-1.1761499574276215,35.336117467007014,-1.1856050207260667,0.1451154114097722,63855.532776163454,-0.2269277539780011,0.5861549745099087,0.23857767712090802,-0.574942108836917,-0.41555268985132343,-0.6306495972278254,-0.5540057034395427,2.215481248030437,-0.29593076430071985,-0.36083699111405526,0.6216416690740696,-1.1186045792334223,553.2298458100101,1.2672783703244987,-1.4389444692037192,-2.630284316213588,-1.3310221920494616,0.23753877658766678,-0.14471099976221713,0.7138761947085178,0.7111859718117264,-0.7558608342300448,-0.1926101484694016,-0.25263752250392885,-0.6723058349973575,-0.4335623465045461,-0.0009722028093935457,-0.3728834313434195,-1.5802787305321404,0.02524273434554341,-154.5261777155384,0.23348599914095935,0.4129452499460497,-1.8295115972161966,1
1.052847178514531,2.017910514938577,2.4194268272872064,-0.6922677621422472,0.7785968188164553,-1.2747199329046903,-0.45787201290311974,1.5300333533298114,-0.3781486236371775,587.9774315428051,-1.985834782838208,-0.977630563335436,38622.68605950939,671.4805456618036,-0.3409749252869729,-0.8851813747463513,-0.12750086616786155,0.0017277285963033465,0.11036330083263947,0.8172815736654649,-1559.826804824359,0.7772628955771029,0.2651152009140498,56313.27534565038,0.06965631139870296,1.367783134866994,-1.6464902579171377,0.46399560112317556,-0.35950152725335444,0.14813718194688488,-0.13960214560689363,0.4053170022837681,2.7558425197054133,-0.27044438595419196,-0.11373266356348824,0.3254162461628276,383.99478606465937,-0.2526982608189536,1.0197839287279447,1.5617228511002308,-1.818139967323555,-0.8565714372367922,-0.7861992942841945,-1.8377564948606808,-1.081959412976696,0.033671321686250436,-1.7677028645022905,0.4630873668754567,-0.8559792923162823,0.04349361045560486,0.012553124868311291,0.45231904833864667,-1.6732542449561536,1.2248229902487349,43.277208737934544,0.9158616696099097,-1.6184042698315502,-0.327541879674268,0
0.4452804123478536,-1.2089409648643978,-1.6141345953629138,-0.39474807836911335,0.41380797738688585,-0.28615800846249095,0.9793633481927106,1.1590647159534602,-1.1763093637680766,531.5165065595155,-0.9504113317269983,-1.909806811681271,91294.95613848063,646.3065656976368,-0.056667109857171424,-2.1724622116316397,-0.5740645955030852,-0.4985016803706474,-0.22185851599512885,0.2580936016018359,4969.265313122852,0.6548410683168033,1.1235336743253286,109709.25573766517,-0.27779429051692095,1.304367346010049,-0.26008711010254365,1.0767420136968981,-1.2396461830208596,0.32239217221201083,1.8393299355555384,1.085066463646472,-0.2017401256312256,1.555890835335032,0.9937881853488111,-0.36577521300479304,442.6328975785362,0.8300207544458688,1.9766613097960903,0.5365100620643338,-1.849806870143078,-1.0754029466286934,-0.9639298738389267,0.6618290191552444,-0.08734415475220479,0.2989941984718943,-0.7248141749226273,-0.7402789498677527,0.1174572587822581,0.7742656368347113,-0.004262308992885794,0.5670859818441194,-0.7916836408024708,0.2291866954520488,-106.69563205381615,-2.2923448853527164,1.1654885364638359,-0.084486655994965,1
-0.4651518557209457,-0.17405352685260536,2.584433356335675,0.022429090362687542,0.3181432249865896,0.572668741121635,0.21608050874232276,0.5993537010555072,0.5494998393942979,595.1147472837631,0.21684791797272981,0.3346294487222819,47576.970973855416,649.0450178974717,-1.0224627574612675,1.1511986007450226,0.4578310094782065,0.5800002171893345,0.060055647027623,0.18063575351464387,-391.2956040698955,0.8758508545190967,1.2470885085527128,48991.34540530985,0.7850272429026894,-0.5679195612696017,0.8467392685907035,-0.044501566355730694,-1.5910018725344603,0.8950266512052342,-2.1107707721124447,-0.05878434799385328,0.8297538835689267,0.2577620440320347,0.1802182486110264,-0.39377554964508593,540.6689611428023,2.103787357184686,0.929614294854912,-0.7592270424351005,-0.4389653832017422,-1.1137782458397085,1.5081414524623213,1.3511732637018812,-0.6345384382649415,-1.2464911441567939,-1.1980817792796348,-0.01834516549690242,0.9732345754837405,-0.7024488055015352,0.00023819003643732117,1.0180204746416064,-1.360826470554876,0.11836254221991958,-59.200763283341516,0.732579680989032,-1.1227626159247024,-0.4301710283815628,0
1.4541983962290745,0.8206932530145293,-0.9757883956348091,-0.6185743095577777,-0.6214473982895421,-1.1609540242618304,1.9931557265266466,0.2087096433926843,1.4729328783354783,463.77613523060273,0.04719900176832958,-0.9104451589510857,37722.84270635843,542.7803788855298,0.19913006990277954,-0.21979772882244047,-0.3909899825994145,-0.3620983553948485,1.0456679967625413,-0.4856398459768962,-12967.149951971736,0.21670199583823804,0.3500302233025684,39653.12004458914,1.7378114450761641,-1.5114124665505786,0.36393027750283424,-0.7328072792573865,1.7171815735167535,0.35797998098758843,1.21726870443546,0.33632007446232326,0.39426939195178135,-0.36961532351356147,0.41662783156022337,1.3803074446591574,552.7802442848937,-0.0424060476561512,2.14606861761984,-0.692041884186191,-0.05549122116707025,-0.9389016334850601,-0.7322668833652517,1.3637669543659914,0.1417310679060879,-0.3889519366286851,-0.09576921047266272,-0.9184666744431411,0.6689353050368199,-0.39153271449610044,-0.00375524475769506,2.0333898843341354,-0.770355147703656,0.6862250568783875,17.56965329643436,-1.3291305127039883,-0.7208159573182744,0.7547445889801585,1
-0.03568454037150967,-1.7483099106962967,1.3369815349233556,0.4115782382563166,-0.1866531409649837,-0.42668495972445813,-0.06526392238812347,0.024606051539803202,-1.1063800941874786,563.7201757835323,-0.030223128208205417,-1.9646375099333198,54809.67024338667,613.1298473778319,0.058081867278424515,-0.3811943426246122,-0.9764523113499817,-0.9336381071175931,-0.2057795530925648,1.8346931682543768,-2533.3627569407695,0.5327952052154032,0.22277296876854233,67643.74831848117,0.6451705109847851,1.7837970410331427,0.028393373049688527,-0.675916360668631,-0.12425432733889984,1.9097965570133348,-0.6731413982321137,0.01659131904416616,-0.41768183408109905,-1.3845299004986489,-0.3062373811647424,-0.871938528969038,569.9883131657431,-0.1415795850292139,2.2190268771198216,0.10879499543397363,1.2803708771158364,1.2360408846914759,-2.274173560275119,1.6026257738058383,1.3621857643911526,1.0681626699969429,0.915582827119365,-0.42698759505616685,1.7310425228891255,1.2253119507369759,0.016266495925168396,1.0191983575094745,2.1685213948835402,-0.7074172137287398,-5.501725616313465,1.3188906318331763,2.257901609769591,-0.469357703482595,0
0.17979825274852204,0.5944046757761918,-0.19265672271999465,0.3551447329601639,0.6527573225275722,-0.2048860975758952,0.8909509861452889,0.9076845450544836,1.3648068076062654,641.7076380461002,0.20832621617024916,-0.32913799088863777,44548.904361065805,723.9127768045204,-0.08774473038647053,0.45055128156637514,1.7346760580601386,1.664450089245804,-0.11426517446155403,-0.527295495034112,-508.1935126384362,0.9052557651425565,-0.16403161764195173,57165.24547817928,1.4779688354735923,0.5257768395445528,-1.006058780902852,-0.029905677000015476,-0.36303769988269957,0.8819356383671263,-1.8121666369710412,1.2188933577569205,0.48831257884374213,-0.18884793602213693,-0.9515749764605411,-0.5904080700628692,498.73879751050686,-0.4401941346803563,0.48267137020542217,-0.667884331442981,1.7136205309872856,0.005886607062763232,1.6273778755581654,-0.09254295288599826,-1.8317178129987683,-0.5455127209496687,-1.9616701061115647,-0.8771226133255122,-0.3819790489302714,1.7550423888170656,0.008631404189430075,0.5895186807108495,-1.4109822977388042,1.7202521163691122,-123.44362787473268,0.4265910955997686,0.5551593053623359,-0.7807291225683844,1
-0.5422074238426328,0.32150585711002083,0.6977302153950573,0.5737039946571761,0.7447616662039722,0.3001963256976757,0.8849135962068483,1.2773480944469977,0.33228633462313534,638.2012786324468,0.674258848287901,-0.21921737929894755,54618.44709130709,670.9185449142832,-1.0240305212703256,-0.44971366459196244,0.9715073286595381,-0.22578981809425708,1.5864172869471715,-1.3051109196933814,-3702.9410660672975,-0.7811516886385141,-0.9645312716463855,73014.82930872838,-1.3113962377006607,1.9420572297922338,-0.516742546757746,0.378006067064537,1.4587658220115944,1.3385635417598598,-0.5298945426955196,0.926805538547169,0.5047254425716933,0.49489358619884044,0.1411222813558234,-0.391279655121697,551.3646462273975,-1.3299777250460338,3.299207247332887,-0.09397590434561581,1.0432397762546965,-1.009706589337785,0.772635588677435,-1.2933174736791875,-1.274188701815334,-1.625762396663862,0.44186175621482854,-1.0758836714271307,1.3396145649418563,-0.508977664389271,0.020921993489702667,-1.4346643436719475,-0.10552296907623138,0.466996894263607,8.921137023317991,0.23627232346501356,-0.4328393642790683,0.2840605243997059,1
0.9423955722351989,0.17553624972786133,1.7018850955158715,-0.20183595784487168,0.3733353604945766,-1.4310959899675393,0.8667060886540379,-0.2967846101587085,0.2578451304305877,693.9460789004182,-0.14147597142003365,-1.2293006298127702,51661.04090307445,741.2855704336567,1.9358466436562156,-0.34327252251454554,0.11410371033758752,0.4915334985020707,0.4750518049291601,-0.9982848420128237,-855.1718680818274,0.9114615274239982,-1.9576523261896754,63359.39352147169,-1.196353680556661,-0.9553049669703475,-0.3967709885517682,0.3048743531170816,0.510186723709624,1.7481232709809726,-0.5710922045320521,0.9225779348286866,0.86429552155375,0.23767487600636023,0.21902846725893818,0.040640107539279935,542.6746313100641,0.4212520451937089,0.09555466705330867,-1.1970875411787607,-0.7934961835063655,-0.452050104303296,-0.446850117484051,1.684536314420302,0.3026976438801917,-0.1153674574986272,1.4231697862826371,0.6541474486023982,-0.8018342310737702,-0.9785543745023528,-0.018264637731299757,0.7031770633452512,-0.40556579537209675,-1.3326128034397113,-97.98277124071109,-0.6213645427132198,-1.4714961641404547,0.9492814689126964,0
-0.9995926126875325,-0.23481864467258934,-0.1428244305498519,-0.2385865425322168,-0.727050251872413,-0.3689624487675334,-0.9792979836368879,1.1506163926446533,-1.212225054837213,623.2630899476793,-1.2199699705010247,1.075804915108753,64249.92596635356,771.4538836991776,0.836562265621776,-0.36072171270020315,-1.5691504001288117,0.7383119267835649,-1.3926611892361997,0.544214478466264,-1020.251148777219,-1.3933216113112994,-1.059764672021279,58359.20396059589,-0.3565468262929969,-0.26269831808943733,-0.5996273830983982,-0.15500191037772862,-0.13856194507768277,-1.3839888701441432,0.9656836619340002,0.2843602573825071,0.2970388262133385,1.5777109470819386,0.9216060308554062,-0.25017670816078463,439.93027921418303,0.6370443362724058,1.0408262847946241,-0.37229240278788955,1.142169180537237,0.9082860959422882,-0.18175603847192823,0.4755648876160225,-1.3680167264305712,0.7112860773718067,1.2664518695172775,0.6367427903928646,-0.7953473201924417,-0.474316215792866,0.002694699722550304,-0.7374861622011716,-0.9008053131110453,1.3738527660513082,132.4167778645342,0.6755461425207112,1.0263825245549687,0.7443512637282402,0
-0.18114441932527547,-0.3073073228248657,0.3517690433428796,-0.22320766143823584,-0.19705490336252202,1.3913686918150168,0.9460022858204193,-1.353756613862036,1.6098988562788152,579.1607509858669,0.7678634909671824,1.0707197762098333,33550.97156286644,614.9541036210416,1.2257433216842475,-0.4245254367307147,0.5677622597356694,1.2579068115784637,-0.37301871679365795,-1.0179934542438895,20412.6862938298,0.09337373126711546,-0.8360504566876386,39690.95456499527,0.3459297227107331,0.4848744990182125,0.8413757074124796,0.30840505680206565,-0.005031325049480966,-0.17936590001838834,-1.33875806147256,1.1284135954901469,0.5092700345791294,0.9615608435412261,-0.5419142032135567,0.7901310204938896,504.5728384092885,-0.16216266743956562,-0.653206841451142,0.13530785084738398,0.6667613539791997,0.9072622878144335,-0.8662470362314557,0.09834693572835643,0.7835011543815992,-0.21745794505619684,0.37328850561538895,-0.8685048929842223,0.28895533049551736,1.9532986686695426,-0.001188832419534308,0.3024323825903371,-0.13028451092298152,-1.0428505264879275,-34.44938057960928,-0.7942593402394382,-0.31261797128150065,-1.1371374168491257,1
-0.716368067848578,0.12939982574536033,-1.0503493578275884,-1.0392182733666195,-1.7881682701737232,-0.15468938280403655,1.3763786249091225,0.7327964668146866,-1.7480611922989417,583.9783115506036,0.8522710913282686,-0.19562378853314527,56128.962467080826,639.3395286150295,0.7659418133804773,-0.29097791994175426,-0.5057739999864984,-1.3541744009624894,-0.4032285069178012,0.49201998634398253,-13942.803632867211,-1.699491788908202,0.23292655630622305,71495.25098653775,0.9071580379564654,-1.503597682016093,0.5607732843695268,-0.15843241786518905,-1.5091336014428203,-0.924757485965925,-0.4582937776002646,-0.1516955410707977,0.0023172514040820363,0.4901727106258248,-1.3180293611136966,2.3311051435734376,497.65225196392976,0.4467070015154553,-1.9038416936473193,0.7923790308249204,0.5358511531345864,0.07046888992176313,1.4432700309280186,0.10656834741789466,0.7451499587792004,-0.14770638781171302,0.4245341525171168,0.614588459824255,-1.621025146959755,0.2585768664869731,0.0020560274036651146,0.6107235442811814,0.37911776474109404,-2.671930034746399,38.242804319931054,0.3371438896346267,0.7478955108832656,-0.3795065427503769,0
1.0670617535550266,-1.8014094955891895,0.9203833589626099,1.5894723155801227,-0.6369490190093139,-0.30398890544316887,-0.3097592854836754,-1.7868238882010614,0.13821015262388936,619.2511657196688,0.20271871572722278,0.23819378189215804,46253.064628961205,653.7811419824026,-1.9033069045345732,-1.3450351763369146,-0.07458047956229676,0.09709964668355074,-1.3378666491494855,0.41454098212330537,2711.4407748522144,0.7396215231644795,-0.5236210045929162,61700.00097688034,-0.7332074185906485,1.0768263218168528,1.1619049619178692,1.8987842729223046,0.13089283215101485,-0.6164542118147236,0.12894776224391533,0.01580096483528024,0.8560151160210545,0.8316094481191391,0.02745185034985627,0.004302509241211902,490.40554302003426,-0.6323466729267271,0.8871506427396179,1.5225855980476595,0.23169762865073648,0.02573552543212797,-1.0320644559991208,-0.002768034959096247,1.1543131271034899,0.305383044803908,1.2314818134682493,-0.026578416407864406,0.03036240603891466,1.0592432096195112,0.015792174643301057,0.6512064272815126,0.20207145896589238,2.610671807369172,3.8289130774056117,-0.1686953742694763,0.38203129151497633,0.11366026036116358,1
-0.03666077436536854,1.6581802057995014,-0.6528602060529944,-0.5813861529851894,0.7103027975141157,-0.724657860119329,0.3274891022322292,0.9013588446390405,1.6026887119647477,645.7077640043314,-0.14701410667311954,0.36793134914030273,79318.65268838353,664.1979970601391,0.8370764079544772,0.12729414340993675,0.3480624888057678,-0.8243971183440285,0.00022487696314217506,1.0218140652048897,-14258.295225509471,0.10805917490556356,-1.187263659666491,100537.07008125649,-1.7079086059690598,-0.042551066745177016,0.6801268928008543,0.07437880759351724,-0.30107279369972345,-0.5051132657686297,0.8377883819501891,0.01859326400843748,0.9844655443561634,-1.3175974445042389,0.6382038604863395,0.46375581411493305,531.95705925621,0.7591247830028527,-0.010300729556483737,-1.4745024708608323,0.9993913868666462,-0.46859983037235026,0.02195596652987611,1.3506296166211205,0.239380233583357,-0.633697130211055,-0.527263061426952,0.5798865605011577,0.16910147028809305,-1.5867043684723432,-0.005130554364935017,1.4209287576730245,-0.9096420158709536,-0.9429249410778646,-62.325620923814995,0.14504053347097276,0.9873851916382621,0.42776865170353795,1
0.14097189445049751,1.2959276994804285,-0.4462200909903298,1.4829391031707038,-0.03328963728413752,1.635896935035252,-2.1224909646223353,0.21415139144607323,0.3777669440642682,681.6468995879285,0.6950555303081035,0.1881811514390433,8517.664852484912,795.9699481588481,-0.09907059900491856,-0.9026750692698393,-0.25985105455404073,0.7551686366360895,-0.905578238319778,0.7421007481386663,-2819.1467042306467,-0.8148662445195464,0.4881217407863555,16965.221511930118,-2.0233543465567245,-0.9655749643023156,-0.6178706516989827,0.5635114694330693,-0.2586320804119822,0.203943290031008,0.5253622293172853,0.10021293529039167,-1.6727019151873699,-0.8669830528357043,-0.9198381369564584,0.027140622724699318,463.0912389252185,0.41405039590576337,-1.3372097583541127,0.7028708981596651,1.2368133455258545,-1.9308102663221292,-0.366695042904733,-1.8529325312340614,-0.9856199205371335,-0.9547842353619752,1.5282101347698591,-1.269596343521518,-0.16167008114087889,0.29046469336161435,0.013781768389349532,-1.102680488350633,0.3860971770352733,2.459839858945452,-157.80981673275568,0.09442806986407089,-0.08573818991471645,-0.9249283213694178,1
-1.128859667836726,-0.6089639588090813,-0.2447512283295863,2.4465192400032545,0.9532839011463545,0.9178135109171981,-0.49056317179613074,0.4456413012490684,0.3779064988043555,569.3931529662132,0.9792161229209875,-0.3468119008350766,68295.05091554958,611.4139122908581,-1.7583927259458807,0.2718738734495736,0.06618325237834395,0.5046815130052847,1.5407949773155498,1.2661850307803881,-16117.176442841328,-0.41518296778955094,-1.1250567626832664,74980.29429069403,0.6296203574143089,0.5782673255157021,-0.08949981170127759,-1.7210560526503116,1.5448352849738,0.2773747406342964,1.73044350754344,0.5562854125935692,-0.7641724852181575,-0.005743303243597718,1.270244736383432,-1.454777880596752,481.8316918519031,-0.8228430052312913,-0.5329513640901617,-1.8454552720608177,-0.10624805814978246,0.11332278273178419,1.3048008940698466,0.48305482371332736,0.01005828019100882,1.722837242113863,1.1607230508036563,0.5675265291636756,1.3088416470641344,-0.23211408590851487,-0.007696179960945991,1.1622549586775006,0.24916833933212973,-0.9536709472996864,-66.45501070886979,0.4899952605184578,-0.4435307876645516,0.36748605053835376,0
-0.5215259250691776,0.0172589886913589,0.48065368770039846,-0.856011997306892,0.07685942261646643,0.6619109935896427,1.1804213084404995,0.4651154100882383,-0.9657456812415257,565.9526879333272,-1.820054804644029,-1.3883229552965037,96564.71312831959,651.2363340918032,-1.2674975549794032,0.5306516194074189,0.8049640152983837,0.10917986781639788,0.7074013060515807,0.29292672395448954,-716.0526777611442,-0.2332671507802195,-1.1463782185184141,114556.29449794925,0.4960893246718237,-0.12917242847654703,-1.825470479523442,-0.9456490228982861,0.3371291088395942,-0.4019352519957843,-0.23329341978526533,-0.47069406291537896,-0.794164320666025,-0.4643278463501429,-0.5607148921365637,1.1296201230808904,478.08420161724007,0.5851799774955594,0.5041182829404751,-1.3500918368347157,-0.352024383306508,-0.42253820803035075,0.015553171002140875,-0.16904176983391983,1.2387738239835326,1.5663792393434917,1.1274508198502136,0.33504314355836784,0.6924014999452239,0.22008877116201392,-0.010848980711288677,0.47379007910812543,-0.520255800921283,0.8355911908001368,-106.0281703093764,-0.3250780927061406,0.7737756676553015,0.9735618132718328,1
-1.2058559938563218,-0.3029449897922437,-0.5720140430031696,-0.5107116781818771,-1.226584813886269,-0.09877735539055199,0.8816853101032974,-0.34530961295204976,-0.13726617937171928,715.7396818149738,-0.6517422797050088,-0.16319241362771394,88842.96928130148,777.1841273379347,-0.3444219267140941,-0.7007689487955551,0.33206993423335385,-1.4391444441066976,1.1020080635545992,-0.5151973614640863,-5277.565380518137,-0.29069372067372573,0.22013289981344286,86155.03390072174,-1.366436644723956,-0.5110171219022751,-1.0351551900761318,-1.630895708341083,-1.0124655171281567,-0.38285929951378145,-0.9734486232250439,-2.1397654733607787,1.6937122576439123,0.20083931886318598,-0.5446823115353681,-0.21811576834540103,449.20252835305416,-1.288508825145571,-0.2945004335914153,-0.6785835413095727,2.3852158979642946,0.7358000824342436,-0.08009548576863301,0.14969931603445563,-1.416908200600088,-1.576783544979882,1.1986606745091346,1.3597657505749954,0.8671177706887112,-0.4362166380411093,-0.011840593231139498,0.9001237892949215,0.03603890733137565,-0.014714147469079846,116.93936814581309,-0.2977175817522632,0.7807668480657748,0.2738764921934549,1
0.4338304417110834,1.533330644768565,-0.49677615477161224,-0.5589501109394422,0.8224601828873516,-1.743323161349466,-1.6721967191721614,-1.4770878374252152,0.6840789121618015,575.6765380865804,0.49542400017595456,-1.0215574660536357,35187.33821746231,608.9544243040875,-1.6570879080081067,0.27278903199772947,0.5374565016673631,-1.6973588526905807,0.5412322384031445,2.702259200541601,-9659.187110062552,-1.780208291616019,2.861852635154559,45273.29479842796,-1.4545819230735608,-0.4020528133984669,0.2952894518155676,-0.13284777713025606,-0.3853422584324419,0.6863230568769767,0.8646728004342402,-1.1141705080202726,-0.28200231560864786,-1.0667451226254554,-0.6455031926102834,0.16114281413822729,469.1881761146586,0.7523445718516221,-0.5753316132524756,-1.0037753733114543,0.362404345603127,-1.3192834219294771,0.840077313392703,-0.12995976491162217,-2.517061864846777,1.5557485048136843,-0.07246685376557191,0.49885879346091816,-0.9472322334564183,-0.5979580920853842,0.010865511798850805,-0.4281108300257711,0.10794624537323096,-2.390157179691771,-40.93779026838733,-1.534925696431464,2.0764935765398267,-0.20794785993280102,0
-1.1098477280432135,0.3174146799901157,1.0014764966505947,0.11842108833518543,-2.2231764099969196,-1.6478759393378433,0.7823584015273467,-1.338920773399619,-0.7298436961417908,648.760092851653,-1.724472617417397,-0.5109559931753379,37656.169235501635,690.4278829866321,0.778096224044462,1.1652197953100565,-0.8535275230600009,-1.5771819025527594,-1.0456255890575383,-1.2144125680353994,-1254.5102235792597,0.4299903270025485,-0.4534924541001907,45900.870087388525,-1.2888821844328093,0.25347618981836595,0.03540580441768013,-0.17858437031462962,0.5625901973774792,0.6151547034790301,-1.0298304575361654,-0.2432509286904456,0.0925422936716172,-0.04726020137632903,-0.20382089900225958,1.6250326290311405,480.62600859833884,0.9775930918913274,0.5207206067747823,0.3376275144951095,0.023028685882474993,-0.9302623714395362,-2.481347616155819,-1.9124800158189135,0.15074050994099733,-0.1635829852148855,-0.7568853914965088,-0.49393739417275745,0.30611965934013374,0.887112970834648,0.006420004364607086,-0.39830001588849584,0.32968738294044037,0.5774464011318698,-9.851560222357193,1.7003482185223653,-1.389032517688295,0.15912268691790227,0
0.33430524182036997,0.16199669674313744,0.8489406006232496,-0.2913961705746265,0.3269402403617021,0.49450452203638434,0.4435605999563043,0.5448552253375097,-1.1272171745926602,703.3857260391612,2.026103043008417,-1.3482099964809329,41423.45122560633,769.9076422144897,-0.37153640216278916,-0.666310516786312,0.7852613216338312,0.45020791423030376,-0.4253614266876979,0.930246339484863,-1827.8537073648151,-1.1118344903242723,0.11209780494410208,50793.40900759931,-0.06922688584705933,0.1696451894357425,-0.48503144962443245,0.36189689130853187,-0.6585774166223002,1.083500118874356,-0.9994545662411003,2.1937648954929383,1.0087595692800497,0.31343070786360755,0.5306926965436322,-0.9046087743174427,426.56993664596456,0.031785476603250484,-0.5198465645347732,0.7103293553897084,-0.043014274762066776,0.17307136884566765,0.057884363867197634,-0.8336745944574525,1.3458673082141424,0.04434162280039718,1.9868372575120115,-0.14916204348536893,-0.995329495448074,-0.2212364591866461,0.008448042807239665,-0.2548882018472324,-1.3901653252192705,-0.5945190622813102,126.01280602254027,0.7063524186090002,0.01494957517041573,-0.4032598119229096,0
0.16523616587959902,0.3226257889819652,-1.8191134748484803,-0.23490951267642673,-1.3957797840177886,-1.211070649677755,-1.5817168491613698,-1.861433020406954,-0.022802642943174595,641.2008417392364,1.4168670126239864,-0.054911907700313824,36589.75071801954,699.6772501832511,3.061384583408627,-0.2700978119525119,-0.6623675118676821,-1.554282160198904,0.2834911395650976,1.1136963153822228,2281.176748705326,0.9186606309908334,0.048815923273573834,48877.49439340883,0.07850600037186045,0.18370032225107863,-0.4963620482829698,-1.7215340468417637,-2.0510861922356667,-0.07816812708322761,0.3967757401790236,1.6013623245061515,-1.8935491581214872,1.537985780341722,0.8782580085748735,-0.12514699476791932,522.4283005317287,1.557495116283235,1.35143197536486,-0.031123010651087996,-1.1636193894460711,0.806509890915383,0.2756182286026648,1.7757745432449328,0.03936078212117652,0.9650947908685197,0.8778633976261719,-0.857266653353163,-0.11152138397555286,-0.7370591925983082,-0.00419830727929568,-0.18127401695719778,0.670205439988994,-0.36395547837280895,-174.224101673801,0.7842960465546897,-0.5085586930452346,0.7211067018723352,0
-2.451021605952721,-0.54150602479418,-0.5962871944056781,1.5431107197204337,0.015755869384953512,0.10415290716395528,-0.19284203796403343,-2.1429512956623267,-1.3932038474706836,604.8099589753419,-0.9921891484499877,-0.5679946665391582,83122.25585317446,656.0627059444942,0.46150357383215646,-0.788182310953355,-1.1501670110355013,0.22227276084439168,-0.6305222762968513,-2.656427668780869,21932.137895080887,-0.17448850488145562,0.330755255521264,95809.24030896045,0.16072145835342974,2.2306846103313207,1.3707637193284452,-0.7471986556738065,0.33120367699170855,1.8487915838876812,-2.2605034868093297,-1.6057257948423784,0.8504798956378957,0.19430402703873023,0.4313976565076304,-1.3025280563417099,502.6669565515464,-1.4000415578146026,-0.10393162830155957,-2.3037369555084797,0.6263093988331248,0.3886774267267801,0.17887037185303245,-0.8355970621752307,0.5785596451476759,-1.910650409006084,1.335366593390306,0.5602112640889404,0.17422672145529747,1.3907048738666332,0.002907111829059951,1.4555619406851374,1.4612184495570186,-0.046250446390754034,94.03579077071707,0.22732413396898918,-0.952851579370241,0.8793336815192148,1
-1.285388448165554,0.045731985532420125,0.475265741963391,-0.7355423978504467,-1.3513535758215716,0.9950829723997834,1.3740799780202677,-0.9673238230320512,0.5249138117964705,675.8910949887522,0.9090738502987731,1.435832029698123,71862.73659048621,707.4116574272114,-1.4183345323828673,0.8869338298057576,-0.5694046793801733,1.0721813261781832,0.07107349135734801,0.30183508595087627,-5709.47019517841,-0.9010844702251957,0.7801764523660952,75750.57368034705,1.6374636423983568,-0.7297906078510252,-0.4991967090442146,-1.1201285070186464,0.3717697366699099,1.009656627253803,0.972897178670255,0.4194583786169991,-2.1511497468222784,0.002992246975573109,-0.16776150327792502,-1.197976490373818,502.1231934032215,0.06632207975439251,-0.34474868517463875,1.0795455852122076,1.3893301495968637,1.0884692552552575,-0.8107348278124955,1.1428053498826283,-0.40542013044682457,2.2552173266781748,-0.7412032579428939,0.8832079563607059,0.1597955730131383,2.4896163695266003,-0.011563713312670493,-0.47981160168093806,0.8446134780042004,-1.2693386199434296,-106.43679227701011,0.5349127044321615,-1.1493989258877169,0.18424491529810094,1
-1.1798771991771047,1.115196142562779,0.7935684753281708,-0.02032240245723294,1.5768341710478713,-0.029798285577293006,-0.6797934745366336,-0.5844600675698319,0.02076061721659361,570.2837557994093,-1.3641808813392924,-0.7238669498437512,68721.89705984999,652.1673766950395,-0.3197819598338445,1.6412402423757122,0.9738711979915898,2.351582454006477,-1.9315003453627004,-1.8162119775798093,-14599.664365540217,-2.0269272591383722,-0.06864143209055298,74290.44379974567,1.4370968321724464,1.9990220684985722,-0.7043992145151393,-1.37974696518205,-1.4109030899056414,-0.3565075697375867,0.9555550810540071,-0.7331337821185625,1.219997846407681,-2.3371381593346094,0.7940402872689423,1.410282390102204,532.3877504562314,-1.5933697984382496,1.6277897927130045,-0.8125968029824645,-0.6072644977871016,-0.0985638613135804,-0.8545109000900152,0.42203936368387407,0.11516335825398503,-0.6319849459018276,-0.5359059591927803,1.147352789777771,-1.6254266357346083,-0.9072714644605904,0.011307781973363122,0.554085827175489,1.1979922568795696,-2.4493363851569767,188.71988017211697,-0.46996813765011713,-2.8294387857515395,0.2281984756532676,0
0.19126492148525928,-1.0361492151209695,0.7017071268154506,-0.30537058078975043,0.29711046193236235,-1.0800108920386626,0.20525789141774076,-0.4785610231460835,0.1400490354694585,595.5684520615015,-0.1702037609363852,0.9627348468588188,69355.33094978463,659.1961488550348,1.7242278285005939,-1.6553248761151054,-1.6417320369212314,0.48306694046053084,-0.07449991548212688,-0.74109496812466,-19192.53110438437,-0.8802573550540885,-0.21961913560587384,73609.25324511566,-1.1894250414440348,0.9313067599903658,-0.2106807002716007,0.7672278428871475,-0.19391523195214877,-0.6986100065240954,-0.20884722991792604,-1.085935853180063,0.3823597420885918,-0.7487213455371066,-0.3071567079587225,-1.45323736340535,475.78252516126133,-0.24254203631291688,0.02630092477257127,-1.241710949652814,0.7453067923744691,-0.3636845960057991,0.854649393602038,-0.8772258588296244,0.4099033580323766,0.054913793367708456,-0.8722674358922105,-0.42497671798554876,0.507770897058388,0.6607116559055657,-0.011168320025071031,0.1179428993695261,-0.4363175009723983,1.0336868301539004,160.87793159008172,1.4834718131501445,-1.61630425881672,-1.9818945548236868,1
0.5710676377292211,0.592900774372353,0.3191021498484802,1.5054249034399956,-0.18275424001051882,0.7900450094662858,0.7068914209922744,0.7115849315504607,-0.18505339835504236,535.7413070879552,0.28706808060266964,0.07260929319116564,76968.30068672667,530.7894485108352,-0.8048984693615249,1.0701017706721296,0.24834537898105563,-2.0969925751693883,-0.2897317753763643,0.09609167206484237,-7771.05050445063,0.04078312773712789,-0.9014500087646692,92548.44869646455,1.0151429609549971,0.2760596405434691,0.27384340474862523,1.8051578848868646,-0.8112611487526878,-0.7381959264790251,1.9947981284638243,0.15426219566269392,0.48990499160616874,-2.2563622583685943,-0.0306278200639776,0.8513527484961106,503.82186283920197,-0.4997803297157555,-0.5273839250282597,0.3902561223834907,-1.37162563337909,1.0167786348643444,-1.4213095417772417,-1.4980971650614392,-0.735810698825868,0.2850378194499504,-0.382190348958832,2.433542670097115,0.46478291221186036,-1.659853492547923,0.009643167947384387,0.5948463358289497,2.074150430383466,-1.2779652328557227,17.51545271826297,-0.5754711270640316,-0.20658455193626574,-0.3986288472971385,1
0.4055602176021508,0.4260637534895027,1.6713658615699163,1.0764551380215288,0.16205457000374246,0.386392994553633,-1.8841406535069216,-0.0025186481962170227,-0.30277462942143457,690.5305687115376,0.48475019540055436,1.5485697077369935,73100.85421266926,779.9787043899765,0.0029725951643589797,0.9171982799280382,-0.719221610260406,1.1540031382622358,0.9531064389953616,-1.0490885879912697,1551.302552746755,-0.15892067480699185,-1.7457025898711809,87664.87303844848,0.2106443981301241,0.8489408843423777,-0.24263071396194835,1.7483377314138475,-0.028127218105007602,-0.2929769037426769,0.34143027262161596,-0.3944197634693041,1.3713390363842113,-1.1804163546794626,-0.5139873245489469,0.02420033457921618,435.7894008776025,-0.9777170926918008,-2.3470135528886193,0.31410415513969964,1.0381756619152218,1.4713385565254808,-0.06431975141683632,0.3171378468405256,0.5561473183505266,1.4912654411840571,0.686477870260216,-0.1808596967895561,-1.197498378994161,1.51566226212078,0.002667358078836028,0.3340005630962876,-0.4325689661002323,1.791018468935186,-56.967842090326194,0.36122305901887425,-1.0977601318491157,1.2435743949107059,0
-0.18226881666880937,-0.5678649737579601,0.3251801840498607,-0.08193355185235077,1.6537559391421532,1.1186919828880264,-0.5515320358982141,0.44331183539149877,0.25384249922196456,592.7481637523016,-0.7504443174115271,0.7263562376658914,63524.531556582246,653.0986296495723,0.8292803399081693,-0.1309290836840547,1.2615995565820775,-0.3717939154802181,-0.6610364037511618,-0.4741119326214546,15471.381112622112,-0.34439038564608776,-0.6446900947387887,71636.83193166518,-0.4062708966394837,1.2016376161929523,-0.7232854821494417,1.3044437731157879,0.7126596810143796,0.10777140330847315,1.6798551680404201,-0.07688625365181649,2.302728116909248,1.0111086634448403,0.3035276017317952,1.5380464635558815,529.1064271868257,-2.116665223887938,0.9825543791923639,0.40694711520571264,-0.5205608396709291,0.5236339516492229,-0.3706461807629912,0.8897024503817822,1.2418214880625376,0.7117354527031511,0.8535855294724727,-0.05071953532184639,0.9640813371638063,0.7426000046837257,-0.0018328616447117647,0.6412015270487167,0.5907101538325864,-0.7634480732424028,96.22516824273866,-0.2190989273540348,1.0813739269955756,-0.5946751139774357,1
-1.1037623684039637,-0.27619220342112655,0.9479423443661699,0.34500455000638514,0.6458612814350638,-0.3017875647435878,0.9808883182712879,-0.5858053284074433,0.081424378777353,663.9442757852675,-0.6936323599782065,-0.33089736808205555,90834.98276658767,729.8728162732187,0.6714852824359758,0.28988337068672687,0.9750999305689448,0.15247782829145762,0.1260449252497219,0.30089047243215256,8912.641802149332,-0.27887368881013774,0.24783905883867552,101975.40405869322,0.3260215638130212,-0.3866947376900914,-0.05317800318204064,0.5432904137017319,0.6496394298619981,0.6512653762890808,0.5115108594108968,1.3781043568192648,-1.0736051252822547,-1.3545420653476399,1.5878135091473184,-0.5010083464639195,518.8657990038108,0.5983927141513374,1.2471408849907533,-0.5412501694687254,-1.6733899471814,0.36583077135756303,-0.6335092144049422,-1.6238600232006395,1.2053393706059154,-1.0472561613355644,0.25018084339755886,-0.5372390090300305,0.32733301957786237,-0.7307217204179376,0.004689083523754132,-0.22162111377253949,1.5037862174307894,0.1977634195329456,-80.28728015924416,2.102215518757605,-0.9888930356501239,-0.2502192060442298,1
0.2637923858932095,-1.8381723708738844,-1.5287586720521293,0.8849083073615881,-0.8522642623113404,-1.372433855740808,-0.08024808793332051,-0.47515791221111264,-0.2506537802894049,634.3439487973036,0.796051347884371,0.08978824849475492,-18924.92726419493,678.8896851833041,-1.7080106642555406,-0.9417048949655827,-0.8391946295757396,1.2358134299405623,-0.21727201618372033,-0.475635923223744,-101.74007784747944,0.7114109042683172,0.7860567208361533,-9499.715239101046,0.19491549492208365,1.7122540355955684,0.4643953090219227,1.7693143850790591,-0.5654209021601508,-0.8243154442962088,-0.142777636806628,-1.3508915465098728,0.319222560700148,-0.44865641320788274,-1.4670032011021583,-1.897868001752187,478.3623745580048,-0.346342124247959,0.1752651240986612,-0.8873566860798185,1.2878745480397098,-0.29609158465672486,0.5602617451067365,-0.4091616517922702,1.0453426765488953,-0.9766807831048128,-0.1753275590463917,-0.13665757266223913,-1.5186469717527753,1.1897609271905902,-0.015669861464635688,0.5885461516830418,-0.6686148788690551,-0.22550569537255236,-155.9173736508014,0.607042208699642,-2.068756391198797,-0.15043341516242575,0
-0.9058504621083003,-0.5516019720516292,-0.5544198248425645,-0.7251908183607148,0.4459628365485896,0.30390043324446153,-0.6605540153517857,-1.0872719644903333,-0.2371286306546112,591.9231013394492,1.8368691448511207,-0.4474962398014495,2726.919168097864,660.9044569800473,1.8433122967498243,-0.14935123028906,-1.385240642234878,0.9049522156415469,1.1023287807963842,0.4497739518730598,-6836.810993170058,0.5075625508090746,-0.29614371311417365,13390.434848665762,0.6309852926341166,0.44771115342151463,0.1175221529691269,0.1452850140589078,-1.38785627998505,-0.04144867613674711,1.298379724051339,0.1759184819620905,-0.5033625266101446,1.2466966089642215,0.7815947364306308,0.6750327647016944,490.15839366137885,0.7855927133981788,-0.131605516681674,-0.3562296674227337,-1.0624349530818298,-0.7475374814187365,0.21181570921007828,-0.15985535906941847,-0.11568131998123106,0.33429511601259887,-1.2311437440547033,-0.3453513609855542,-1.3215023226712135,-0.648727458778118,0.010412490040205558,1.5713946686178,-0.038559066651667896,-1.4938981961349245,-98.81288800382472,-1.6256425921738584,0.526455635840523,-0.2701459119875603,1
-0.037043334126548234,0.4152722306345921,0.007457496084833579,-0.2161009757410156,0.494451498337708,0.003908321785841063,0.35901622020623003,1.00153602646229,-0.09790257880965511,623.4343740518387,0.08049245717943276,0.9294758357566067,43363.025288674784,739.9096326652027,-0.830256482526048,-0.37402662356004734,-0.960437984877108,0.9324586299688786,-1.6040812518208187,1.0761468331275659,-9000.559327032506,0.9971939309771578,-0.6611349945151462,51864.83645944663,0.615226028636016,0.9129366112182855,0.3317739039604279,0.3661713910176755,-0.7109526350941586,-0.11149296320737155,0.3216596947104032,1.3132703423177947,-0.97557535284105,-1.1407781170932525,0.9688837603581941,0.16409225624086718,463.24617443068956,-1.5403950932426094,-0.7741619770369261,-1.0117125701301382,1.336932698920896,-0.14226739384344927,0.4062697676693639,1.2493817177358377,-0.04725877326602192,-0.3460834584180188,-0.5499977413814287,1.418074594642408,1.2681496085201798,0.4468437976476089,-0.002183560886238356,1.5211674452371462,-1.5921329369360981,0.2201825241281045,77.87575085872447,1.9250609580993203,1.9973480094367768,0.6978693584644335,0
-0.1279517471611186,0.3587674966659245,-0.23252425617962433,-0.41846050734416923,-0.6831876293958999,-0.9458607367243597,-1.3247600666604322,-1.2414022285825557,2.3199307560662734,682.831334371859,1.3473167716540888,0.41314577915354106,28174.355460651914,746.3247816169815,0.4226922342910992,-0.761533342024574,-0.9675826717487367,-0.07382194649961564,-1.7080709573572235,0.43071935481344253,-12364.033209318994,2.1018173199242383,-0.5602826598936577,34473.793064946134,1.1499573560362384,-0.6832387093786341,-0.21507536954522916,0.058054517941855226,-0.4536306426475674,-0.3162198651810214,-1.9559364880220182,-0.8349153869599792,1.4602582814905767,-1.1974421465887823,-1.141270607514449,-2.2893033712559165,493.48914184052865,0.5005296859777393,-1.011154716321192,0.8252736974366565,0.44323437324954273,-2.865364108827339,-0.6197601196626412,0.3784145582564573,-0.5709701213509641,-0.33027387361617083,-1.0298753668099327,1.4998104427089525,-0.5569543686435949,0.8481405880831279,0.010270335756080233,-1.0372496363634385,0.7551966807448732,0.34467919264543784,-70.12287278804007,-0.5645014945975869,1.2601728779504673,0.23341922523695846,0
0.07424216878940715,0.7863219628236496,0.3302196430190636,-1.4221050892106808,-0.07652802069621734,-0.5051291641972694,1.533126463037282,-0.7236600633538819,1.8846730846237112,501.47011195592506,-0.6149378689426714,0.36538789991629755,63215.562559225975,532.9854794954774,-0.5027354592295864,1.343124899554077,0.14339732078880693,-0.020431098153678596,0.48464569943729496,0.05133847920311885,6288.4614480398095,-1.3192100751069755,0.4386466380367454,70601.77428820888,0.9450714158042101,0.13060470180179118,-2.251038012588606,1.279423931324321,-0.758897649976654,-1.0870885632035212,0.7175839212035882,0.4735800795980433,-0.26748287318344405,0.30852078420338996,0.8508290113169512,-0.2708580217314042,546.9002154901011,-1.8685804396509784,-0.13995198740387735,0.1868255768294858,0.13292260661380795,-2.1641697902858263,-1.203337953040654,0.40440502843032045,0.8486317417920206,-2.5263652342183143,0.41155412876156344,-0.9338264967079202,1.39637658580808,-0.9173520210893429,0.00956814521115268,-0.29588123485890194,-0.28208781613303235,-0.8658578285094263,-66.98871757281337,1.2008177927274293,-0.146421858132266,-0.17931954174928336,1
1.7839573383133918,0.513386140461134,0.5183363242966804,0.06832763242687824,0.06449407109021822,-0.12833725001977536,-0.7296973106341637,0.34913100501123223,0.8062692829761487,642.3271828214434,-0.8151611370156042,-0.13612141869260266,50997.40538875936,658.8828114950483,0.010810763145931084,-0.41076607080635646,0.5625312034307703,-1.1574827236619014,-0.6799216455856796,1.2541263707075676,-2560.333183671094,-1.3705048850796029,-0.4471954395297407,72920.42665864689,-0.3868543588454123,-1.1292848832036964,0.5420228145455479,-1.6565440851329025,1.6098281509927392,0.8137527022659171,0.09380335800070111,0.6511032974866128,-1.8668951336772062,1.5733830279895509,-1.0055645412559977,-0.057324935174049,448.5416411515836,0.5910266186649531,0.46186929167430224,-1.0907170976806622,-0.4533505372055077,1.2035880941817045,0.22731523662059128,0.9189010730350401,0.9071703693403413,1.9260052956137337,0.7503829019305802,-0.19371920585679162,-0.14652108749287854,0.6565385586257002,0.007781944988837655,2.3069923924138567,0.8071458438574198,1.2714061136514343,-56.59627943219539,2.1795174128052635,0.4748258131027532,-1.089590459560821,1
-0.5846904415254818,0.33611269104230407,-1.1501154643480753,0.25173381762003916,-0.31951703549405,0.3980279764581043,-0.006494161503141111,-1.3196243088657797,-1.3566478550573922,609.0436795118821,0.33845456968927523,-0.09469902751022986,53755.07096097395,713.3392130993725,-0.646127588751425,0.43658277766528897,1.5529593037514955,0.40055218454263714,0.3487102302067031,-0.006653483073472877,9675.46929263001,-0.5894464895121161,1.0489009891480274,63538.13028567795,-0.9401736671500315,0.181496962320389,0.6805309168319167,1.6843952090454055,-1.0634955384433507,0.8764397125087454,0.720500931825555,-2.7551940317421124,-1.7401392101489512,-0.8532965595242376,0.49032811696420325,0.39152658154930814,532.6340716714901,0.47805016650821985,0.4994858696100817,0.7545732119269455,-0.11482227755581863,0.19587639830183645,1.3769811445064921,0.03922352729610492,-0.687002680919175,0.08310464270556973,-1.036304113331533,3.15610627396323,-0.8634770029647468,-1.2629916591616963,-0.0051849393450025625,-0.7970720327121198,-1.7126688583471597,1.2165641377348155,-16.05489044034224,-1.2738998738269407,-1.888317344256647,-0.26788713689846677,1
-0.3565631327125118,0.8568175350709449,1.2403453933422823,-0.5116603747252931,1.6073429721935513,-0.055270815320424806,-1.009712828709911,0.5783028374718873,0.05650338680234604,697.0441584965312,-1.1562837755692648,0.5610784380829554,63805.423386706236,762.71597898048,-1.2271745723045728,0.15392165423748885,-1.4184612617239198,0.3189829655776657,-1.3070761269966578,-0.3694595656619338,-2404.7735176031483,0.999330091191531,-1.2006689620924305,92088.24467458951,-0.043900949086414,-1.212216142067277,1.3270361545600027,-1.4442635329390041,-2.2079549319434184,-0.5579940459593222,0.36945974344817906,-0.6377204161640535,-0.4705304871922006,-0.43200326450083654,-0.2331307707241961,-0.5487514648399188,430.12656217621907,-0.16439279963408382,1.279715868195995,-0.16123774978750946,1.882128809958982,-0.15612597563053493,1.4595555980940722,1.1348633524025702,-0.8436888245833299,1.2412087765128945,1.1364495392385805,-0.05113453443469985,-0.04058801525178246,-0.7518819270442627,0.004251930759275,-0.8477898469077079,1.1497932339911965,-0.2756549433277417,-16.073242618578632,1.0899337319791362,0.5599932930255765,0.7881715167497659,1
0.8859873882255653,0.6420400245722392,0.020976943363571313,0.7693666965572709,-0.4691916153028315,-0.43576666978835504,1.8179853464312972,-0.7003448485057125,0.5053800651086321,611.1986401333113,-1.0352011348465042,1.335640147112029,47005.74155732373,707.557067378729,0.937048760226013,0.9744477643139351,0.05511956500968235,0.30490251811089675,-2.6777639806241225,0.451249202442197,15636.113585572526,-1.102147379020836,1.5803289057551875,57142.85451697223,-0.31121609350296203,1.0592765017139398,0.4016739570400255,1.3803967850421082,-0.5828081397681241,0.5199107301730839,0.7396625079389657,0.33209645834407775,0.3911131778387914,0.9050201703926749,1.0434133070148592,0.2976511197220167,527.6916861306943,-0.6604613244148715,-0.2154733122375643,-0.8211655666582226,1.5724855918958989,1.7683706922336921,0.9386103478661441,-0.24575260191599588,-1.5799845324803294,0.5133594385121534,0.6904299418180746,1.1062820214898845,0.8496794274614071,-0.5326786202555814,0.0018016160032268088,-0.8126556077141561,1.386853132937125,1.2453120133063813,-16.220899211632574,2.019648755965242,1.21553221929955,1.5731054349599398,1
0.2054891357305992,-0.7534838003634701,1.9693425853658404,0.5832387793323445,-0.04475873804795863,-0.9210729455583867,-0.3628637948624221,-1.5565252365068736,-3.024794492137914,486.4799659194537,1.0753284813680324,-1.4068715488301649,36007.99521532547,548.0642258949151,-2.1346627980018638,-0.28514644063515565,-0.39641669177335975,0.4277403527900115,0.4548707002556154,-1.883394942980062,-10005.422490142237,0.42706201415852035,-0.6586632592083019,65097.343037136605,-1.6613545476045428,-0.9358927930938964,-2.101357312448528,1.3068055637561027,0.7059632786063827,0.22642550741583808,0.46528870102583986,-0.8461495468948856,-1.1116811917672809,-1.0488930727836938,0.07164727774476208,0.567608598449055,413.6040575543352,-0.6015754356472465,1.3396280169105605,-0.9931304351637646,-1.9058772886420727,0.5381537195997507,0.10786035470852127,-0.8482795095273727,0.4663869653389692,0.8407699002146655,-0.516902144248994,-0.4996171754838542,-0.13830283903054189,1.815928199452953,-0.0024772225036057173,1.7593628907438406,1.1379539540912949,-0.28645820843063996,-133.98915050508026,0.23787883838315083,-0.909811060908504,-0.9396153626910941,1
-0.4227938044345137,-1.49128466348426,1.8254171616221893,-1.9313651153011226,1.4881432527539609,-0.8932438206456519,0.6801754267798251,-1.3024463102428077,0.8100497463211443,658.2773562170705,-1.5618264984796366,-0.12056496030669081,63475.05218854896,739.1650638840094,0.9347957333866128,-2.657455204071896,0.07821152482193738,-0.34605365344541417,-0.6800606049731319,1.2181178513461803,-12675.30454993956,0.6794880281912685,-0.24632333481235333,85085.63952994102,-0.30530966430070283,2.209668022336306,-0.41611234604868147,-0.30568647428381257,-0.4044397407601068,-0.5384525206516168,0.5821730475930182,0.9331750741968459,1.3645010552714474,1.636042115177765,1.1617978154481368,0.6145769399771873,581.043242110566,-0.8619852245615341,-0.2620896801444211,-1.907944796665777,0.8473769265175621,-0.6713841994834497,1.0386745803852273,-0.9888924067454571,0.5122476307797112,1.0133175639732261,0.4223379921126065,0.9189374650640117,0.6291339209671708,-0.9353470274584055,0.0019189346252932538,-0.22392174308874913,-0.8292251097635003,0.8689231406295552,80.07793686338675,0.599329678708687,-0.7874317504704869,-1.6533409254611107,0
-0.2705536155861669,0.17929239771674613,-0.015055626545817546,2.2145103232231897,-1.5245902709635424,0.5982252397125071,-0.3344437687176199,0.15112979634276102,0.8397704244994721,550.9347296947568,0.22246758869658254,0.18100830372279383,54212.982500935366,633.4390844610443,-0.6040272910578309,-0.017050406699879124,-0.4474240904035955,0.8363477310373155,0.31123857192445037,-1.0479581529684465,-10322.16332274988,-0.5254833519019908,-0.20114835309028434,71778.51476086982,-0.148890954259149,-0.05569601202866752,1.1978707348349473,-0.3207541963050678,-0.3690234890835929,0.623241212465501,0.5586836593386115,1.2862479274366816,1.073729014179304,-0.36151853487891333,-0.08955174896676558,-1.1505294859301074,560.4826356790087,-0.6796897514649803,-0.21156470628110405,-0.39251730605006957,-0.17177689102803284,-0.5165801960181755,-2.0115704191219392,-0.3620919188972115,-0.970612201906667,-0.9745391735469172,1.7063221565822655,0.698272505137057,0.07932186357399221,-2.1266932178000526,0.006606018151010866,-0.31680375216546186,1.3436433475335192,1.253806786752605,197.9452276726338,0.8738394197218144,1.2860705242727266,-0.04723531225498656,0
-1.886617964930797,-1.2216312920128753,0.630107749289453,0.11930665219876262,0.7083239656751833,-0.6580361968103416,1.6355633324322132,-0.4621187051948216,-0.08587074079373372,760.230227364018,0.9232708223938586,-0.5272493386339638,51038.2545322332,840.5249111037746,-0.4561004848378336,0.2802157274466114,-0.4748535027846468,1.0362789436743327,0.876694049813075,-0.8944920351899979,15204.990845681461,-0.8587216226980524,-0.7125616195150953,62311.29699197834,1.1752261123979708,0.7579422247988425,-0.40400062508927,-0.8258269990098813,-0.1138626739271223,0.11516380610994872,0.21679049808940198,-1.0266184664071099,0.025211588485193087,-0.3080253384581118,0.7966529605347593,-0.07282680832386733,492.8799067503588,0.73309432025982,0.6558291598919505,0.03884194872252581,0.3121098393644036,-0.4507015145017716,1.2238971153872975,0.5674965182498799,1.2211214367307237,0.7179768610992574,-0.1684821978540343,-1.012143705647684,0.4321414185912867,0.5410500070524933,0.01348407813635939,1.285770617021386,0.8023034608651968,0.984002116203375,34.31818795337625,0.26834365874098975,1.7899194076378948,0.7748928455831081,0
0.3257585583890951,-1.044013331812344,-0.3414116986361065,0.7799250865542954,-1.5476878990352287,1.4864679175654394,1.5272581077657825,0.4028289394443135,0.009697758718945662,633.8543999915263,0.20464972450691504,-0.8084539818249504,65015.22157390287,699.1087707258222,0.964327058597072,-1.0883267208696445,1.7180514524189525,0.10893683615705525,1.2894143341984652,0.033010649628569894,-3862.7281356628396,-2.056592594230149,0.9820478565509301,80972.63164453297,0.20429513092746215,-1.4645533936161137,-0.32785589422444483,0.7049388722371757,0.09141643408813627,0.24149794870316288,0.007811546963249037,0.12169887973300257,0.11948051388364404,-0.10977447988371027,-0.6054887881797612,0.27812666055722257,493.407876671188,1.2170265890464385,1.239236915207105,0.07246441751450097,-0.6405233847717214,-0.7999875695575439,1.565742365089266,-0.8880443662491946,-2.4606992976496866,-2.051108648798401,0.7313792973059865,-0.8909144033796237,-1.4895742647692543,0.09236155450563213,0.01209880462367252,0.096337031521306,-0.14487994179524813,1.7798776407954215,4.256847925785326,-1.9174639494457606,0.12276877072120643,1.4079837045458743,0
0.2841582663823518,-0.3007592858903148,0.6299610572495224,0.25498664690333517,-0.10260675984464472,-0.09162931064925252,-1.512365771855809,1.1203208546238528,0.20036006389275116,616.4147659873335,0.6644271294997806,2.2106749000555017,63492.46328172814,663.9090090379729,-1.0098764074986661,0.30779895942527113,0.03881565658206556,0.009167434787636961,-0.1049914174606124,1.6918559368483956,-935.2462707519542,0.9594781169790327,-0.19297333753387608,77806.22069222799,1.8922168882940613,-1.59965750076486,0.2938794372237488,0.7928687417706543,-1.9516596963243142,-0.49805840537406376,-1.6612287470361728,0.6446743199711599,1.1544345908563314,-0.44004170521810904,-0.016541546041774276,-1.4068158213529613,499.29588992751576,-1.911460219932422,-1.0236186244597516,-0.47525760995255867,-0.6783674590941847,0.6065126383463867,0.6774464748309349,0.09116692735088124,-0.04912252130994185,0.16605397888949686,1.2201061187859108,0.11930619668899503,-1.8549492320057772,-1.3382771604961676,-0.010559005784584756,0.6403379897517749,0.7956387065181476,0.9040322939203869,-178.65170513603843,-1.2102916436064546,-0.8271109934253162,-0.23068236324341776,1
1.4633166103347066,0.3795935972344256,1.2861431664789773,0.47164803513438397,-0.5726715846245333,0.9984471268118605,-0.9650799932017687,0.07240575794433372,-0.44116003260041275,684.3954798674783,0.06043127773355688,-0.4672312041241367,77387.02045810148,684.9057642478833,1.0759902948916615,0.1772969665377695,-0.6727850303293991,0.026539757922623638,0.476440819107226,-0.2635623405548226,8410.124747879829,0.4526120818465426,0.01961718326495622,87333.75875760254,1.9908646080104433,0.05491503122060471,-0.879209940655298,-0.6468951079771491,0.491388082832216,1.603258394506378,1.1320458429789744,-0.6923748857501542,0.5585820214172226,-0.6626014612445232,-0.5384231917523393,2.6097212710088113,426.6958812507389,1.242078968416261,0.718978052672851,-0.45389153191063786,-0.35709879346204776,0.0904622036170963,-0.3862463631714228,-0.8181808644293027,1.2911428311984203,0.7435245435757993,-1.635199318357842,-0.9614623851541987,0.5634239227239559,-2.7271980326708145,-0.009567992134608055,-0.10882706952944428,2.654464416607778,-0.43013571214235213,99.26234527562954,0.8164638291536945,1.0881899289538328,-0.216887646345699,1
-1.7872172183001316,0.49190440080476855,2.1587815453501746,-0.8976609316300379,1.4056567988883886,-0.3666027149183357,0.9278847189927428,-0.4160623879089591,-0.05527054755941261,416.21886860146526,0.4742829273344798,-2.7590140943353036,58532.858409374516,501.77323866031463,0.12388786891606757,0.8534743293959088,0.3397105164098196,-0.6039480754082559,0.47136698398481913,-0.7496370860258408,558.9247012587151,1.4264753193059647,0.22765280105338725,60954.92830005375,-0.5784089383016059,0.03371634012710695,-0.6677058284764255,0.8482836173550705,-1.182176890819211,0.12413329534704964,0.8777318133351099,-0.5300207772253724,-0.3148298273322538,-0.09895558051996452,-0.2758479879801156,0.46100401759026194,538.5321323902864,0.3414167595651565,-0.47762986416471453,2.0485034467645415,0.049613780067184775,-0.5150375794070978,-0.6433513650934699,0.4430657906309897,-2.045322722868434,-0.40053024395156916,1.8557673354264075,-1.2290415536775043,1.9442712248660297,-0.941555997396861,-0.010248445962555466,-1.1255835440734154,-1.516478010748192,-0.5021750413865764,110.6087601435439,0.2318665371630686,0.028224056765016013,2.027560706433995,0
-0.6334214687507548,0.09886577380006671,-0.2353385829399228,1.198659571257228,-0.643972114952468,0.10567809935394504,0.36091855347224505,-0.886852306608209,0.3580727214849786,536.5508583109004,2.1159993902025227,2.8063345617165094,61991.166893934605,600.7180668522799,1.585378594949193,-0.42052391866685673,-0.5685810195746631,1.0666273933208208,-0.34454086410961515,-0.24999584017369633,-6234.8240628344165,2.655453014109737,0.28130931610857685,71453.0563060132,0.04006566906714963,0.8659274305766101,0.4322277557555051,0.23760683076130634,-0.5033152633823161,1.6508034801386309,-0.2687083498397636,-0.1554568188937735,0.09941280514470553,-0.48239943868577195,-0.21837541619639647,-0.8452145262247373,435.96994914088737,-0.8014914049964794,-1.3704920420368578,0.004050579633012827,0.5058514763652571,-1.1177849032475053,-1.1018194320584982,0.13865460913905017,-1.1541077970962552,-0.5972598880072993,-1.936969936918785,0.4538270710723931,-0.7785639432966724,-0.7605233434421176,-0.0010830887205133162,0.14405392584019208,0.0929736146413212,0.4866484683114539,-63.313793068612235,-0.3958034078524622,-0.1267371730882855,-1.2271531392831159,0
-0.21848604441117836,0.8766407467900098,-2.372165144378108,-0.8148424461936012,-0.09652220290209322,-0.2597596739741555,-0.61859782860848,2.1725202032794884,-0.22725220551245193,655.513721628701,-1.8753930698038843,-0.1702327866297705,22743.96491021324,734.948103112073,-0.45402031881235305,0.6243632430909992,1.4431988967127733,0.742120658659744,0.06280698273364545,-1.6365318041072,10626.56767857157,-2.3978851548555364,1.287922389272245,34308.16908825415,1.5902619354906715,-0.4102919155771384,-1.5466093505424585,-0.356193632718796,-1.1928722735229558,-1.3571438559446543,-0.67600985948009,-2.0095808693188593,0.41567832448228703,-0.5523141432759471,-1.3156403369487433,1.387151333670042,533.7362606088716,1.7605763663205212,-0.16571249719583234,-0.16564304237786937,-0.6813298832110946,1.8637747418241626,-0.2509827164756727,1.2034487264628486,-0.07856576762374798,-1.2280793888490305,0.017941204791400607,2.471469074593373,-0.249196601054,-0.8830686573781553,0.020464661545590616,-0.45490074589585455,1.0072185031692538,1.2515293046664961,145.32308136506632,-0.8302297455534702,0.7545018940387556,-0.9374222648422024,0
-0.6399117949850065,1.533023355312139,-0.2522238583609673,1.736818925656098,-0.4424794356527355,-0.4450885191479464,-0.027318001404327545,1.2978941645722077,0.0117927921942115,618.1828102748333,-1.724077677249981,-0.6937389237823797,33563.330120605206,653.2610941480918,-1.647129859711546,1.5127486175675462,-0.5157820148978731,0.4797662740127367,1.1318799002229192,-0.07118832161750505,-9401.404054614262,1.2719582030653065,-0.8866662452948842,50292.541598283555,-0.09902016777452893,-2.100469213611384,0.5563501999794493,-1.3816280696652103,1.456008407674002,-0.35897396673196785,-0.5699577582676132,0.5551084965500164,1.8986375588855071,0.2248310853129403,0.808308433867243,-0.9554664842451198,496.252163178883,-0.5955150486054185,0.20630937317056308,-0.5805340713209968,-2.195717177911174,-2.0443692481392053,1.5523747221135669,1.205090818217096,-1.0398291655469536,-1.139099003658998,2.3024866106085513,-1.1284569771707316,2.653832960356371,0.44676885283783574,-0.019774784794323694,-2.8074600986189595,0.38606833932526435,1.7392517641339327,-242.363805835079,1.7470493970366152,0.2823550359914384,0.8269315537184265,0
-0.4857165226143799,-0.5210864049618292,-0.34255308795146294,-2.218813523815839,0.6034554824615822,-1.412901319073187,-0.6812726889601645,-1.2062519301858474,-0.07241970864146352,540.9197164489086,-0.5671614988277145,0.1982760788988167,51877.035293155124,639.2688041279828,-1.393631283289918,-0.8408566223524363,2.1973334507255684,0.1885904055158297,0.6682401228787505,-0.40001788466444044,148.861809014304,-0.6757880527055683,0.9448263623450072,55050.07151760901,1.4141012479207227,0.9987151609705291,0.3325172041802925,-0.7304396807630914,-1.461073431046847,-2.5191752386494364,0.8039985671827471,0.009060811491466184,-0.9671132445886667,0.36645407162522703,1.2160815722685556,1.515038327912459,482.1755314933855,0.9586695353575996,0.12268049634019966,-1.1455549842624047,1.8142545402664232,-1.1994101209461918,-1.349149857024337,0.027646346107810766,-1.35805816904392,0.7751246107871679,-0.7330472379522945,0.17625068275077177,-0.4549877745117807,0.5846248989939231,0.001645233649216404,-1.6954475908792794,0.11067693735942803,-0.0083577029188863,-45.323771410677494,0.5768079550929409,1.4599311591430293,-0.5134700448281014,1
-1.4556747738390645,-1.334689871691511,0.5667789379875849,-1.0496516858583085,-0.5465039679326132,-1.3222328415481912,0.1610605241281462,-1.6020147557040656,-0.23844437883039393,664.2721029797467,-0.19550406922940056,1.2814800240232922,20160.974841464762,720.569477173193,-1.2476039079301096,-1.0466010097505616,0.6030857382227269,-0.9373066043878575,-1.1836395984138062,-1.7084362424221933,-11269.951573394814,0.23269395639453894,-1.0921559962622471,-721.1651997080335,0.05477382097118181,-0.046986769189813586,-0.8798179675227054,-0.5680552025529979,-0.9018687328113186,0.6062701514170838,-0.7949374192302748,0.2162873027847602,0.5184811796189912,1.4152187022498797,0.12488774603631247,-0.2596034089228943,560.8713368617446,-0.4547824096950243,1.2982828566284321,-0.1349367168568188,1.6149477204310658,-0.4859745073726782,3.1180526645705413,-0.518008285410848,-1.1177330444655194,-0.3320068056066756,0.13184569500015672,0.9441744011338528,0.04191989345061427,-0.11336717708185332,0.007231093476117473,0.18492986580079626,-0.6732254755825264,-1.115322908510839,-57.02243406979658,1.4741192110609378,-0.09224436495584998,1.6418730881302475,0
0.5899624265304303,-0.7593776520568333,-0.16961651343385975,-1.1135570406585142,0.327305665345988,-0.6551126998634215,0.31920000043048136,-0.34732826934800387,-0.2601391176226955,592.6330328604428,0.5349866714301204,2.424532663377859,87302.14715573746,682.0503935446623,-0.7607974018180931,-1.6140557442738739,0.34099655840083287,-2.5130396030594633,-0.04192561541623016,-0.6223894118856313,20550.186262474108,0.30586283311262996,0.541906038474457,106016.92811242904,0.26113294185942026,0.5283904722366809,0.17127478529342877,-0.029045105497508664,1.3923666610833367,-0.8969787375048138,1.281968151026398,0.39800736017907323,-1.921920380987797,0.7773388978902709,1.042319486854301,-0.9596877062522073,460.4615308361628,0.10435475029739036,-1.5903014759388145,-0.8903298649377541,-1.1835326635950736,-0.9130310255150568,-1.2694565978830161,-0.2487670340925676,1.4174544770748168,-0.9401151414766635,-1.2032477080352024,1.1476834487497285,0.29943476961596177,1.0691963426266315,-0.0013612344578425239,0.712626102629294,-1.4303471490238278,-0.28552404057964426,17.924069678674076,-1.7049815972207913,-0.3715853569499446,0.5850658885694467,1
0.34001102148705886,0.6594815582764538,0.5409758205669719,0.6088712742668583,-0.21887836833641747,0.5113558864617697,-1.162540633634588,0.3801376781573521,0.0879758625648117,601.3367253208729,-2.323575532287388,1.5349508454192746,33134.87684763039,647.0551300349754,-0.06772534037492416,0.0421014636887782,0.8755290483087453,1.5866781989231549,-1.0934996176308376,-1.206037287441083,5523.649150457515,-0.4000811246736227,-0.7473422407854019,41143.72557041906,-0.5323072355546781,0.5195885624335266,-0.5265611181289428,-0.035780581808787675,0.5912924931146333,1.3191206712112709,-0.7480814464724836,0.2575542509592683,-0.41005254481979236,0.5269613545985834,-1.0483566722254118,-0.4519251197272428,565.7755811191563,0.5516867086510391,-0.8292224734016775,0.21589221367321765,1.0551988076466992,-1.7272253312040338,-0.10247209436538617,-0.12564404921047287,-0.03309398723494681,-0.2583260176048642,-0.927561330144924,0.07360630259459779,1.7863282810529029,0.754622197665542,0.0012196709568585813,-0.47231851455061924,-1.4245836029328895,0.0253637706428647,57.12910227512871,-0.47510900737173645,0.8472417577988731,-1.9605607800457356,0
-0.5151609238340495,0.17481988944096272,-0.12504667083238902,-0.9804254137665601,1.1450846836748694,1.7998188081986217,1.182589074840316,-1.961977143427533,-0.0015880329907380234,638.4979280174908,0.10020569943860187,1.1950874444862523,28836.25899999412,701.2997373770983,1.150785543485494,-2.5591567195087546,0.6104179885602241,1.48524433091804,0.4809783388461404,0.21587690646257007,-14202.18958761954,-0.33765402425083774,-1.2950267495142003,25331.42636309893,1.1689057505106122,0.5512688422972963,-2.862868088687971,0.9086137468182243,0.2854268677518015,-0.3098291893361393,-0.04851260372980511,-1.00618153134769,-0.8893288939313446,-0.10429414429766314,-0.9693544950365598,1.036977984204989,452.2286964300213,-0.5626926243093764,-0.15986202012782713,0.8947879213450711,-1.3014217198235452,-0.06522111547368485,-0.33663083614308037,0.10743262700372853,-0.6467136387955288,0.37410508069732784,1.896564216359018,0.051170186928646284,0.011213552238923676,-1.9065148883171392,0.002222486218220763,-0.05537579673639357,-0.650661816727498,-1.0660408793399212,177.4350505683695,-0.7139415913263005,1.027927703097471,-1.2280199637727995,0
-1.2613179986149892,-0.26148173231266914,0.6421804263011118,-0.08798717777947358,-1.726904660118033,2.000186833229341,-0.38032185929844914,1.045334514607587,-1.1218917824514398,653.7597960691563,0.76719237899285,-0.12475386437104113,73333.71635310704,722.6482280996404,0.24375842593220437,1.5047791003837283,-0.42914337376436934,-0.05968048955495679,-0.44268442174128125,-1.3229728502958218,-3150.9477285792327,1.2078001793951179,-0.32836167652271464,86886.49457849137,0.34316895349565096,0.1994314556729614,0.6065145754564323,0.2387536577822654,0.3710682437134183,-1.8220631619428644,0.5289063332781787,0.7129558947002466,-0.30286819952735694,0.3917987426153037,0.544591594833462,1.0001693019514648,432.96938367936286,0.32891263173107954,0.45059830117711,-0.18662903600291122,-0.5643798582780781,0.5218678849060255,0.8654929431188729,0.7187207418521396,1.2212503843956288,-1.5238257528027406,-0.07488653238661316,0.3303583738568044,0.2489327574070833,-0.8561346973669557,-0.013054535818834681,1.1685761254859632,-0.5272520331234027,-0.2807107190721664,-73.50922519816608,-0.1552410859322221,-0.31199032067740007,0.29145776403711454,1
1.0349097799361868,-1.6076803162163262,0.3342452378183049,0.8463054434627214,-0.6196706895020823,0.5676791560150788,-0.025433889941549315,-0.0170852593464749,-0.9296564203864414,522.8896424104834,-1.8474623277336957,1.4877780477228386,47402.705288268306,608.6271585245802,2.44468816247802,-0.3369978174162677,-1.778497103223056,-0.0660999565647184,1.0684648528749197,-0.8430702173057323,7595.20036406487,3.0969580082524004,-0.9176202093429389,48680.43931529246,-1.1995830034328308,0.399198518525831,-0.524860815874662,1.5027556579228154,0.7278025511224262,-0.4530696583233547,-0.4818614617369034,0.896369715806778,-0.15770250442311906,-0.914355865409972,2.0586012261749644,-0.02980207132779807,516.8007650288945,-0.12114760677396504,0.9999479488054673,-0.01814591321036325,1.5840095624089041,-0.2246208150299936,-1.1200998754188933,1.0346914003136527,0.8788699467806005,0.10080844214111828,0.8177261406707619,1.0130067187678453,0.4748629032036165,0.09113925692502457,-0.0035487946266994203,-1.319641964060803,-0.8750592499458903,1.9789241266133968,-35.01481516734872,-0.5077225469074016,1.4986916126402794,0.9048635602483043,1
0.002126616709633947,0.483501788448377,0.1375484360704825,-1.8662073432706259,-0.8551726636159671,-0.6952643646516701,0.29219314300269955,-1.3738935557528085,-0.8179321257487691,656.7443762310417,-0.5390122210141999,0.9241533473993594,75998.16315280485,701.3708137528796,0.8041673988192113,2.4120314139278083,1.7496127127555638,2.1920527319732277,-0.42107273534073175,-0.09728565407766357,-9901.671390109925,-1.0422030371704167,0.32768741422762915,82492.85516867496,-0.06059978774180664,0.2343685953761013,-1.392218189396496,0.449211358281298,-0.22043642341288391,2.1426650044440247,-0.01746277663600117,-0.8825791019891005,0.7802490731557669,-1.1574846845879878,-0.0389119259548045,0.23092922986700343,481.1398965312142,-1.1655187252235182,-2.365621630015497,-0.14470643704291142,-1.2320782729878719,0.07682971674289135,1.168730043255147,-1.321238417261345,0.9646926618638024,-1.331716407730508,-0.9380823656675118,-0.34710586975503466,0.1662335974684565,0.5723134327351146,-0.0029820532775768423,0.9356024926049334,1.1275684152935044,-0.5364729785726791,74.90705209402772,-0.2374683715487172,-0.28925586662197267,-0.444811999383267,1
0.24957859341944225,-0.8890108302323091,-0.4869941146821929,-0.3619749607209263,-0.33838023400622086,-0.05596815067504705,0.6724456571146834,0.46161163098164626,0.045377722836522145,567.8245149163913,-0.25796438131411537,0.30271530637226973,19602.594339874147,648.9974671776808,0.45147049316086574,0.23894890086887188,-1.005154005589463,0.5322265056891744,1.3792448489330809,2.4070436505859005,2959.5535465648236,0.024450516211993133,-0.366562203451438,30880.558055359965,-0.11540851662266391,-0.9773424799016235,-0.2268923241127501,2.3820211514423235,1.1396711338022627,-1.3008036437217114,-2.7486976261888043,0.4925029311312381,0.1379986701354267,1.9175419492093508,1.0854402856329235,-0.09162894122789081,468.55907379675836,1.2349845687651264,-0.034827996096671705,-0.3586629119550194,0.7477372265588798,1.274583572422367,-0.4418767862573839,0.3890317756104048,-0.35589273470162136,-0.5914708103571866,1.348085030533886,0.35884464712430625,0.2302879580359037,1.662777136229832,0.016108497913451342,-1.1297076401249624,-1.7810985900687983,0.6437525164199596,93.8172711237516,-0.3264413838084384,-0.03267753316837344,1.9821106446921934,0
-0.8368794100770358,1.601545859113466,-0.5789333315110435,0.24614295974247308,0.18257884800135862,0.870590352043868,1.3979061523753098,-0.5266799066395517,1.8488366778468546,535.2994666658162,-1.5432779050619794,1.702575862764936,62309.88884693077,610.9040748078747,0.5685591850115733,0.8484192491067354,-0.18678881370125328,0.9110141034134253,0.9192623338154604,0.43644620052578403,-8132.125648642684,0.20267721565492064,0.6288393981814792,80779.84885053891,-0.6651021649966065,0.8449384956505487,-0.7690758405061379,1.993832192090496,3.0654126370775057,-0.19287337359954704,-0.43600450827302517,-1.4550540917369275,1.7560282063279944,-1.2565043954665789,-1.3256591117199827,1.9999524553950725,541.7564988399575,-0.5375077017077632,1.4741154355107098,-0.2663051633764244,-0.1077138960918811,-0.004176618724505591,1.141666424298611,1.521054601124264,-1.0110409770993514,-0.2884081143346824,-0.0860474365899158,-0.8022734035932526,-0.3750580065876331,-0.34091318165704104,0.006382436394266006,0.7378145936849669,0.8035412898359281,-2.6748629164636153,-113.53080070021149,0.44954125938177425,1.372580244733462,1.0872972678071529,1
-1.4863788632739612,-0.3799391452759318,-0.06213834321319814,-0.8409762040283386,-0.17603344897939346,0.6306294621177831,0.4126727509769817,-0.2582024619891081,-0.4038237769402455,561.958926131973,0.9196255889817435,0.011614653891564112,64607.54929401905,612.5251976827584,-0.5665393585984141,-0.5988182957816963,-0.6098842313642042,-2.002003962084463,1.2370172977394391,-0.48479011470900074,-4808.378468125278,-0.26327108409671424,-0.6277649524497658,80772.71910906937,1.6105629056304194,-0.8328516831687935,-0.20622362906869593,-0.21953476124807292,-2.6824157030402294,2.1307872355407462,1.1440373237671815,2.008444607953733,-1.0141301961714662,-1.9271698322727577,1.335945911616041,0.4778644918074518,491.9363703601027,1.2024561469001978,0.15536317040616823,0.12905814555496495,-0.31117711102205226,-1.8338551663522507,-0.3652299674602876,1.1468914774728187,0.8149750782485322,-0.1543819247715512,-0.04607494788223967,0.09027757310234433,0.6866649839587498,-1.7635298959775045,-0.004504795502158716,-0.6342291858789224,-1.4301799806979105,-0.05417649892211886,82.38702353851846,-0.7684078450612092,1.1619473538072034,-0.33169649176403637,1
0.2537081574532707,-0.1814712384462857,1.5417253883661266,0.18999209018474783,3.7084157701609937,0.3885555590017716,0.5947544727682887,-0.6327163120605522,-0.7721003603944276,528.9953544051867,-2.3801521995689754,1.6092127559404124,65415.84206491993,537.3358326744649,-0.32435292649519487,0.2608734086850768,-0.7986913597030292,1.424129274471312,-1.672740591962327,0.90139501867052,-6736.8459289598695,-0.4952075917513613,-0.3675504760422009,69608.10687778091,-2.1231419439408166,0.19207270751154565,0.39200793985593657,2.9480957125506375,0.9481714930068218,0.5421443504421597,-0.3605993329554053,-0.6033556157680392,1.4609965357445946,0.10343659001974201,1.4921653088491735,-0.07081108922812455,463.2651700437067,-1.92295263073045,-0.9912079217491452,-0.1948402569191972,0.14695783141207455,1.0649645237563818,0.9998125217214785,0.43039829917991956,1.1515599979509172,0.6376259731621104,0.7425261413187375,1.9936469689900993,-1.5141151911754749,0.36555537413672656,-0.013683377181709018,-0.0860779362382559,-0.04802741527189079,1.1689609158610517,127.48213190084724,-0.022196604787054763,-1.4779992095311187,-0.030756958244932697,1
1.3274941955115744,-0.03564484003208181,-0.543727642561149,1.3522660616357118,0.05554966671016954,0.8839296565469974,-0.17534520221297037,-0.9347137168258898,0.8368073044339307,665.3109615223566,0.9867178262812948,1.5537617606372722,37445.01690737404,765.4999499460774,0.3907835464069521,1.1635794276770943,1.4264111312763055,-0.1707092058656322,-2.313264260906951,-1.6874000753751728,1773.7956861793073,0.5754040734828534,-0.5301399780073298,61460.078744978324,-0.17334447175322482,-1.5282089106761951,1.009490026983863,0.8169596872535728,-0.6053284579892992,0.4792954494805377,1.4188143503886366,-0.20684228671024346,0.9521200649107461,-1.7152638584519142,-0.3941461796098099,0.5828464960478233,380.53656818411196,1.441286848644058,-0.6108677573135588,1.1439531664101819,0.38474381209208963,0.7353914331787537,-1.5146790768981653,0.5347452281684255,-1.45487667889036,0.5287533584253783,0.611272599653161,0.9495815193868962,-0.6308298805756868,-2.2284787644944917,0.0010263769608490037,-0.3288878409070741,-0.6772516067127298,-0.3764750085405705,-145.30735804097304,-0.19687472378393764,1.8726000031918788,1.178103588460893,0
0.22149967976916868,-1.1790890134703822,-1.2101458338401299,0.8007601589166259,-1.8276576680878056,1.4435097110879531,0.20108142477015556,-1.0456854564334122,-0.08263850722022023,603.1682731637403,-2.427865736767367,0.9662843404239616,75543.50394173269,680.9314730801945,1.2874747919367429,0.5319330658559054,-1.3948675623223568,1.1200448618763892,-0.8612067475675963,-0.10553349075797662,12892.259403315305,1.1684705732101035,-0.9737822264053753,87998.28509488438,1.646715131878427,-0.2650793639213133,0.1867341603469728,-0.2741827800164444,-0.8024048969000152,0.8589880730315109,1.1689537095250655,0.5073171991948596,1.7406940552846044,1.9953097460617277,-0.7871307369316402,0.2923411866484683,436.9001624726011,-0.9955144622134423,-1.7338537523902593,-0.21146130338917163,-1.6956244425016487,-2.8068120938946897,-0.02087023741730852,-0.4624236987697594,0.6761307229445713,1.1349679900211793,1.2298713961350556,-0.8734229889373236,-0.845739801986809,-0.9791459136421992,-0.008876856068348801,1.1615525279960397,1.1598955071864483,3.001087907963061,-3.2521265574803637,-1.5067539206813485,1.8167712929857622,-0.18042460531486473,0
-0.3031521039740943,2.427568112855116,0.25073851137443215,0.32966255404990147,-1.1332308297725142,1.3016528678757862,-0.6110366610804261,1.4718956632423554,-0.06764067370340912,654.9770608157861,-0.4844436200815998,-1.8123996429090996,70832.54032675823,714.2709634622632,1.1210937193348465,-1.61464368387277,0.8923621149746266,-1.1970788354552975,1.0571589862226485,-2.569650486746208,-9591.635281834471,-0.9245609286008576,-0.39601608168371905,74587.59807749209,-0.42486397872440196,1.7327593160224528,2.6232353369105894,3.4475962505549367,0.4179580241013014,-0.03916682978283107,-0.26057136451882007,-0.3022507151690302,-0.4797099260937209,0.3044819484741174,-0.4477754091314719,-1.7220019370326927,452.65978036765614,0.9924730484746724,1.078456778663987,0.4627777719263301,-0.06299748752944519,0.20227358217658045,0.35177681250804216,0.043236969247377646,1.3017157417425265,0.44105390126842936,0.17580225842976,-0.7966883838299621,0.25895127332176615,0.06422049453819699,-0.012634197954538136,0.13307512993436665,0.15302166050563765,-0.4626495156288235,-118.68241288690933,-0.29258727738670326,0.8670649815713637,0.4512448306852745,1
1.0598462860665507,0.35115446681785045,1.2476800318176962,-0.3062962449468674,-0.662491924082139,-0.47275558096323306,-0.3524961006909496,-1.114810235618332,0.14480547288299928,603.9858662871729,-0.39477154337161263,0.9926560229157191,78902.67693907644,655.3832904041957,-1.9446434751657289,-1.1181387884305851,0.21105286329780887,0.5422203316266561,-0.12552628087913392,0.6024773672899082,-3560.5786969931987,-0.4453877865950194,-0.6094553791010227,93626.09100663934,-0.7990949408983007,-0.8775709898831776,1.1055312835306006,-0.8413966844901116,-0.405939037792998,0.7534336343463393,1.6489688680630286,-0.5172458505609804,1.1088505280600773,0.2895784032443737,0.07752051241775247,-0.4503129505508105,491.3647520589535,-0.2369689588304349,0.3774693455667673,0.40420509702542934,-0.377682034001944,0.8513379913287826,0.5746926085252324,1.2561610134116012,-1.7770150022429088,0.10480652611225334,-0.9322072308338429,-0.3150538203122199,-1.2364281867803537,0.4822433152645245,-0.006571315362173024,-1.5109680623528812,0.07273680437597771,1.2291824070500434,-78.34224493301329,0.3517895347692236,-0.46986101172614186,-1.0229995836728067,1
0.03048899372708847,-0.8110521985787109,-0.4762806129753595,1.4387786415235915,0.08056775994388131,-0.1798789958302828,0.7680909438530891,-0.3058996971346171,0.9626879658308104,509.3141432592104,0.05038343213388778,1.8455423303312455,84472.02027032913,557.1591253196659,0.7748690273703329,1.198599250674859,-0.25253447377757365,-1.002902145686367,0.523225681899698,-1.161979620614687,-7583.626924242636,-0.14452365256338234,-0.5364619811148071,81255.06663990949,0.5381454490812883,2.082549805321775,-1.0349706055767485,-0.46579986367535564,-0.11320767016246705,1.9943878142259586,0.020763291542654654,0.0629652581215094,0.8867395631572564,-0.28768544992410966,0.7922592918408549,-0.9382196727636521,504.68682538224914,0.1456687811973843,1.1381217883804997,0.9073176133507586,2.0950997840890344,0.1754436034583614,-0.48953219551711596,0.6771602547987955,0.19929512159538526,0.8630531973167666,-0.21985156567400707,-1.6701690124267867,0.7252409691881875,2.1974762983603715,-0.0019651595423454504,-0.09241702600617385,-2.232444852536045,-0.8274766702546511,-116.61487058722808,0.6378767520621171,-0.6697552904832028,-0.787530651439949,0
-1.440282944880138,0.5006076944875885,0.9368524089191796,-0.5666777895927931,0.6447061928354778,0.9970775728988885,-0.8202566368546852,0.8872510315628169,-1.0532839023597,538.7540347165872,-1.1075151151394955,-0.7560629121359053,84967.53651258527,612.0744642629705,-0.4700890820835315,0.05853526380616894,-0.32706787541700755,-0.31237597946414764,0.16673129940563286,-1.7126005430755582,-1091.22359704641,-0.718569665337843,-0.12236727248680335,84487.98636988897,-1.675630544351796,-0.9129896803856625,-1.5482510536343277,0.01968342491563787,1.7974313122854269,0.4083714914620604,-0.2577132718052332,0.2054720883026326,-0.4290808512822306,0.3225118100197294,0.6638078342506313,-1.6055674927327441,498.27208242565746,-1.323443889922452,-0.8794742395699626,-0.31521601014154577,0.8057569691833656,-0.7758496462128907,0.09021107720373273,-0.8153223846638544,-0.986390951163163,-0.23688452051311343,-0.3767032728418916,0.3816047832730689,0.2379180832819681,0.44839080395546616,0.019304451762044664,-0.35001892814592034,0.88948133731105,-0.5495502840440671,-66.20690082016975,0.37990687878905555,-0.2553705874740299,0.2849701694406016,0
1.158157944635307,0.9692994444404792,0.4707528028893913,-1.294426734501392,0.5625551235442336,0.21265886129595127,-0.8828445969526318,-0.1668067949468945,2.0002580281567934,593.7387093230841,0.6545675171499358,2.7008807016496967,44229.33391099253,706.2332708212718,-0.31964635854115636,-0.691914753555934,0.8065419550925291,0.791518275911409,1.2262502840459601,-0.6237347152738695,-524.1399547618306,-0.63362361443986,-1.9384677373969648,64028.885701875646,2.7161663300053545,0.9295957625312774,0.2257014447350432,1.6932682227433022,-0.17683359082861122,-0.8623494679030574,-0.589525854110389,-0.6193031799679808,0.426480797877346,-1.1702797930402724,0.10867638462347522,-0.6237327725713178,496.4222438182655,-0.5623372217032762,0.5494662688473431,0.3605403416262316,0.09101168122694486,1.9116700163303715,1.8823417301564263,2.190589085245374,0.04130156481270185,1.4304842739593104,0.49372740828262257,0.7080189262342564,0.695341412029476,1.0231125407363322,0.007090394452764979,-0.4745665092056513,-1.6575046064765744,-0.4930198351920485,-55.9706858687958,0.953408437157168,-0.8010506443039318,0.5393726926807697,1
-0.6999381192860035,0.8109245660501595,-1.7618885299022968,-0.8263315709961183,0.10001305117321702,-0.6899479062335488,-0.15479973603717917,-0.009817190581011133,-2.0730426935803945,757.0842090263579,-1.304639535492902,-1.6833531926058396,75417.69653330732,827.073817184121,-0.03738922226047703,-1.689855940892763,-0.7430369828089536,-0.33226810314464145,-0.45842268365223193,0.4038832375497862,-5893.99779106209,-0.8016413939338206,1.3417547070059,96708.34968499618,-0.47873768174446496,-0.001843129026290386,-1.579512655766994,-0.43421859295402176,-1.3870261788053813,0.9813927927929386,-0.2523600043353119,0.302976065056559,-0.10466766682540447,-0.7488652831695298,0.23668784442803031,-0.6897399411321002,502.62049726203094,-0.8390778792950678,0.283013456846835,-0.42279937548934227,-0.23580187968061997,0.15467754186374036,-0.0969399523074868,-0.8735803277565795,0.4992638120351906,0.8134006791221459,2.693245443676905,-0.32631358525124715,-0.95864160402612,-0.7515749312163942,0.0009425748011812793,0.8701818628821669,-0.43882737404828004,-0.7861555238617176,156.12546568414103,0.5026030280550073,-0.7483242754309197,0.648071574353133,0
-0.018656893786085083,1.3491708417483994,1.7754930094292771,0.3803222667934003,-0.42538232642074686,0.8799797392450103,0.8265641682150192,3.202474193135011,0.7202736553106215,596.0630504895113,-0.8166628446355206,0.3409556118408996,102036.68568658526,667.9494535481734,-0.7295044056054267,-0.744579204529643,-0.023446586017736852,0.38216165764610416,-2.597192463241997,1.042422899924346,-1758.699196510881,-0.5958108876407493,1.5712025154096196,131859.19509397703,1.8930560083597279,-1.5361869822421934,1.9007693957473475,0.13164033053246482,-0.857941694035513,0.08373533613618367,0.7699337781128568,0.5376084095015643,0.8106361322964973,-0.40734989318205544,0.5642459573542713,0.16784526780454692,546.1720476831224,0.28076444718408183,-2.249797607431807,0.6086588135627189,0.21887185779680346,-0.5483143903082319,-0.39757550360124627,-0.26208013071617803,0.02426395195349127,-1.1783119426532078,0.35198973354565094,-1.1559753813357352,-0.6192049003687476,0.4965214119611291,0.003850785501442426,1.0886551059566347,-0.3843477621734351,1.763195222959779,27.559874709030602,1.4931817961079117,-2.2609455489477104,0.39369277767647193,1
1.3207213396636792,-0.4372559859704053,1.0300935507943507,0.47526730928246985,0.38545847587433957,-0.3672761922456961,0.02065398842096119,-0.7359093711150363,-0.1851549858934667,652.0230990600144,0.369475867776226,0.5409721220248838,43397.55624678637,683.4503108271405,-2.008065679158371,-1.6933109537291384,0.17708238277303417,0.05546084037838317,1.1849402612085542,-0.4174387694938305,-4326.374582693797,0.4810804444691941,0.2519957407287051,56720.06137829868,-2.1390952981874483,-1.6863178898954474,1.5075147761183696,1.1171783811809788,0.29046926274549834,1.408337412776276,1.1973301334616235,-0.763788643623851,-0.6309769130784065,0.1252661617406253,-0.8822980064678417,1.1375405151442042,518.6830812021847,-2.159031946927953,0.6427806599826204,-2.0060302753253496,0.35617704831177077,1.4949931155942693,0.07983095434117113,-0.5610750324538658,-0.5743427682359398,0.8071942883181369,0.9298970410548477,-2.353000575795251,-0.14132506106092413,-0.2602895806380039,-0.018117372540303697,1.4205413646856815,-2.4593661983251422,2.0058157747474348,25.93512648524574,-0.7206520432071222,-1.1396792114767103,-2.3868624437062076,0
0.4882194200533233,0.39809294290171415,1.0385506388182282,-1.1638192582560989,0.9096338248042153,-0.20887000152842997,-0.5622565921957678,-0.6601442042789688,1.148195029171493,602.9509930432356,-0.6087201142590923,0.20662980695774802,97494.33932743904,684.8268789112824,-1.045831963946639,-1.204811798824377,-0.7963213665395399,-1.7459120753931325,0.7448903115310953,1.0237544777732674,-9298.222745747986,-0.6306699806726711,-0.9180957194231714,102109.33100146541,-1.295349569914136,0.03161496578867726,0.34281445816306483,-1.8437382311288062,-0.5940164768297876,1.8865082627159784,-0.1380261233005461,-1.5760591244423041,1.7903167159094642,1.5008211150827986,0.46101972827397536,-0.27278854319667023,533.4655895499418,0.7493689430482768,-0.24557292531083164,0.7424115840968265,0.7820342673714757,-1.9826803993845739,-0.26646008880386546,-0.23219551631088864,-0.19265784058134974,0.3567998024283795,1.1776025370645549,-0.21983258356882315,-0.28325088067320014,-0.6106129122645593,-0.006729888596194788,-0.8986520527036407,-0.9428628465506574,-1.5481800493574513,-158.40930526710446,-1.9382354511957791,0.2384683700792723,0.8719235533939149,0
-0.501837604841026,0.44236182381506345,0.23398369370884728,-0.36608592959183395,0.20137991104496067,-0.6117672262269178,-0.6736354236880434,-0.14818567027809726,1.1707587354276658,624.6705391479243,-0.31253585714270343,0.6041349403433248,25389.98743629098,668.7563170570678,-0.4168515377271749,1.911504243201005,0.43788706317122567,-2.0936004410916436,-1.8308290337732331,0.09872521122902285,20988.263127991246,-1.2352413481911753,1.5564247149540549,28852.459975735583,-1.2126605775754762,0.41096587115080774,0.17596681762025065,0.35907513519349243,-0.16280010690709867,1.2915759990650313,-1.2102642791399962,-0.37796792109583344,1.3691573574518012,0.8317231646677139,0.4987787178693971,0.9159788491757164,436.67589912525676,2.028021114650928,-0.21318316559919645,0.15921144424162195,-0.7566156514029199,-1.878354100300154,-0.1260576081275694,-0.7153231618069452,0.9971495043705446,-0.08083761989856054,0.18348030664628295,0.6993082388781631,0.8768062084405349,-0.9765264287863817,0.00162636576982693,0.669514789891932,1.192116913129438,0.2432056668050215,102.1393854195485,1.1740100193840115,0.12958265421160892,-1.2362362605570039,0
-0.4848071306224643,-1.4074463278875575,1.3076034080688133,1.1244307279527055,-1.120979878224633,-0.04651520097760431,1.606741663192204,-1.6543061612318015,-0.10960574759223113,606.172015072159,0.12789408091221818,-0.19004341606699923,59287.470506111094,670.7497325390484,0.33290289760607505,0.5362203356838652,0.13861920879087103,2.858248339380378,0.03964244718495581,-0.3724158600291618,2271.304483263514,1.075862639247208,-0.3495395406143735,62075.177348818084,-0.02366052202064117,-0.34477180333136326,0.6732432620324349,-0.9040111477624231,0.2575616368055979,-0.3334644732567821,-0.2483308025254378,-1.430607250146607,-0.23886765862738532,-1.139593168713342,-0.5919374104391477,0.02136771468160838,492.8946059736907,-2.591625632348117,-0.4926506427223799,-1.0105300557135035,0.14467300423836166,-0.5021918637778061,2.1039558238652245,-0.5365132772724016,-1.806822126893751,-1.156833417362197,0.3884022728270813,0.3872169453236631,0.27195979673173415,-1.4829401460073952,0.007100219588410754,-1.3245601211929396,-0.5263191303754313,-1.0540721489666238,-76.42518140535987,-0.14532242386846872,-0.9576894501936931,-2.1562025612795264,1
0.29503512187330094,-0.665316626968962,-2.5008826280425156,2.133165471097485,0.8569138202553853,0.11153984974418846,0.7645572086430109,0.670106846054251,-1.1425654727505796,589.7426610975475,-0.9475695177153477,-0.24292271871035728,52460.99571216208,633.934272368596,-2.158487118602201,0.6440564608304806,-0.12759917100507026,-2.1630332125202476,-0.6141892719000761,0.13072979302860327,-14422.73132278444,0.3728613911860589,1.2578119217616095,51213.09340717489,-1.1500511415167152,-1.1927217378056176,-0.3267914767066816,0.17856455813144187,-0.8419433457255453,0.9025274687397437,0.39149304323758577,0.3327364811244748,0.696838381812994,-0.8450520563267329,-0.6434106166845924,-0.7766502448137964,527.1503945553416,-0.8870793068296465,0.42937456234723625,0.44824247459744265,0.7983864894206902,1.7716009715529724,0.6237620337953248,-0.265033605311328,0.08198071479266522,0.359126164492539,-1.7671249146420183,1.0865663917554733,-0.63026720411755,0.38113359926690077,-0.016572824342309774,-0.8902508763373256,2.1874727382765013,0.8255984699816554,-163.91879437464763,2.2433940485066013,0.07479245226070279,0.6948413891033723,0
1.0567525242723694,-0.704530617731932,1.0165545580584299,-1.1633930254056328,-0.10765676358150376,3.8623916251005626,-0.8750404809198694,-1.3778700525443845,1.5298700283140338,635.4490402269649,0.05582765970715869,0.043645736230689715,68088.75417739808,656.838359052799,-0.2789185628044525,0.2523998200917309,0.39623459062618693,0.9446771651614148,-0.6909661494528252,0.337211423069321,3387.3376815538004,0.9943189875922785,-1.5972439739736044,79366.88619647411,-0.5999983169472297,0.6240132425270638,1.0977301449067989,-0.4511275522613834,0.3212693534065277,-0.9500713890913715,1.0790591385381827,-0.3944008485249558,0.09103666663595594,0.7010336134564487,0.9988978885284756,0.0962118542954389,487.18061099600817,-1.1312817740783847,0.5719850486996029,1.8607748904581645,0.4792839920183453,-1.5099230233538317,2.6846973713553153,2.5271209649155986,0.8118769828539281,-1.2782541993790717,0.45356992683480957,-1.6584828681343022,1.1735470009438465,-0.6504603025477705,0.006605908353494914,0.4448911559038368,-0.7317054348068581,1.090637214006118,170.47356880979473,0.31137085172196616,-0.00038711037234460326,-0.299665816281746,1
-1.002850712436939,-1.1724477063167877,-0.15925428246594825,1.1530441559997222,-0.48072713479362866,0.5441164600563857,0.3377725642456269,-0.22834918689678163,1.331095257098679,577.0882256833964,-0.9490644216168006,-1.8981150599544425,56589.712609624046,628.8266626353105,-3.446130219382031,-1.0034773401219232,-1.6514740389417168,-0.6376950720433114,-1.3588924477742927,0.646991454791466,10276.351811082792,-1.1623251187008348,-0.7291682905563736,74956.31114130921,-1.117588309193808,1.4439016579944948,0.817031265405642,0.9295098455306264,-0.5554154757218425,-0.07384201175722067,-1.3008552105497029,0.8276784006837818,0.049075223045890834,-1.3276587796091834,0.9337378669698169,-0.6359342967836942,527.713593134151,-0.03794520491775751,-0.9379906005678165,-0.4045199574961194,1.1912872328406408,0.41497607779923995,-1.2770338963062344,-0.029421250189322092,-0.028750798499456477,0.20823572533637755,0.1696573078343734,0.9630304881586681,-1.0197176069631049,1.057017316376981,-0.008861642914817136,0.7386776522227285,-0.9306483920373645,-1.7340893181315378,179.87950994806613,1.1397409526419535,2.251831936947868,-0.6135537167014733,0
0.3728114590169398,0.6986442898524057,1.1923001089643337,-0.5025956259668811,-0.20218139409752015,-1.597098911726235,-0.7042275794107296,0.30722587678647273,1.6928638471951527,554.5978444396909,-1.3878115271291658,-0.5934383490833498,55023.49707639938,636.2388682429249,-1.328722545317082,0.07006642796041951,-0.5947797234148037,0.14187998585697206,-1.1843945838582943,-0.1557665735330384,16291.49928532605,-0.4775009626131543,0.3856045407283222,75037.77662239046,1.0762880162675093,-0.8815794676797318,0.1450890475447863,1.7391552786012197,1.3219688100707792,2.3880231919006634,-0.7754291400330976,-1.0233369199035238,-0.8499748896765594,-0.6286995793473583,1.4860365773286326,-0.9888317136712251,467.5890807609908,1.2723028628750574,2.6538615193698365,-2.331997326435572,0.7584668553317364,0.7570738778537899,-0.8015311466682625,-0.4263997506158744,-2.0046826410939613,0.03704088035347595,-0.975388663797481,0.3213849505620853,-1.3799244631081093,-1.0426576107643526,0.0019782961973498128,-0.9522420595816228,-1.6582326796198625,-0.3853981725121022,-96.94670633119223,0.07412028118500094,-0.25110140137151254,-2.044115995567703,1
0.20905013722438567,-2.2773127927438916,-1.476676804849441,0.22886669264244414,0.7391782280698583,-0.1234042949592352,-0.8107616664255552,0.07238908047174736,-0.6834771905624751,629.0269229443735,0.41794363472663776,-0.05438598282741771,58181.49710130983,721.7412661336182,-0.7665616700238365,0.5614829215636392,-0.2018445355478248,-0.1517070319950452,0.45097403714091916,-1.2789134159284252,9979.035808787006,-1.0945033297167275,-0.7684372725366122,80780.59266387874,0.6826194567302478,-0.5120474468215181,0.19635459084901088,1.9274439912890713,0.8169642829006785,-0.0798268759209344,-0.9130476050900689,0.12133813762611793,-0.33096000579385243,0.8061570992269287,0.5173382459942062,0.2754743845974504,552.1423129097483,-0.3855127094464028,-0.7183617919898777,0.031152555570343337,1.5234133971603028,0.739857592927916,-1.4538808115020545,-1.3512073533170301,0.04532766779160034,1.003851342191122,0.8782212159805891,1.3471798372880044,0.09909561355914011,0.2118519763185195,-0.001374465998270068,0.20710187576137332,0.8810792341275852,-0.6305670151268213,86.81664956713996,-0.761189070228423,0.07755062138399337,1.2174787178203832,0
1.7752118168256503,-1.8608945397718755,1.1039329284832005,1.4455480978268178,-0.49123336141781104,-0.5522958947420503,-0.12992577436989192,-2.7062117632758174,0.3613248753742769,645.1999659382099,-1.6368055720985846,0.4619681410941757,64092.97762458076,699.10334262422,-1.0317594763832894,-0.06423118672367935,-0.5424023616531974,-0.00954422978251548,-1.5306774436172406,-0.36866812720993597,12319.747188826075,-1.8061937620267807,-1.225327320816819,73277.99966259213,1.6571742681629094,0.46835528966583906,-1.3553266917927427,1.2013004244814174,2.099589404318068,0.8810303854455178,-1.0736106273190213,-0.777033137204834,0.8041256212412464,-0.09382670214248744,-1.3667199288128722,-1.168848521917818,465.4119713879624,-1.0992035039297592,0.1710528570061551,-0.09594123233007547,-0.5076962847129015,3.0086102286605363,-0.9485562517597201,-0.22670191632166128,-0.9262475879185582,0.5291155563769018,0.5998530685858533,-0.04418412830632953,0.6365437542834204,0.7602880108050366,-0.011950158293306198,0.5148347801074807,1.76364578305466,-1.7437174178036714,-65.88214767564384,-2.0822432604372616,-0.13221570627375695,0.36251132791345,0
-1.9698446973827377,-0.1864256051496831,-0.6142548658376116,0.48818901006208537,0.2225835897915579,-0.8334331056869765,0.13006354942765777,0.2317363644474822,0.9045861615606597,659.3965631164556,1.301131777560224,2.1866638958687514,53085.29117811043,727.7663719002314,2.327460015404324,-0.3587809829200663,0.5239366383783983,-0.37565496268432186,0.4431845099657371,2.8421350619770736,25326.074526704106,-0.25361158617921714,-0.16730675029546246,52888.37583816998,-2.5032656955570367,0.765604233100156,0.4546950818257162,1.6261580338642938,-0.23675806444945124,1.7355597473584343,-0.5535815006248019,0.48567882763718045,0.31596489230087804,-0.15333661763767303,-1.7468476941286553,-1.1893449972217607,537.6757958819626,0.5677529475799242,0.5101939829212748,-0.30859902984095067,-0.7728473914359377,-0.012025688225190519,-0.612193655806917,-1.4150804076802748,-1.1042266046984541,-0.5321911933656355,-0.2311524668790571,-1.3353239713400715,0.7569263556786872,-0.9596806611154951,-0.008852755780046535,0.9128067712367824,-0.2700644287285466,-0.9265695642106534,-88.56058989507609,0.3897309566390299,-1.6588720477520642,-0.3783429917035039,0
0.9816035865333351,0.4852905338621173,1.3452359146687785,0.4679749239049746,-1.2041565173844742,-0.4280458062090517,-0.6055278852050368,-1.4752888747563817,0.6808815891253049,544.7150170349712,-0.052001396051810436,-0.1019915888727707,46099.44323810407,592.1026670983626,2.351532931145996,1.582560459143446,0.13825432734523718,0.7364733651952737,0.8253168281411427,0.504260033058164,-4563.919348394459,-0.7900822802339098,0.0889034732379275,56462.37190187769,0.31730830658260056,0.8927542473620504,0.4693023858716169,-1.133160374576507,0.34819119430870027,-0.25381147084309813,-0.8709932390236239,0.11061072967486853,-1.5059787816743413,0.8712433646511916,1.3544671389440002,0.13269746231160612,618.8245421000095,-1.5420854439198104,2.265526572506737,-0.8517689453721796,0.46224154315436156,0.9976670983984067,0.059051525665294126,0.6041481461345402,1.1471716853111658,-0.3259511135605411,-0.861401574122449,0.8816037737047292,1.3570625165709218,2.3093515197656838,-0.0030100796727801065,-1.0694009030341656,1.1339282535104744,-1.8519608245416996,-89.03465146748282,-0.18828137604795106,0.08709833239519622,-1.5501441701643202,0
-0.22317234504176248,-0.7431728028992609,-1.4495256125566867,-1.0227428951458315,0.8951922247579371,0.8286601292119433,0.7494437108717212,-1.2019336639784475,-0.0706170083259367,762.9815689823922,1.2576173170668945,-1.5965456677242755,87782.18388393463,817.6184780534181,0.10988079745247618,-0.349282218836476,0.6826552353277339,0.033730157775197556,1.1830066014300205,0.12745073089835954,-7965.825689059591,0.27460357230613713,-0.5238126185002582,103509.45122297405,-0.18324619539652326,0.3153338527448512,0.16849888890507206,0.4480591818060249,0.36002062087328984,-0.21183077100240302,1.3753795760293412,1.3218369339027565,-1.634382846604231,0.4993212701501894,-1.256364680748941,1.3532099496604724,522.0563984670446,-0.4533168984914026,0.12573151646835534,-0.6314678251866038,1.3444707492646788,0.3556324237107517,0.22820731346600093,-0.07330532343495927,0.08726333175260322,0.33244931322909715,2.016856875908856,-0.2392038064864564,0.7105683289888484,2.0572846614148714,0.01888441464122122,-0.3785876097506275,1.0511976829024834,0.2836511875427798,-74.35515643820384,2.026369746749459,-0.7440512183741383,-1.174841869956973,1
-0.8132093323097741,0.07149627443655807,0.3703392582653682,1.6198044435258532,-0.8284247580549965,-1.0175855826980698,1.8939686161206692,2.207934111811144,0.8518939584455759,546.8081303117815,2.934296850868544,-1.0623222382013773,62171.709195358926,604.4890324918747,-0.09690667042529018,0.11967327095510687,1.6288051694468273,-0.941350465229196,-0.5387503979816859,1.1019786989432887,6172.059668269378,0.214290853474391,-1.169055269926884,67178.01139066939,-1.6039236436149857,0.357889138045801,1.2624584377697272,-0.9038299456141459,0.4096535020066296,0.9067483606178165,0.5890920497289026,-1.378422346899332,-0.46578589895074146,-0.07325281738794241,-0.28345254338820475,-0.4865628392920275,452.5887158598108,0.10113181538683103,-1.1672273478364144,0.9941607649354054,0.3940790911292358,-0.08311581594770842,-0.5170107324419427,1.1572727509283212,-0.7098869590831891,-0.24056073614036202,-0.5379587119900785,0.8772596938749755,-2.8637218878497084,0.474077493674451,0.008226370192541573,-1.8117984644455598,-1.4229496425507975,1.0959465885133135,-31.705418352019716,-1.936880212017923,-0.053416421345304936,-0.3470420758596884,1
0.4613556884834333,1.7900087282157104,0.2615244440125096,-0.33709634247356957,-1.3913715838180738,-1.1975818566725869,1.3727009795362632,-0.5712639841367032,-2.1093587708813297,633.2095756201865,-0.7951320538946951,-0.6150913895335776,56881.32964437134,686.855258898598,0.16040403882560741,-1.5874491137038527,-0.5719887472442402,-0.4275279352155515,-0.7896512846203119,-0.834541035085338,7407.457921893056,-1.0357814869499893,0.4306328777910016,68505.37170431043,0.7683070674264995,-1.054064292635757,-0.03310125099219966,-0.040352401719802276,1.4785266132708421,-0.3526135894142198,0.40288628671658216,-0.43608803534355445,0.2806649037430457,-0.8837659806700552,-0.25944126161261233,1.3142234555928425,498.7629060037936,-1.5641891085627866,0.07289261626097192,-0.3877090837952515,-0.5770682227308922,-0.7312354115187413,-1.6782769510718518,-1.1603665935226914,0.04302357889343536,-1.3643060589516245,-0.9086644554129265,0.9284424554414771,0.17637760560149782,-0.2649123812204191,0.006614445606898619,0.4266982500000996,-0.5841919030185513,0.9331900607647554,14.905497272865112,-0.26896037855490706,0.20218532405233655,-1.2983990431211319,1
-1.4575172215976102,0.2783470585192753,-1.0149303496719038,0.5989542674299311,0.05169348604626641,-0.06197396317091292,-0.014870282029366591,-0.024224108513337606,-0.9265342573724332,655.5410953367125,-2.880037419263922,1.5362956868342867,6817.187255568437,768.6004056745304,-1.4642999106190262,0.9029388657200277,0.9667645832265533,1.3022180284415692,-0.49801897059207384,-0.7289427552210418,6742.091289380807,0.7532599445654252,1.2941205955342705,22994.24620023508,1.3155018772677909,0.9096936859805269,-0.5204323630191342,-0.5533192625834152,-0.613069197730875,0.6368172274390291,0.7998632065239176,-1.4939093667625092,0.41225471349647824,0.41381006399948,-0.748509448364215,-0.5372546301941172,553.4082285881112,0.3492306625767501,0.3804079129705821,-1.3979429703190396,0.014503186869818338,-0.15186919639823226,0.6968847150555341,-0.8933501007527765,0.05129666741053835,-0.946111848200535,1.2520193988182422,2.047823716907235,1.4789703869243545,-0.2595364446481481,-0.014748049776014174,-0.450253400193276,-0.4282368768007979,1.3117015799181664,15.714156577071167,0.5011460298175372,-0.9271162570601578,1.6017805184886513,0
0.14221058145525017,-1.074413045029463,-1.6020215433556109,-2.831305979596016,-1.0124645660110656,-0.25397054208953784,0.2948585651776243,-1.2466227485851702,-0.2869285665435494,510.44816885315373,1.0247047032172163,0.010100779592495036,18575.763638340257,607.1612167676387,0.14610911270052984,-0.09701094437152433,-0.7450883411117931,0.08845300635255701,-0.3271376323634103,-0.8386593507650022,864.2827540326032,-0.08237403144402966,-0.20060086025052068,33129.94428535212,-0.2918377321178716,-0.5637485564550074,1.4045689601587632,0.275211822671731,-0.834300434250519,-0.6471520689203047,-0.23418023167796692,-0.3531886226385702,-1.4351618998786846,0.7865200860652352,0.9747405956947116,-0.23481452298144193,406.3384621134347,-1.077464347931402,-0.13746060432414267,-1.2916013676595997,0.37048155015900297,2.1074293078154778,1.6998797320055041,-0.08773001849803468,0.38135466121471207,-0.360748331572084,0.4539472979969325,-1.3532412278548318,0.6837078425886081,-1.0473183452689871,-0.002036605286379015,-0.6549131926749643,-0.960497658546981,-1.1776935511639113,-27.62701455018728,-0.027514985047914116,-0.26608651009837225,0.050986485140685565,1
0.7902179321144109,0.3392612029326638,0.1801591680351,-0.4713688714106919,-0.13565726037354142,1.5074003270531768,0.24904470600075032,-1.2952346576867753,1.9056418956209396,682.8156090047886,-1.5575792289778583,0.22219465879644174,71626.91419393333,702.843105599118,-1.6040851637806666,-1.912961854110889,0.7152884847313663,-2.108993809063618,1.7647931828524,1.685979633573398,7445.123962919233,0.09018660316578957,-1.9723954680651394,80246.6662524195,-0.13002434022846615,-1.4861640169553412,0.7910763521192598,-0.6863095985543245,-0.9791409345245425,-0.34881102415896437,0.12680501187281135,-1.1071118524101227,-2.2303708061086076,0.683141214371637,-1.517508948757509,-0.49035797951996324,473.16712522408073,-1.6670916909724245,-0.42487364608715616,0.46579540098505623,-0.5989152767187684,1.026867137423446,0.18693918429271955,1.8565494253890495,-0.9950671257384806,1.1079754385501053,-0.4714042492676612,1.2394519233032124,0.13570684999111138,1.63055758761404,-0.0020280630530416953,-0.5949840563150677,1.8641342101589442,-1.7567954806344643,-66.01790925308137,-0.6592688283243187,-0.2963980589451859,1.5890073035978152,1
-0.4620100491433096,0.18690961040610626,0.5624169816989305,-1.297180980157339,-1.6184763641153352,-0.344740122102232,-0.6173000297804592,-0.9678366953703724,-0.8344774263028296,580.225788203719,0.1009073247446911,-0.7227673972056609,49658.83406405726,669.210450941525,-1.0113304157855934,1.337228347955822,0.14681378259762798,0.8047523273206797,-0.5727271615768192,-0.5155404441103519,-11583.171214692115,0.32029074899436144,-1.6520819908892888,65036.70393383315,-0.4882261781449703,-3.2562075277932547,0.2538144538938486,1.0549325260996467,-0.3229651825349291,0.27649610064352004,0.5469230733059415,-0.10161731565723356,2.027002073501289,-0.8830032407282172,-1.2710567854742734,-0.6630984876125638,503.34474530198503,2.01002346918729,0.10702213850778677,0.34053057471659304,1.0171974065398512,-1.39354877925347,0.31748730548202453,-0.31134803924332277,-0.024198537111388405,-0.49078053603691896,0.8401280836475886,0.6264516724787952,0.8161461805835794,-1.8880419763935439,0.013335143615208631,-1.0600668674838563,1.1179238583173383,-0.9329408620068629,34.23741078376299,0.4264146489884265,1.0118550271753974,-1.2068288768632005,0
0.4798792562534323,-0.8831310541612195,-1.0224034326379927,-0.6254364704535776,1.5062832044378474,-0.9803437859854113,0.5088682203588318,-0.193785576490808,-0.8354332051024117,632.0530664729981,0.02501306293921236,-0.34541197525209694,56151.72400521912,720.8168890811243,0.641997436389846,0.35075592972900177,0.4735129065029991,0.332117432770647,1.9384246521679025,-0.9854818546576802,8418.3281719106,0.8521495452839419,0.28359231989114153,66258.63207092356,0.8252152278967484,-1.0978093971375895,0.81420218431722,1.059801721378544,0.5899837423427755,-1.4835125076112174,-0.054531666518715036,-0.5066005055234655,-0.09521955189594379,-0.1495104339360778,2.0696373114073743,-0.29898714869134013,457.66106420140244,0.5148168932096484,-0.0396855437291619,0.5310848061629687,-0.3778685810206908,0.7037301849563654,-1.7654343707670312,0.03879248398505927,-0.7775187214112713,0.2764736481805678,0.47425460019045185,0.541023390646942,0.41270202282057583,-0.1669004689527355,0.002711733040701071,0.548178460771609,-1.599713966317728,2.113632059158764,-53.1083278717608,-0.8571170868376349,0.8404466447583149,0.5435362922709153,1
-1.2275883597804533,-1.1701880620601652,1.5519824930535246,-0.8360587745788868,-0.701193100610274,0.0011671868878835928,-0.6716897655024437,-0.7920586610910413,0.6733279931447371,665.9556231967115,0.12130775592871225,0.21434298208470146,55009.19011616075,714.4307841735733,-1.321430245845066,-0.3383285166650766,0.48531853791784474,-0.6980445712819504,0.2462683226484795,0.8326057561849562,-1245.020494721585,-0.3403134772818963,-1.2503721869563893,73611.81901961063,-0.3355929312534462,-0.13342146166672583,1.000459597356283,-0.7971372072945418,-1.4519049708826073,-1.3546187407096206,-0.9412508948587182,0.7599208319864664,0.8907439466794285,-1.5538419044236678,0.44548885394226917,-0.7111892431752402,541.0890311308087,-0.288920675715699,0.6732254251875456,0.31157395308790825,-0.4883225898633982,1.8819786688196238,1.4051244822195375,0.4711097253840581,0.8723878249200349,1.8635234349063194,-0.207209037112464,-0.48921359518918195,-1.260796219308082,1.103744735885444,-0.016203180513400642,-1.6472383160029473,-0.007661514896949458,-0.560358870021956,-60.747859675878914,-1.0819492967304938,0.3615932296403381,-0.014979217520326623,0
-0.444741824743046,-0.000663426761344559,-0.23955275973249254,-0.3749217148147307,-0.4621649484694789,0.9213894188536346,-0.11659309518039204,0.9148617691038115,0.5536520759338986,659.1583598976039,-0.06828199969079612,0.053965195253730516,97461.05702085367,736.7760251458867,-1.477214280918552,-0.21251065838407646,-0.2459429046105681,0.30059004771826847,0.15455071940062312,-1.8907985243767247,972.249617875972,1.8398495607477354,0.7511183999561253,103289.64721264767,-0.5143352414422615,-0.8596464109071188,0.7900482405280206,0.5453371243226731,-0.14403916400451364,-1.8079556853758105,1.0221562121312862,0.007995540665284516,-0.8969088041838114,1.1223306674869795,-0.5820159520446032,0.3222318035203257,384.73969432857086,-0.5398237425455477,-0.7470607226186575,-1.7096043403560897,-1.8321063733671419,0.8133033109823452,1.030469499202564,0.7708590387655118,0.5149019758560468,-0.25184610739372476,0.9541167849377623,-0.7276815450734412,0.40261069033764113,-0.7985611508643056,0.004243370543228116,0.9699959091556444,0.8330356458430956,0.15783674587922558,-55.83640601465315,-0.23201423365585588,-1.3616281140618725,0.1961135481727485,1
0.5235487557318088,0.47960989350486316,-0.5940884952605775,-1.1231575527646898,0.3001699724614759,1.0840086165701206,0.4787954372512922,2.483563378596407,-0.08732180757116621,659.5177753006209,0.23037865258050305,-0.8224035605936052,82489.78965506307,739.0851974429247,-1.6744268007576075,-0.3189587059979574,0.16929117450890213,1.20485340189556,0.6538937893333626,0.2018741987314334,-4539.977126386666,0.2886061423730464,0.9161917046702935,94298.4031509465,0.2942528832447905,1.0266422274338058,-2.116074556355539,0.2653114645655231,-0.12144099487403369,0.5095398130486871,0.5101487359020385,-1.4192299834110813,-0.02314063343272848,2.1552342208072526,-0.14447977533860415,-1.3713662236641073,562.3476892643696,0.10290503017889374,0.17330571770645253,0.9322451323039885,0.0924479674116565,0.8508686456109487,0.3253060521680147,-0.8677752365531717,-0.7095158271446224,0.4926003534452798,-1.082413061747604,-2.050405207471763,1.0160400609977969,-1.6658988691176357,0.013079712778499118,0.13136567031752153,-1.4208257419849555,2.030892322105767,59.026412373496726,1.9135858847386016,-0.238981858781727,-0.1490261940113206,1
0.7592320244279814,0.2585558482336817,2.0389138211835824,-0.8431660315602091,0.12730618347401523,1.9253781436301864,-0.7236777263940155,1.520040720129708,1.3175038371305698,516.8862260363944,-1.3246332595194403,-0.03315834566855462,47705.264228426946,563.3294095406688,1.0460797194081282,-1.0211814647337396,1.520002292622419,0.6461949731177918,0.33156384186014104,-0.44793171921353175,-2069.378712536099,0.21115455134528932,-1.623182751048382,57516.332024676456,-0.022314805504509056,-0.18080963747795653,-0.4607492536936855,0.32909682131792034,1.6492553200838684,-0.20608738782993855,-1.0387528414235923,-2.1245223222731493,-1.1274107615316062,-0.4108615842146717,0.27857995398238444,1.1128919625650786,444.6652072517479,-1.1081697156945856,-1.548692009457129,-0.628019220854172,0.182365336959502,0.9761378488967538,0.06536603816903885,0.24634609698793253,1.4587738792631213,1.0898292083483803,0.22182627245942269,-0.08008982036844074,-0.45400845028960546,0.3600431068689344,-0.004855829659598465,-0.22160161186071495,0.10529669568074737,-0.20596902200871026,-39.55261125123762,1.1248998407026312,-0.030436285791723507,-1.9086528562643623,1
0.6719221604670172,1.0318058941872166,0.3281306659132702,1.4616705907289036,-1.4691253755171625,0.41452516617851254,-1.0556694467941043,0.43725567841016016,-0.0017801951005033728,471.6731944028875,1.0065434154585546,0.33991806361618754,45099.44573220088,530.415582207991,2.001842236851861,0.01214906154553934,0.549607364316789,-0.3038539680348984,1.504062812251365,0.31270205184400074,-9168.079041189456,1.0637049377583352,1.2288520876374647,58854.19795843195,0.06581404788512758,0.7747586305260433,-1.206567931012347,1.0557256744306307,0.8982125383475302,-0.6505232064621184,0.40859377051108875,-1.6919566546193203,-0.9647198751522333,-0.8399789426368227,-0.7427465767058791,-0.5450568959060946,425.6369090886604,0.14999644685272434,1.0883526677237967,-0.2713982630181969,0.15318360612075077,0.17841288308690467,-0.7265763256316141,-0.25399798401196433,0.19315302422995634,-0.17889810793478303,-0.7647534922611248,1.5045330137546564,0.840767552141734,-0.21553854011777923,-0.003099868516780031,-1.1489515302640674,-0.30316214946350556,-0.4099987081536688,102.38551881386941,-2.315592999867073,-0.8252941165382934,0.6354342100337396,1
0.08317388168703563,0.7580287327425828,-1.0985680571492888,-0.4944683123746069,0.07450887578037337,0.23734611890493107,-1.5855193328268753,-1.2742729354857232,0.6659865688416465,529.244666366033,-1.1419846036011436,0.21046441709562558,80814.62990031093,605.1410641589748,-0.25445218138855036,-1.3740783838219568,-0.425762418962589,-0.3483830041256306,-0.691046314481373,1.6059424709322245,-12797.523131601938,0.580072787923315,1.1058058652430527,79008.24491944659,0.7618034461637591,1.9007949562467734,1.172904678981354,0.8842793665239064,-0.025457129088556865,-1.7264357895811142,0.7379907820657556,0.49271311344997887,0.04439846226116935,0.22126812332914986,-1.20055235756389,-0.779529626473896,534.3669057722881,-0.803356789969817,-0.5986699820933672,-0.32784915515981705,0.8464741366443239,1.834461148471377,0.2565409709767143,1.5006445778328041,-0.5733209485236886,-0.9780737342083757,-0.7272061429013732,-0.9476649985892178,1.163558827719983,-0.05073682249312709,-0.012847282065221836,-1.0895513081454913,1.98823134415254,-0.4332195820658911,39.386466429500594,1.066751192417447,0.7718936047174553,0.2912594418252026,1
0.23337027927080697,0.2933275162161663,-1.510307517108619,0.33761003103820836,-0.9570483111391934,0.3480743839302098,-0.06900191899749314,-0.483011202374794,-0.1329043446661413,570.7587627295858,-1.2107108504116673,0.09798624200338946,72344.09985713153,677.543034258578,0.13381539426660835,1.5296546377900762,-0.3949988315665352,2.2418324062228994,0.31338416328968083,0.05873514045662413,303.85766387727324,-0.8126990364556371,-0.3388510119474144,88360.624199502,1.7717652837737656,0.8808955067310752,1.1162457031114392,1.548187297871979,0.546648871999642,2.0284599843692255,0.018327903399236328,-0.38617210378006817,-0.4806007227049117,0.7268539704560657,-1.547552045872611,0.47295259804170087,452.49272143872463,-0.3760854501808397,1.632169770471275,-0.5611776716979503,-0.016106376369372385,0.4068703426298434,-0.9548525185361502,-1.7671356643107596,-0.608410359207674,1.5334764753184091,1.2589414314269842,-0.376214667666353,1.7204046601709297,-0.30453514576683643,-0.0017059881343639393,1.1221704007416657,-0.7821673790834418,-0.8057040586870684,4.561160388730542,1.6339095788639892,0.7637127490169537,-0.7020351898641001,1
-1.4455403548624566,-0.3546142884808668,0.1123186150237252,0.024348490620877437,-0.3248171277445139,-1.7673541874250493,-0.14102372279983294,2.2130801999607392,-0.03114705492132985,592.0277437609159,-1.377645575316593,1.2009076457372154,61475.705113791155,675.4079657393012,-0.41203036136014554,0.5907327279315016,-1.1978189390047183,-0.19859179708454774,0.12851972359444988,0.1926451104226839,804.5388730402252,-1.2566110872139007,0.8062553116818372,67822.93644623,0.7427380319767474,0.6616121022179048,-0.2703236212326938,-0.5068078688651928,-1.8826891886243988,-0.528977558833594,0.815599247512979,-0.3875652436807399,0.17649517545437918,1.0723872618222314,2.1580051288175843,0.16742238458716988,509.84323632661176,1.3330031941766194,-0.8297959700664589,0.6897435625649242,-1.2867394222471071,0.8435755617123002,-1.2114776535668021,-0.981262845075678,0.11153832515528844,0.9631261911318035,-2.431687993876448,0.41605241271934307,2.231736545109846,1.9557714941671656,-0.0019081662826489216,-0.19013179023108773,1.472028855456981,1.029355419451888,101.97265621408602,0.6861494458511129,-0.4092349842300335,1.236583926661533,0
-0.03401232273841909,-1.533164082538505,0.07015005403386207,-0.4553318498829347,-1.1697814829248698,-1.6047632560754015,0.12606173908272433,-0.822180769880359,-1.1036287765030341,516.2320436551831,0.749735256529883,-0.018460401964484795,69979.99884241751,583.4187303481483,-1.249672144669642,1.0024445413613048,1.5115894528159233,0.3349742995577172,0.6212424195419454,-1.0573275827936053,9733.653272221592,-0.5469298531403803,0.037062642573458725,88498.40823629184,-0.8059890745101377,-0.8012931098793246,-0.6147266169514289,-0.3031235047182514,0.9225125649721819,0.5904793151190828,-2.6008465522281785,0.3316720248474572,-0.1036720034340007,-1.0375559753304877,0.291461944198702,1.1790155005209482,539.5373750906971,0.1438542275197215,-0.10163427865176043,0.24536010870239214,-0.7606511305364981,0.4809263823827543,-1.1498183307664442,-1.626644351649075,-0.4404610501974529,-0.04575629303066132,-1.4188074014090841,-0.07459982400755251,0.038508045256412264,0.4121760885689627,-0.006578696105168034,0.05373396922513682,-2.4420964112440466,0.8483142366344926,-6.021918324064806,-0.3424430818278246,-1.1712203821714082,-0.2689288227174271,1
0.15122999015730515,-0.9759207736471823,-0.30203149423641745,-0.4977626167676665,-0.8490709798447691,-0.7914941810387137,0.5043357966696345,0.1631811261881701,1.112025408134717,636.6338870653875,-0.7818038913289777,0.3195966763830759,-709.1962249132357,731.8229623542585,0.8242328627919917,-1.6881664639864438,0.29169560424087504,0.6753604406798052,1.2009300157610368,-0.9479712053282903,-5579.549612402529,2.1102446120339637,0.4814143292612515,3127.9386529922194,-0.5420823291875542,0.6962834901428172,1.4968038488312079,0.9528213923835943,0.7144356557498691,1.2261287070297509,-1.0290338418580471,-1.0292927725462604,0.4857383788721042,0.22777770869955652,-0.9108107479676479,0.037617253400983416,540.1536759871799,-0.0027528082640426756,1.4741447262207377,-0.6783231871961783,-1.7489342054835757,-2.0592983261225286,0.013690479963060003,-0.870196140386381,0.40266479848350484,0.584067428103699,2.5866067738456775,-1.2879188506121864,-0.5560605498360884,0.9160467267193264,-0.027374139315461093,-0.649642027296729,1.2330056791755326,0.2066452654245423,-149.91812679090307,-1.3032844370514531,0.6847512223098228,-0.19769681491226268,0
-1.2006555003066794,-1.3379675990713285,-1.9143650908426497,0.4848267668271246,0.6329501963810613,0.08286342108514272,-0.32283267664629905,-1.1648875268083452,-1.4862376335714889,688.6370293443454,1.3408220690299797,0.7507572812065538,52352.880425235686,746.3986255699485,-0.6720732411104824,-1.0556733633174835,-1.7038279564127015,-0.4431599003960945,-0.09605215809674968,1.883276110822964,2326.5585041113495,-1.4136563566720446,1.8265177884299222,52916.51185371091,2.2148244016706187,-1.6684256099992936,1.8967064609893152,0.5573091413658595,-0.3318840250809213,-1.2046695211476792,-1.7214327386697654,0.07003357107102219,-0.23767812088242052,-2.4693319742691022,0.9387094768403406,0.6950709165411235,532.5660913289212,-1.8553638000363266,-0.6871622644255556,0.0609175567722742,-1.152383231736886,0.8723157667289763,-0.008670163740926735,0.05295576920310395,0.9225838308224061,-0.5340366605139298,0.8104429663260523,0.3900270927390913,0.07916136925384293,1.1610090486542546,-0.01529730342135763,-0.7517226693998416,0.7352599881441351,-0.26000283021399345,-39.278712491038256,0.06508314442706142,-1.5402735449404001,1.103308982046872,0
-0.7184121464773828,0.35881576762632583,-1.281992840678619,-0.9021235454989964,0.325799915223274,1.3253136205413492,-1.2703580729463155,1.2593427887426862,-0.2931276529662064,495.7714398054444,-0.34120930038543895,0.20821880960576658,94049.91827096562,567.9688681474144,-0.446264125052655,-1.1192017203697,1.1648383185416322,-1.1106016274575525,-1.0428838366464706,-1.7920430588276313,197.24695059369103,-0.2209361155859649,-1.0628588958333616,114921.96483207023,-0.46446801239183183,0.679262379191628,0.32940094455824903,-0.4673404996532205,-1.237362243713685,2.259985670887892,-0.7619879684405892,1.4171296964225053,-0.37950282198335344,-0.7856901927761881,1.226292470153716,-0.4239793170966473,489.3513891110013,-0.37887703541087586,0.5497367288094065,0.23446913055344104,0.4304810441639155,1.0246050220112102,0.7534920023188281,0.44200240583568434,-1.1989823640934614,-0.5838256244721548,-1.2444467947416264,1.6040250012609945,0.7439796596317324,-0.2598677763378692,-0.003291715045254556,-0.8312976218627547,-0.08275968533641344,-0.7325590838224328,17.65282388114579,-1.485439848789301,-1.2661684284613706,-0.25146777325276465,1
-1.2106224093225326,-1.409126995452438,0.26123375394565873,-0.03868947941091358,-0.48556648470035246,-0.40966681805861693,-0.15869883577448585,-0.5245499983417847,-0.40294206440246766,673.5758649125605,-1.377221727422769,-0.39513265163156885,92876.48521768468,744.2468483538751,0.054677388616313376,1.5328443815405999,1.484872083087258,0.7599673360541943,-0.27781507688136037,-0.7727927793161147,6326.950024702921,1.3342282489247732,-0.35188277795862954,111661.49296249347,-1.2948085305129935,0.2286479963562767,0.5998247351305437,-0.38979753282037244,0.16368522867630889,-2.1552815137640176,1.1021665687178916,-1.0871106307430136,-1.4846440772914453,1.0024527287448415,-1.7918014645590186,0.03060240780511324,538.8737728440198,-0.44039837816765587,0.09880230782633634,0.10394701847770428,-0.9496857586617293,0.4685187946930013,1.2945135830116543,-1.302118795721892,-0.13679902826514156,0.627604678648516,-0.2757031627417051,-0.2532402208443367,-0.6450635248267765,0.14670658774063178,-0.00964070000450576,-0.07250207188551683,-0.39977723527286735,0.4930994522453915,73.51345080276288,0.0899052762434325,0.11479617417113792,1.92472387630981,1
1.9296463121378675,0.18341018155871958,-1.0920265661436646,-0.4046333311872128,0.3974010386367812,-0.2963235175285512,1.5804059146364298,0.1482415741147677,0.7973140299324931,605.0993868085725,1.1522575064212177,0.13057791538133473,24335.234452597673,697.9998403843681,0.2032817495431578,-0.3751889629226332,-0.5540088344487256,-0.45847357884078666,0.6976628982082667,2.1170969654236207,1336.652264856739,-1.7724768178554864,-1.273628050132868,36841.16195839883,-1.6004296448607764,0.0815683039214206,1.0359048131923128,0.089143701630138,-1.055570549416219,0.08096054471226137,0.38158413340356695,-0.5069814608914402,-0.38175157852492786,-0.8180480102455444,-1.6571993534191978,0.1048856068821304,566.3725943321297,1.3165641083006812,0.4133908423463095,0.6378664182258426,0.02716634464929084,-0.5709966592995294,0.5972335683265433,0.08164720269132782,0.32431539570262,-0.559408000116697,-0.3665426787591047,1.46126598406697,0.3767810722337617,0.5582430658753981,-0.02194714035667175,-0.14504766985170914,0.3474902416023386,2.6130423011783472,42.07204635820682,0.06943058110160594,1.3194784144781184,0.23706724259016473,1
0.14678527517199091,0.39951158936547054,-2.891583589081838,-1.3148623777356798,1.1858462453022927,0.3181773480777949,-1.6534240324572769,-0.5018088703356508,-1.250221170419158,597.2614328467064,0.5446513974354111,-0.8059777995772088,53712.21185922676,707.6421157234468,-1.380273256522684,-1.7842539558556727,-1.7187446839509053,-0.7172815645101904,-1.6619421408193795,-2.08585029610373,-11464.815419373266,-1.5839460034280832,0.10401572296872896,62458.83402330506,-2.102198347714208,1.098452825280133,-1.8681583886980468,-0.608184649444256,-1.99680305202779,0.5230489974283404,-0.619683868742883,-1.9440996277454625,-0.01904852258754017,-0.9858346040930023,0.6958957334175289,-3.0090980750565737,479.452381731771,-0.8893837469525036,-0.7848126747976835,1.026248718134531,1.3258373757468973,-2.0246756103603456,0.12809892868140493,-0.4738320618887269,1.2199024247924328,0.4111994906301318,1.0237064335353756,-0.5544823611366682,-2.2191845692807006,-0.6697007753309016,-0.0032286765576968295,0.8211110324597597,-1.16081185901255,1.0165970074813833,18.54388360385382,0.2741139112193231,1.3708397889784207,-2.416367072406868,0
-0.35829821897837133,-1.6482588709633128,1.4206895353264513,-0.9093325417850237,0.773812430826258,1.1516015922973077,0.7065793717669219,0.636718645841407,-0.7285422693597481,565.057642847428,-0.37597773277028995,1.1864486789718225,19283.258940641517,623.7930793706826,-1.043049501098622,-1.3051251493043923,0.008862648844608632,-0.5705879966335106,-0.1964563372371345,-1.2623635463475678,-15811.798250101785,-0.09966157381540915,0.8169246673498174,21451.803912884134,-2.0823282473836975,-1.5177587916038588,-0.44440443339042707,0.04087039832203561,-0.04929937261701783,-1.4691340265187973,-0.031221098423420808,0.33223714994064835,0.4661217588569232,-0.987967356453489,0.7132062161589056,-0.8246720090005868,463.69934532288875,-0.9300459456904435,-1.2438550750995492,-0.7436560607962315,0.42461002176984053,0.5533228226171512,0.7409032245265738,-1.6627149169748312,1.0046397832946115,0.1780017288393469,1.3161411271013,-1.3008598009108854,-0.6778921709502226,0.8855120620689652,-0.009425535824456752,1.738308479343309,0.310973471982773,0.1606671803440486,-2.6892704053674747,1.7690554441021915,0.6080574115627412,0.7251691455272666,0
0.4720457466872175,-1.0226141752834181,1.0372912077311092,0.2294074376170764,-0.639839284405146,1.4078989136383018,-2.5489212404858206,0.08041286202597084,-0.6419980265103528,629.5693336601133,1.5714268620762462,-1.6569223662499832,6976.594834370197,669.2727697526244,0.17518637517408858,0.2711511576346323,-1.1747971681018554,-2.438903281116974,-0.028823814375181316,-0.4707540020277295,14346.204337004556,0.6821102128083096,0.8933264664362657,10541.194642534632,1.8692308689555939,0.3021903867241853,-0.5944670503612632,-1.6583279247231741,-0.23435843983792204,1.4827255586976165,1.6008224509438655,-1.5941633336227388,-0.8877347634685238,-0.4460074013813178,0.5892663723333417,-0.998148489408918,451.49831986510543,-0.13026776688043043,-0.847984277782385,-1.0460660029958857,0.4636163939729678,0.12256020105017118,-0.009630004742903417,0.26637822434842895,1.3793941664564262,-0.20834138144311454,1.2961516147692138,-0.3938961562563417,-0.4251783970532349,-1.345789202144593,0.004693394138112983,-1.469127854377403,1.3641060630343391,0.8786528879590775,-142.37024224909078,0.6297111181117602,0.03450923657368395,-1.9452427893317041,0
-0.42383166512030906,-2.104748195191179,-1.4019378999676184,0.4056365550445807,0.5765030480177243,-0.17506559117344928,-0.827344347377623,0.8064492861801977,0.3945837598368002,566.0818062659251,-0.7221624891271035,1.107709611865271,43639.685652829176,658.1167419089031,1.2015272866642177,1.335097029931435,0.5191105875558994,-0.3941332463062724,-0.030386101687520813,-1.1447097765582512,2213.212585005952,-0.3911055566329295,0.41476867870597006,47896.11499396536,0.5706232494089751,-0.19277806301955913,0.7488729493547747,1.2019547948308356,0.5764333553193925,-0.5293591327095257,1.2036706945310383,-0.589642684249355,1.0098387959261963,-0.05389833035894896,0.1573304786557219,-0.022115284949214477,469.8328638335983,-0.39652978808426,0.850897095821584,-0.256089578406574,0.6140246313543885,-1.8349685254235146,-0.6115574505546008,-1.2462609879818745,-0.5922354889874356,0.08821202972956318,0.8694870537528863,-0.46863597368438825,-0.4697511602014821,-0.15742763020825434,0.00691631758004992,-1.0600722463043966,0.7641597102309532,-0.08921113205912225,-72.30220528601727,-0.3832060784027294,0.7926850021414846,-0.36446313562385196,1
1.1709034628547017,0.6172021452411764,0.7720462023927369,-0.14694761372926285,-0.7530465266753269,-0.07576097084789947,-0.22331706922172187,0.3037398998619586,0.0557047564573115,610.5995877404227,1.5740372620167227,-1.257090326777498,53159.41098923116,709.4716286582451,-0.851490439512434,-0.09973830189544612,1.0687431177803537,0.9477078053060718,1.493201838399648,0.4954274948901681,9354.577416385822,-0.5391568397521113,-1.5935969588549974,56693.738471158664,0.06538985724019784,-0.32354320645252876,-1.088904499414156,0.26790480841410186,-1.4266865663788737,-0.3924668236058192,-0.7514526410096712,-0.09128927620256522,2.2350962104001146,-1.9135786531140728,-0.1667643845836998,0.5380426284803487,487.0648831283374,0.008362856851773567,-0.5411087497463384,1.2534181057317595,3.0674675737607213,-0.011065655114828111,0.6919119377980828,0.10019079225991362,-0.3427201536515372,0.9876315044251135,-0.986006761682383,0.025096056435548388,1.957684230995077,-0.6962942994745087,-0.005827477401526484,1.1111653731269506,-0.3044876877598627,0.4042865644204589,-8.97185035133798,-0.20709198114228478,0.5023208884115051,-1.3215293662096705,0
0.096570015672667,-0.7149910893265997,-0.14951498137804084,-0.12567417121963378,0.12530515638862585,0.6674526234742885,-1.2729514737324938,-1.5400927066547947,0.5223566206712686,600.8136140132541,1.1605811170835967,1.1460378722499087,7223.285625082085,623.6761159514522,-0.5593843840348911,1.5445940490088437,-0.8319722488734485,-0.42747902880076916,-0.527748527585843,-1.3088182084161952,-17412.354699608302,0.11869477372480138,0.7490802768033072,8418.468926283917,-1.4506623217718495,0.5253877796296258,-1.2721461130297902,0.5923389523910649,0.11953064602256193,0.8158707341636834,0.7757017852023094,-0.27410178260623896,1.0283089253322335,-0.10526532754617664,0.05223998396682938,-1.068489201264179,646.273389625474,-0.7332793810567152,-0.33050371194091865,0.37809941816602816,-0.6384562073089657,-0.248363707449199,-1.5461221661690363,0.17075656619989232,-2.403744907677902,0.3533656752880441,-0.18081553451031238,0.8736774698149764,0.653667886401232,-1.3301285042778004,0.008527201499520362,1.5912277795030896,-0.156437545990275,-0.5315061656006577,-68.51918755961832,0.5239586092918118,-0.541016246664383,-0.7551486575075836,0
-0.32320840278362495,0.20379749857117835,-0.19088476821035819,-1.2808105393940215,-0.29485628087475835,0.6712534553031799,-1.2873595330277494,1.0764028301755586,1.2742689445755422,658.5656253417615,0.9426064539368043,-0.3593393076468659,69576.81003803598,745.5217490436779,-2.12059546439952,-0.24111721025283217,1.012621070141465,-0.8572069528343257,0.7714885897229818,-0.23957357132118715,17587.46974036634,-0.47609680258366105,-1.8900311688326275,62446.858931222174,-0.48312480493168114,-0.041301515378976555,-0.7023777849463698,-1.0407224311743024,0.19625956760140653,1.2640119042477576,-0.7813971823640975,0.7537918927420884,-0.2875248433879762,0.47112454266547227,0.5302743694322433,-0.04244820597494845,540.555157573577,0.4840570258782189,0.6930047898828123,-0.3860564693483056,0.5189568745798797,-0.26603379981224495,0.441734477208831,0.010325071415469641,1.2798252241867487,-0.44792994952728465,2.1001835286710184,0.693758514618788,1.604288652087186,0.2907969313005935,-1.0578369175186184e-05,0.46181742626688976,-1.3074828011908637,-0.46081850713986905,73.44983669009393,0.22315157958255735,-1.022540525575505,-0.7781228263463031,0
0.2093819462504794,-1.9285487457615764,0.8946219043080044,0.28728738668451687,-0.13504542709016326,-0.6594694700996364,-0.5636566625346459,0.44707984152613844,-1.4848471074411238,514.9265742140325,-1.781018889734266,-1.0407716404014296,57171.7694862512,563.8520929610286,0.22841302363810115,1.8336089460549567,-2.5274917364536416,0.9827622677837187,-1.760123917992165,-1.901510825657537,-530.3188435114425,0.0878433702662739,-0.5714032724200028,78116.39374471626,0.9448291531818914,-0.9742079086853271,-0.5049497079883977,-1.7064549481992863,-1.1247624663413531,-1.1941131091550405,0.492515730927324,0.9553723806878874,-1.439610416235217,0.5245940877496158,-0.15517092759510487,0.3872146211590837,464.78501361870974,-1.3054498506740453,0.5250883201395927,0.40136486053540543,0.3516550983557107,-0.6449045716254148,-0.6865016222786928,0.278575362199082,0.24699150918526036,-0.5237508513800337,0.38484819702084183,0.1928179699024602,-0.43596482108314316,-1.4895665257912087,-0.012549974370497157,-0.696816480904878,1.9432763942648101,-0.6450921400118448,-75.5254486493305,0.4294081102918182,-1.6872990967524886,-0.4242483601354882,1
0.4295151706594097,-0.29087102911537904,1.1288445780765102,0.04066101072745064,-0.24474869828199514,1.8660455630151034,-0.8846356762063269,0.3329536950995623,-0.092904972730795,627.061842566332,1.4288171381480423,0.22143680518476758,52604.3617604503,673.378948727504,0.9277957157116378,1.8546288758767882,-1.8056884953787076,-2.2079576418261,-0.7669918961751755,0.33656579482186516,10626.222624289108,-0.2986745142881597,-0.2520717665295429,69129.88724354868,-0.46463086065085557,-0.3940611620607926,-1.820849980156432,0.1079429140287833,0.6710765352493638,0.15859713930821745,0.8890833040744214,-0.009886667962548853,-0.82050919063167,1.3391260286399975,-0.7339205764258838,0.5212078757437936,506.123657137301,-0.4912734396631251,0.5955828906254125,0.8377447996066173,-0.7592759300571595,-0.11453626205800467,0.9337833195433125,1.0554952899994539,0.7966270035547356,-0.8376481497118163,-0.29224934511704265,0.1145974380499526,-0.4116427830563305,0.29146370542726235,-0.0038648581228484013,-0.6766411272636729,-1.7259713171042894,-0.05821382553259388,-29.745363909673618,-0.12602523625190798,1.6765348608568895,0.8843863342825832,1
0.5229550893747557,0.4615945913955191,1.9444221797753956,-1.3548107169281154,0.29887722752179635,-1.354391122205304,0.17437297360880954,-0.9197202775712227,0.23181207939083176,597.8658774077907,-0.4762570691922909,-0.03355971314639382,28716.98674408842,665.6518879821815,-0.5864857183580182,-1.5724358616901848,0.6897936480213613,-0.16867844286827224,-0.5365445693531181,0.40686987623354254,21457.062199593463,-0.7719729209326399,-0.5888773208228535,26167.33730041731,2.42461114433005,1.7600618827501735,-0.050019675538256515,-1.2829309880442985,0.9500470186189387,-0.10800430698749977,-1.5969384650370015,1.313084093071304,-2.0373014704891093,-0.6483004494785324,1.575340816082669,-0.9663108094639586,513.3464124262708,0.05690565943260553,0.3928990663039477,-2.199721481425174,-1.641818665417634,-0.5902076801506948,0.7971456270693708,-0.2193558498675471,-0.6739660260696805,-0.661167321450144,0.2781101877512654,-0.24999301568114568,1.2450479068123257,0.6961670451003538,0.015484838091896345,1.5832222704271244,0.2287793988960393,-1.2352883554873813,-33.2071687122365,-0.07371187245527319,-1.4582716767850334,-0.306477228750748,0
-1.3837122397396027,-0.7115564922573435,-2.283712063106203,0.5415236634148657,0.28783682492001644,0.08089088239945781,1.2112752674213252,0.8479728214115427,0.76575107316348,602.2972579180195,0.6210012908988838,-0.21116066631584687,42229.505123765855,679.0494772050552,0.5907903825431026,0.963550556051583,0.2992313408113169,-0.018873235390115276,1.1750675233609549,-1.221641404310285,7847.355697358732,0.23839513473854,0.10855832290810713,63994.457688342714,0.4010177321862836,1.1068170760535827,-0.00601608251826693,0.18048213829938914,1.5376125230041835,0.124866106094883,-0.4638214470658617,-0.5502621770426277,1.8486839435192781,-0.07506038169026792,-0.09400234079851616,0.7194656931446198,407.0100200278936,-0.23976368998195632,0.5745977866749898,0.34516302726103826,0.8233996421167173,-0.07860250107102613,-0.08999126483827945,0.3266812002858728,-1.7064719013127279,1.2542780133220168,-0.7932383818877281,-0.0017733093626900215,1.2861087173520236,1.987735557513151,-0.004588851876515798,-1.2469463876302125,0.8560264763174404,0.240724673515812,-49.05754774372807,0.718532161924408,0.9689188975936402,0.5131943763116642,0
0.42161199971245567,1.1998262023387933,-1.499560441421849,-0.5515471830115055,0.2107601327625985,0.11852789447290585,1.1810235785162064,0.27734402635237343,0.34317804686115594,588.0377883521222,-0.18440810818217124,-1.2716210860911998,41381.18483902721,665.7120273182342,-0.2692018735996251,0.7978334034518446,-0.6015193012010845,-0.35308083340350377,-0.2908546558978548,0.724151909530179,-5007.088612360171,-0.613615506992588,-0.8854024591680024,47969.42309485561,0.5867640744557785,-0.09688611707220947,-2.2833206167387456,-0.7039965618405969,-0.593724489733525,1.3960220991645185,0.7365232896042523,0.1226696354845023,-1.8790961018624086,-0.21711578137241253,-0.9627443342239453,-1.4654482510408962,446.06954603619613,-0.7010193041284132,0.6302962986657229,1.0124293021266195,-0.44786628120392225,0.9688618384284112,-0.07037578182218411,0.21274212216665886,2.2251014811183496,-0.666190798613832,0.9814590399758535,1.1282082771198787,-1.4218043185332776,2.1949918253591245,0.005950677175696952,0.4405048209042849,-1.2510542111435308,-1.8056649296506508,-51.42746510430955,1.7230649000483744,0.48504308710812055,0.8533467963993344,1
-0.2369280640507028,-0.7247480004738204,0.8436345496783774,1.1921112789665917,-0.13173276185022442,-0.5400807289565387,1.4505260424681075,-0.3085206072964022,0.31237668613984293,559.2959452389783,0.06548674415424828,-0.4359205289944057,82971.32946658687,614.2543577305678,0.23118406734974786,-0.34435145988361116,-1.630255475665621,0.45632234933038757,-0.8362339005925967,0.26054685803128635,9651.506561325094,-1.3809037317912964,0.9244552494470017,102030.19232338593,-0.12175716802176985,0.7050013672360237,0.16274534481462125,1.1546655007125362,-0.5936501951710867,1.0930432202030385,1.0975327417282386,0.5294361879867904,0.4259708485733055,-0.6619217188398877,-0.8548068981771687,0.803867090383981,470.18014850450635,0.8013087821248244,-0.2392575589018444,2.0100604472784354,-1.683042804892096,-1.23857537489529,0.855871911729995,1.060822852353713,1.1526089384409306,0.18444960473069533,0.25160934014103664,1.0096680102182618,-1.8146303851615808,-3.0302798070197317,0.0018934726270508817,0.26217748781898526,1.422440796296619,1.3227445553157609,-71.2199951466104,0.6535337770567099,0.6566978662947242,-1.8857466259910753,1
-0.2731474039276382,0.9798581324100601,0.23475465689540276,0.5217929200861751,0.4225495700375098,-0.4634582456127381,0.5606532290301834,0.5077627633813702,1.08868041935946,805.9397418938865,-1.4805317338759694,-1.4447916296140006,58790.418193466525,838.2865753615777,-0.8485135299120697,-0.4141194471898314,-0.8597742218098787,-0.7785381061876185,-1.2354456379170957,-0.9076978586874487,-21735.46811274419,0.9747717249790521,2.2022690591569445,63255.92626385699,0.3432305344358418,0.8252428012457502,1.1485508982514239,0.6840321393952036,0.05457885148341738,-1.0362648119355315,-0.14398723160181623,-0.8333178192981757,0.3817860853818843,-0.4558776500337932,1.2665689117744836,0.12150206395298828,490.97897414181773,-0.28766927770102607,0.9603492393318841,0.4375314214969718,-1.2373548165049624,0.13527295575271278,-0.17971814909572018,-0.5227609733573477,0.4047040139477408,-1.6689581927935122,-0.405161484656293,-0.7878468941889315,-0.3695073579402006,0.9421078970373999,0.006048602176935296,0.21436641553074554,0.29145275072706234,-1.3110486668387173,38.08344593090701,0.9967588015888837,-2.05677928043963,-0.512642392299834,0
1.906566868854292,-0.7227960363427913,0.4524951079777054,-1.1856011793909385,0.4369385735002434,-0.654994878105334,-0.0017185621099956455,1.9426669882351157,0.6037576295580177,551.7421208007393,0.6241802551062737,0.1202348718516982,41527.6633056318,655.5180472481316,0.41011889487061615,0.10262579397610481,-0.40890433350244626,-0.6360048151810895,0.19904215443349615,-0.38672051883779,8187.277286020378,0.7300460833893796,-0.5570385475599986,48420.8350251784,-0.18589630022412998,0.36109257443070764,0.3562057593310831,-2.1455886016980665,0.2912955467734505,0.43688051769987096,-0.6553083009353188,-0.7750744524964276,0.5287965260191584,-0.6486530387023446,1.5136930405802085,1.3581111074112682,506.46058200525783,1.0081880163197363,1.0576719345886092,-1.1263035096068867,-0.6985098528951647,0.760044817523559,-0.7930884388404414,1.2176151563342286,-0.954524978479458,-0.718231437104063,0.5830493254312986,-1.5739354252198698,-1.1542509505295078,-2.362912495494136,-0.0020454130709346577,0.7795819914152575,-1.712947240178277,-0.7142018816220221,74.11091632252071,0.45494039250404145,1.1096946367103944,-0.7974859362280953,0
1.011822692266871,-0.3477157862379283,-0.016145531049254556,1.04630394377736,-1.8957134541082827,-0.6523801661149594,0.8009977414903957,-1.3507632006163175,-0.8195473572875345,687.875258978721,2.230161284399859,0.8529071386952786,75873.56361481258,753.424983330611,-0.4378416310397996,-1.3856641411003103,-0.09490989638681227,-0.5290612685280431,-0.5651352797614372,-0.9995664177140144,7579.814359850122,1.0919427634764864,-0.21631398802047783,80785.80312311194,-0.009341838654503562,0.8717462925689825,0.6547657396597559,1.7526502970041775,0.148090481835591,-1.8607287620116473,0.2392987246728839,-0.8519379564310842,2.900844994971509,0.16719193671569807,0.7947208777766344,0.5015842920332271,557.189699597217,-0.2908142896420998,0.23518214686726618,0.8053468451266246,-0.3470870162058921,0.8668876563378801,0.8119859483399771,0.38358152290345926,0.14800743090677504,0.04193105804922125,1.7571818490713238,0.84396824768734,-1.174931005838248,-1.544240756178985,0.0009717347768826181,0.6682271351168043,-0.06921575689506503,1.1821704789283176,-92.28766458837937,0.3216955279043354,0.3344823114341492,0.5964611260919909,0
0.05509278045158807,-0.8185772829692183,-0.646553643739381,-0.16224965853913312,-0.3897555151505508,-1.3788733972865308,1.326989097367909,-0.5263427318201956,0.5874399630371122,664.2042547787918,-1.2875295052925895,1.4999342521887735,55633.695874104706,727.920952700324,-1.8839870653450304,-0.4215616036159055,1.9229561614516222,0.3532563291417138,-0.3175036712198226,-0.4623108723984235,-17596.33687437698,0.6686718593938542,0.2634142576038033,53337.04119542209,-0.100302326438248,-0.5306867157619379,-0.30273768930869305,0.14640347429993927,-0.5809242104866056,-0.006072204087460578,0.32430638054005984,-0.4683564542374862,0.459362681994806,-1.2417455309264578,1.316737070425736,1.2142569319973282,470.63388469382284,-1.0494979509243654,-0.5194943048281465,-0.9405867978757447,1.5246287627624397,0.19714586308472848,2.2089765194019657,0.0019531513838820704,-0.2737508571771143,1.44830485194893,0.0035796158283272206,-0.024034971413678677,0.1194629192155085,0.6186031992109209,0.000275322265910831,-0.13552867745955033,0.9220944980212956,-1.2820601731872978,-85.47014156286188,0.5824034146680389,-0.8412150090239032,-0.5732592886829984,0
0.9466948367682315,0.2101965894716531,-1.9133784830338045,-0.3479359845169322,-1.4780381543819259,0.311577627124112,-1.0031595732834084,-1.0349867356902775,-1.790957431961985,641.8046720966416,-0.186255865037768,1.179559322244473,49692.664273329596,717.886796183606,-0.7271699310931904,2.14377753214671,1.3201772611691287,-0.6430038518378234,-0.45509124388788663,1.5492419117398837,-9712.182993165823,0.7270987424552224,0.10740505492931554,64645.17511609368,-0.3518646889374915,-1.6163384449918656,-0.12030682362648981,0.04910647982401814,0.9673824742735478,-1.4080808128754478,1.8182822986360228,0.126725019486551,0.9260001942622839,0.27843618078069216,1.252230215155991,-0.10990610774943475,541.1405071738939,1.533734873334168,-1.7561379875692018,-1.2997504356686151,0.6542665511013133,2.287101851748707,1.190425803105037,-0.5582668311714184,0.4809727252491589,1.187640759782018,0.32823355711094215,0.23027449210569895,-1.250084215907413,-0.020068975641042607,-0.003572233440105732,0.7918818661309877,-0.06994232689368778,0.6470080800738524,142.15560648207583,0.2063070670092725,0.22256070058735172,-0.1669751036589936,0
1.8198530767916166,-1.3097647723975891,-0.6162552722415526,0.6659761467004852,-0.6962890182494174,-0.5961259330340852,-0.664456184125079,-1.0203552928601634,-0.2882112767483705,731.6879021254126,-0.7978547502728076,-0.08961951600427957,-1000.5915746658538,769.0725299606022,-1.5147335163312687,-0.07825035853048148,-0.6912967477547551,1.1357039567005158,0.9821415219554115,0.014248411098948702,3802.6146838017194,1.1436236068448704,0.5295710129107436,22600.36715625268,1.2150402235398925,0.4043959229147187,0.933927047563558,-1.4592385620985187,2.083987987195835,0.32086516635703294,-0.11348960844354943,-0.044238605829774943,1.0189811677174279,-1.549510270059495,-0.7987978214488446,-0.767040815597356,465.1268427021628,-0.11643565025556395,-0.9968240134084403,-1.1685057712675313,-0.8048510923990958,-0.5475981092512928,-0.7975280960364968,-0.0323602687574836,-1.0900264803952981,0.6006743269940534,0.8419922917603533,-0.2313844239381148,-1.5270944838246625,-0.6125599400165299,0.010472588997105304,0.08816710482007607,0.8754816941464668,0.34407951489763283,-51.89553373695851,-0.8126728270809764,1.1207695123765327,0.1825105186017953,0
-0.8323711683550632,1.4410474269714708,0.07427390817778383,-0.39697623210271826,0.21622615001101342,-0.42847498419019403,-0.5659281902112424,0.1441791969346355,-0.10419418973732815,667.1787233426643,0.8297930360175138,0.33875319660772724,76187.06309734176,730.2766186732806,0.8572169794735282,0.4991148725353847,0.8055979354401978,-0.5855615231464478,0.9502467084014788,0.5962526984817942,-2878.463062056722,-0.1464550444434563,0.5663956852360525,97871.34392440929,1.0738941423227384,-1.7110767131343618,0.03320125059631078,0.7536497962201438,-0.4296363794126606,1.1127902068473177,1.635096795767887,-0.38700335077549486,0.3198898041815386,1.5204984850963157,-0.4903273426280658,2.3496679728749115,533.9281738301786,-1.0111634636772526,0.4961693044502123,0.5018852265662003,0.9193461398414287,0.7511914551722354,0.9993079661540435,-0.812286602631552,-0.8487890024086174,0.6034620878438349,0.7394932578775879,1.3130609117195309,1.7380928481563476,-0.8051238081574132,-0.01905605265945418,0.2631662694086437,-0.6305468367371957,-0.7628808924811715,119.28866224747274,1.3878999202853657,-1.0828228966784887,-0.1879512643415242,0
-0.003579753886409914,0.8538692062665794,1.3446820620121078,0.7613506032780266,1.0309424695714278,-0.32071273886208773,-1.2989220627449347,1.423154062925878,0.3531077606583571,649.617195335917,-1.4324100895236471,2.4422274247801776,67158.68341116807,702.6211124910257,-0.7831754043693685,1.8413365954717271,-1.597720699229937,0.2283946837380711,-0.11350916535603423,-0.9711883807427473,-631.3187822820673,-1.6659734435430489,0.48295786737926766,82388.06530132974,0.44013479550139256,-0.9887658289641708,0.5435815409831569,-0.7428530791782403,0.01988476349557388,0.5934570004584018,-0.803142713438557,-0.04451550599470659,0.028785368146993298,-0.9897731408764405,-0.6827997362514324,0.006327174915615175,399.1795394471635,0.24904301913866897,-0.8622176092534363,1.1111079390233198,-0.8727518221989011,-0.7415635794084209,-0.47731891216368516,-2.740570635187558,-0.7665793701087307,0.12690891447478778,-0.273756739870918,0.32705974849380004,0.6066939250882382,-0.6707552238918991,0.005039957560450431,-0.3113499140332127,0.05812238239173411,0.5569933219940963,-228.71076580012058,-0.030295977019015253,0.7985101930037916,-0.5865382208958415,1
1.583291639130476,-0.5308257436688885,1.5544715355013368,-2.00862293389254,-0.8819910771943208,-1.1517188984540043,0.6804648958416518,0.6893188920330159,-0.605647472288315,730.3374050079057,-0.8942361274247127,-0.11109419904924103,39942.32814115384,817.0926836586523,-1.2987297858820002,-2.0378135142408382,1.0865961583152914,1.6868759102329753,0.0724284254290765,0.6182753843580518,-14772.966401471886,-0.11846683724906648,0.5897710918043407,47776.030853741955,-0.02627286375051682,0.4269438235821943,-0.04128475103876627,-0.14892327501213878,-0.2276034116520144,-0.4073053060418144,-0.9214891424397896,1.2807048012408697,-0.06260316055009083,0.4602681901900247,1.0020824796414045,-0.7257714012412392,484.31879835462576,-0.31563886743688474,-2.3781406712999353,0.7740471437361809,-0.15923242656949937,0.44631847396271673,-0.08343137896355551,-0.10130933365301246,-0.008166894497062137,0.326615897180974,0.6582051552725461,-0.02103070104251849,-0.2351767944718306,-0.07132369793044296,-0.0027546882398101586,0.2000415178692094,0.1744829443383567,0.1872059730461792,-126.38855043320962,-0.8069191887706926,0.23609288725657565,-0.5550263686141721,0
-0.37714477134117136,0.11927683059477429,0.23316726397093193,-1.3159045262855387,0.44940467468585715,-0.8496868155980005,-0.9586497913482495,0.028847872872089623,-1.7656260506792683,496.63867736923265,0.48364722132489457,-1.7149871959016783,64929.75549170502,573.1498301541526,1.1229652982562468,0.048335305533548145,2.3151474500449774,1.241806044182437,0.9845995006109991,1.1234864569277287,3843.529221100758,0.3526312119758726,-0.04782871159093777,73472.04914248503,0.43380408013352334,0.4399910032464248,-0.32889959364671983,-1.736314120663417,-0.39281207005006147,0.1471569899396266,0.577952770099704,-0.2920878096313197,0.3878587729614772,0.04260390019032299,-0.3172705971300791,0.28957587286571873,471.8343936901341,1.273801870361457,0.7223905049122675,-1.258014628757415,-0.19138142092626206,-0.6709001530482147,-0.7732134549561319,0.6681547737915572,0.203726074844551,0.5314478262735567,-0.061000132638790415,0.49797993330000256,0.04768116414684937,-1.1103737626712802,0.016745290306367705,0.7153113944201753,-0.8595881808000979,0.9154861031744335,12.313772277869234,0.7443396258855252,0.13008952245532937,0.06983698232029062,1
-0.0038939470136394303,-0.2533856262874291,-0.23586267206787534,0.7968689444542904,0.07650252121937731,-0.3277153434365168,0.543290741853376,0.8909714898604749,-0.914591767423639,519.1855729522864,-1.5753587788235424,0.44251225659010723,82835.99790256364,584.1466606441024,-0.3635862702189055,-0.159444850085854,-0.13681568226579202,-0.06874054999719126,-2.0239434280695465,-1.1965321827134843,3564.067950311995,0.28944436832280024,-0.18019775806919663,84190.13150360307,-0.06664745000158859,-0.17704022537812947,0.24537710864156972,2.2632051486684923,-1.2040741922517033,0.630870473067811,0.35252083445721566,-0.5111824009169001,-0.7299244660026175,-1.6217775910995826,2.010112025599716,1.0639290411562201,492.9757306364526,-0.6674914985235048,2.033231823173614,1.1294823403237655,-0.5694684536873578,-0.09073294946751971,-0.6956045647381742,-0.21701395158932002,-0.41785912297751276,-1.1183697368258358,-0.28219723797843566,0.3683120955541261,-0.7086964758057694,-1.1960059350279268,-0.009319443503202168,-0.6649411254893984,0.648488196865819,0.5441003397016434,68.36689304547608,1.8276063552909665,-0.5963548953888964,-1.3834894035547485,1
0.4465905649835452,-0.9456469800986953,-1.6977191149915283,-0.6882415786829121,-1.5184350763272205,0.4726445498160806,0.30945398127354673,0.6175782482165352,-1.0716096987517154,688.6979068109781,1.3883000322389092,0.2292931066398266,79567.51578212091,782.0006872512611,-0.8019683180883778,0.8079201480115175,0.4293484669612522,-0.30726766667523414,-0.14142367606310338,1.2027831409099965,-2681.118959333298,-0.08796318570607471,1.7899001028035637,78015.63956493426,-0.013238174545250284,-0.23712643988794183,-0.822626574933059,-0.9054560284038131,-0.8058575443110864,-0.8005495970142597,1.7295929868531847,0.06874058790803603,0.035943330388414296,-1.4093088530843643,1.351011568457764,0.6612026012887202,428.0884983827887,1.0136479537529934,-0.5576011524355409,-1.4935067772861468,0.1776630490793548,-0.7491325760840633,-0.31005982600113513,0.19899660637866823,-1.0229724095684853,1.1048307037980098,0.10588976208754908,1.0646680759506024,0.5769590819346165,0.8565583061598189,-0.007857422595930115,-0.26292808238661447,-0.32526877774823876,-0.9601000271517821,-111.89395951077572,0.29736827987559317,0.6262376135133055,-0.1658945894671362,0
1.1640574504958776,-0.7778111643113729,1.602339013768213,-0.3077553069868548,-0.8757356793746968,-0.8569729808038112,-1.383649763911824,1.1389190733909775,0.9111146198324366,611.5829968983195,0.880343151231168,-0.9184273054141301,97555.67940838142,683.740761704862,-1.5604231610721346,0.45101877754621916,-0.8957323807837954,0.5399049044649199,0.8686749324519172,0.8331869800210902,2626.583633470217,1.0878227245564032,0.22770832936078073,101722.17882621111,-0.36948323434142405,0.07108902859952432,-0.6241811719146707,-0.47680722814329746,0.7880126693202901,1.9846520166823969,-1.2672577589762728,0.0573165295390906,0.8150405208160199,1.1396225109794784,-0.6286820697891035,0.03480260723132234,592.9617439411641,-0.19763572883272892,-0.46715388614817077,0.6343385799278657,0.22488121919411008,1.3621899682930223,-1.2936125639748828,0.24537705405754912,0.61593137466807,-0.6161430542061648,-0.12368587518837512,0.7784089196213059,-0.036099829289381775,-0.38746635413512936,-0.007412094012312992,-0.8241503660617403,2.8939613293843465,0.8107858344096325,48.96487769568011,-1.1842591012643895,0.4483218143998876,0.8130098869392726,0
1.223706264030579,-0.028726405740991147,-1.1441739947278435,-0.26609881646869243,-0.21286837762569422,2.1450336047368523,-0.5122504090693544,0.16462275868313667,0.14167258138462133,655.1966800026797,-1.1028280455228092,-0.4416365962522609,32806.82108651449,750.7947661712514,0.516927597278491,-1.6255793055447414,0.027000593573383958,-0.6765444461601113,0.2743554853899012,0.2847795059311478,-12707.686540725515,0.5590938262909966,-0.0889645330021271,34102.607982405374,-0.2998038502895541,-1.411894074992388,0.4214174130325978,0.31639997223947897,-0.9710162365867194,-2.039510804352614,-0.08785271598923787,1.2883254137444276,0.3594888633756722,-1.5964590412492876,1.5672831132676006,-0.9434525816795327,474.58958156160094,-0.5908907038515692,0.06410577013886574,0.7257870742046653,-0.8449066680970259,1.8953942543545441,0.6230595683185054,1.7640446578515776,-0.4371838494104435,0.23529442232315959,-1.8230313302304169,-1.065686521690111,-0.8467916448974836,0.774936428342327,-0.013525562327714883,0.6900972454365117,0.47957860145222453,-0.9621132548575395,-67.28070336745883,0.030172050966599116,-1.2392213896024344,-1.0318726170820174,0
2.3670329745709418,1.4376258398193469,-2.2626633411547474,1.2286784370375552,0.267403263354439,-0.33820343466048647,-0.08132806526999736,0.22229548511066996,0.5058088571443813,608.7014825857618,2.184886968223511,-0.517109785455325,71237.8297140964,625.950956164257,-0.8795556682149003,-0.9370923892521295,1.106359232932596,-1.2190354333791993,-2.9874606331416254,-1.025864801101122,12490.992487604859,-2.1206949159972024,1.3424322975741079,82599.34863273872,-0.7424220070607457,-0.5017590762580559,0.8052161500803962,-1.1271399892345306,0.613739269418087,2.0615572219370613,-0.344631266103404,0.4369066134538188,-0.4385044141707744,-0.9525508801852034,0.58689855198107,0.701220092206466,577.0015420982296,-0.9756442321278751,1.3778920448464087,-0.22478928138239926,1.9735608024104139,0.7371451680567548,0.8172032499019936,0.6655484602347419,-0.8886594246256809,0.1310794052914592,-0.6243895879480919,0.2289047122024284,0.9701950508044729,1.198703911489079,0.01572102484529929,1.3644327634413884,1.2060444846886196,0.7051673659692754,-86.12364449033244,-0.2565102027583922,0.47700199351018646,-2.6245188724953925,1
-0.12560915601781933,-0.769621014251405,0.13765585279535827,-1.7524574577799126,-0.6121140760335314,0.4806853517794519,-0.6068154745196874,-0.8486978975397709,-1.2686530659400044,429.4642113831359,-1.1349717165131452,1.7329568794296575,45703.48173741401,471.0002183184524,-0.0013054101306191066,-0.14550875856349504,-2.788057607058977,-0.2871715140714245,1.0126881983178468,1.2336654545456276,-6159.575246301092,2.244074543222587,0.5468740352774494,49317.57092439476,-1.339473864836311,0.507231095310782,0.12820956493098706,-1.5032639329505078,-0.7154571057755682,-0.44798183730719443,1.3405893358397907,-0.7584031171842593,-2.0726585607308134,-0.5648150526598652,-1.4967466645172973,0.22563697740440056,462.7065159389463,-0.05863642566244397,1.0850096248810805,0.5614681222233884,-0.3110949604426435,-0.46728062590078867,0.5763754216313197,0.823550762944844,-0.13277342092093994,-0.4279826746630564,-1.7006959779362723,0.5229554892963035,2.1469371409394618,0.6591725323350035,0.023308724767129255,-0.587948751848934,-1.054318845577856,-0.655371573199787,46.09392300884536,0.6867044470368036,0.040100263785968364,0.5654759140845637,1
-1.042922603457859,0.5786893993191191,1.5051331570267557,0.4241214234329702,-0.09238817508066859,1.5535894732951592,0.6756330126522968,1.3807463201413632,-0.27921372197745015,559.179099811368,-0.3306703705599091,-0.01116953100042676,35157.69955050869,582.7588597057796,0.16892091461289313,-1.327083559701241,0.3619401035838325,-0.12403956229284165,-1.0751308368001615,1.7477971360643831,5369.174608984597,0.406697551005316,-0.06330861388520173,34562.22133831639,-0.4728467795181727,0.1116471920583686,0.9778450874464518,-0.43952623691569137,1.1768628231173714,-0.8224712700187408,0.02246162911553334,0.1687365841005604,-1.4300385138432279,-0.9865754251621375,0.31997578303984126,-0.9571403278010654,490.37830937427464,-0.1987731302297703,-0.45549758430041726,-0.9770998918905368,3.032285568282646,1.033687663296122,0.39546265728686747,0.754750750495667,-1.5496921824122156,0.6075900372601675,-0.9387719622779535,-1.478430100842604,-1.436740544108975,-1.2052327659829702,0.0155373876609532,1.2773904288991145,1.889350678592089,0.4920921647589692,-79.62828304345825,-1.1193698215435386,-0.798456576638685,0.0651699687982194,1
0.8420801984492221,0.5079417968309937,0.6130281454096372,-0.7450892728180741,0.22391521404927944,0.05425658038781162,-0.070980853888389,-2.0687571095113233,1.2178490874593544,556.5661679432719,-1.0816041009362805,0.1907981064146585,61645.69192481821,640.6948967201461,-0.39895629681415234,1.4600810446767167,-1.0238384951211543,2.3065432998154978,-0.5438714909182966,1.1233450625251673,-12704.07426055014,0.03726907640057227,0.7983421306213613,59356.730106204996,-1.0797498969636616,2.5421684850626787,1.2713554683842536,-1.1716639350778049,1.5858845407267743,-1.2274984909732165,0.37390675845268506,-1.2476282223007902,0.6334149450175969,-1.875701704615801,-0.15650280809689734,0.5392804526785477,558.9849198469724,1.4174841336194346,-1.4890796608671686,0.28456511379110344,-0.6476141980885459,-1.3962944855595107,0.7283536268175778,-0.9992381188442462,0.7074220536567773,0.5992160601701506,1.0278520823455755,-0.3293288921775599,0.8433239877140911,1.3760622202615882,-0.0006414166915416897,-0.632389304765024,-0.1426270961274217,0.7561187852285018,-161.60466127285363,-0.2029431223516616,0.5965129591622548,-0.5231315052247064,1
-1.240186493119518,-1.3389206507736164,-0.15378842052241146,1.5887723027829666,0.13608814987804266,-0.05461030917316426,-1.1750102889208203,1.1592905517753835,1.5747395685362073,603.30744448733,-0.9137435422834227,0.07030239892121258,44641.519209198865,694.9581168860612,-0.33221071131008395,0.3173729676863135,-0.6507367452405654,-1.6241412292774737,0.9264204253469258,-0.23376296185071663,-3502.3104828792716,1.8337796735678475,-0.32023313340174353,52565.30658260816,0.17028593859770613,0.5680347820064469,0.5234221653063122,0.9138186439004763,-1.3682579879195065,0.06698410723299275,-0.6860846585975044,0.8409310111007721,-2.626297949851232,0.4218672521035536,0.5198761842595586,3.5083754140643277,449.6871491665929,-1.2397596968636968,-0.5308215369597284,1.7864101775019439,1.391236837658266,0.29958283400358454,0.6142915337910408,-1.3311265475888276,1.182551224619209,-0.713834811025827,-1.3901013276409373,1.0837285295027228,-0.7049555509204735,-0.04545822924548663,0.011065323205169675,0.7218503047861454,2.2762265768271197,0.2496291303500104,65.5001897434771,-0.04550741809053426,-0.3995379253612555,-0.06910165598608907,1
0.4107089386515451,0.19295209018251958,1.8809367838103002,0.7627290222620408,0.08379701713692182,-0.5549970239220625,-1.4325732900779478,-0.9227907839865511,1.3153335717846255,582.4214612825763,-0.1607973971640956,-0.9378829628446382,55020.106688822016,663.495090433998,-0.11296274230040923,1.045355449858055,-1.7647852114328006,0.22446855042317942,0.4527827223136842,-0.08133856262953064,-8309.28698463835,-0.046945898795671466,2.053497885380289,55910.793434172585,0.5066905591262673,1.149284088697982,-0.41936255957575946,-0.7733226885031015,0.07312735331243113,-0.40521086937393314,-1.810468859918604,1.6887967174337113,-0.787510214217309,0.5701983422418129,-1.6032102528308203,1.4433167638507711,439.2308371876286,0.6210996763091557,1.3084086104332706,1.0923169072804735,0.15983576332223182,0.9107761340818078,1.9316412067454314,-1.931748787630953,-0.8847607107693201,0.5555531597095339,-0.953971017392532,0.20377634216088852,-1.3341462043376153,1.2970928130339465,-0.0034979154345123474,-0.7201722277657653,2.403038045233115,1.079326800068452,124.17597326619251,0.4740502416502062,-2.4606885721430323,-0.9034854614611052,1
-0.7931814179339554,1.9345068970244896,-0.7975291296209613,-0.12698244491903743,-1.0880034302514272,0.2954029729441191,-2.0873984904103438,1.0811258736010232,0.0990110332925934,540.1946514846953,0.13627740838357902,-1.070250393465951,40398.7994712454,576.974378407868,0.7674481348023944,-0.5430230650588059,-0.4237997125015007,0.47969573670613186,-1.2314941209080308,0.5735815166128727,17580.83753234338,0.061768718839406635,-0.4113720320309249,60579.43378580293,1.357779786162787,-0.5179104501164905,-0.35723452380476967,1.4127166075678876,-0.04276613468899574,0.4640804859407207,0.15836465993438664,-0.4391901308784679,-0.22871535391257186,-1.9933959701556176,0.07021116823007884,2.2144921584464075,454.03888179771036,1.8269567620529379,-0.9770812138570025,0.6993105738400306,-1.8302137889855428,0.2262551064472533,0.39176854026419483,0.16969651121882798,0.2592902466550034,1.18877851622952,1.3298657158825038,-0.940539462220693,1.672692880544555,0.8256152903622945,0.002120841387309118,-0.7421220703426652,-0.8202976392954234,-0.36921884675235805,-70.28951161768042,-0.6958262080629878,0.6026225990637818,-1.2583702809443695,1
-0.2881036978229731,-0.02145860702853942,-0.08724336947594422,-0.3460837155582082,0.7525824268618712,1.4774589388386927,-0.1866201039320924,0.6673552222327603,-1.604012729964508,621.528577837216,-1.6064563416012647,0.2479085254568539,42898.495703404085,669.7243162104827,-2.6147936643908967,0.8488296134015677,0.06704148087269143,1.2825613591441885,1.761229097107368,-1.9959691935394714,-15695.254090238499,-0.875281134528853,-0.7889552791185442,61456.06037914009,1.7602267371971128,-0.2371771092299061,-0.6050806952027469,-0.5826171220179074,-1.3602768055108065,0.23924955155645963,-0.7858620025719415,0.7481303035519343,0.9425101834635581,0.7566905441924631,1.959053501365411,-1.1969158432205906,451.34274263816326,0.9280757532535998,-1.5696431864869402,0.3533462427161279,-1.2648354735700829,0.8092794933945476,0.2681373101583047,-0.0457239100733928,-1.1986336716557398,-0.421616109310756,0.693281903286596,-0.5250127676297244,0.6798251073804986,-0.4129870189398759,-0.003003738222168917,0.2781731993517511,0.7983208707504769,1.0985027264814369,-36.04647023658855,0.11585023303743006,0.8941152883880407,2.0863362779893992,0
-1.2472091699058518,-0.19928224265888875,0.339337723978363,0.7482412860456598,-0.6310845801189188,-0.8856554184042708,1.457925788141955,-0.7441492741550888,-1.0912567582453325,535.4972650922701,0.381038544269033,-0.6483523373212088,7541.9834794177295,589.9217918204062,1.0555495072335443,-0.08683014435715279,-0.9621164316633939,-0.5135741190914505,0.8413192844737617,-0.26293152375011075,-3404.3646460705086,0.4438501078131548,-0.18859248091376632,25824.503618622148,0.15991212841378924,0.3382616585605082,0.4039777925256727,1.4729047760837048,-1.4860719750475355,1.8239848886019614,-0.45359746401199297,-0.5035225133565859,0.05538363139752652,-0.4439723432040757,0.031066987828326505,0.36820187392988757,475.4629763286399,-1.295101496577207,-0.4256179165492625,-0.9410807982467414,0.20559290286940543,-0.8680227202387286,-1.2259679238415102,-0.2745970683602946,-0.7728055052419437,-0.41988890432308607,-0.8237661702377431,-0.14092366774690027,1.4015825422196906,0.15774244080626001,-0.013716379035211808,-0.2441193080495484,0.16744320156899428,0.5667967558623941,-60.406859918795796,-0.2340029778655019,-1.2089118253321511,-0.2160877658893548,0
-0.9649053343498781,0.9380701936483037,0.4710455398658305,-1.8634892202588276,0.2760316999699939,-0.9454314510530154,0.9821416748831596,-0.10962523404307656,1.2623444298610373,513.7677747975669,-0.8556740644686233,-1.7099702588103338,37699.312862378676,581.3876530085286,-0.34769685842872394,-1.3921944596014608,-0.5446142165265397,-0.8969262242383673,0.6977337678080725,-0.8424351742310054,-29250.227739893577,0.7756085391946458,0.2205041376139655,50797.187928797226,1.451496327386437,-0.025205759046713672,0.06489824678790664,0.2749801279047625,-0.4088069169873765,-0.2772812132563845,0.005802116214612609,0.8088639798368745,-0.3482360845881218,-0.7518195240003706,1.2830355388690948,2.024133537491166,444.20920704987174,2.4935507582338334,0.590208714117695,-0.42881258206024947,-0.13553042416407696,-1.194028158726714,0.31424685656267065,0.18195187133645563,2.0163190499969494,0.26096185025450724,-2.267591323649745,0.06622681817530422,1.0148615635345586,0.5301729652400256,-0.006786687749520345,-0.15058863328401276,0.09573464478233042,-1.668397562917147,73.67651039927219,0.1905383021457249,-0.8734307816776641,-0.5030330869823795,1
-0.012267326025348534,1.227398809220575,1.5574465762558933,1.2445819340909596,0.4054666436102168,-1.2684796536276515,0.4603865354539004,2.0275686798936814,-1.3934445070341166,610.2411659645636,-0.23391379864888437,0.13720968230351968,56666.58408846251,665.628918523561,0.49239232445090986,-2.0925069316170433,-0.984358343958996,1.42006733339371,0.42136240456037477,1.0801212249124226,4994.800772296279,0.837094433781086,1.1094560312530124,73340.85243788172,-0.2941547969815223,-1.566063853956512,0.3234236895301752,-0.2407587664608437,-0.15638675848891673,1.148250315787002,0.9421297030257134,-1.0351124061939312,0.21734349627413144,0.5881584777080989,-0.1267314472135187,-0.6795803744187274,449.5196491695344,0.28636959501810877,-1.852173141160463,-1.484239512628174,0.6879002175875574,-0.6683790756669405,-0.24385179314833597,-0.6520016037146598,-0.07535132316308311,-0.42393815786563815,0.7262310856560278,0.25583469367356765,0.18498420341796137,-0.06904328584632269,0.003195237459388057,-1.0139610571814233,0.18340455915327847,-1.7871003938723922,136.69396605908014,-1.3403363420938434,-1.3616932438027871,-0.05363784263768932,0
0.2181030981409702,0.7436711199683305,-1.3686401380677862,-0.521905358800446,0.5881540481645047,-1.2352908428976108,0.2258745095517814,-0.18239104852084104,-0.5434595517919985,761.9720135262962,0.9030432963838712,0.32766351053508436,66545.61089960448,784.8694283920552,-0.6385954620871546,0.40105965560138584,0.13762930674941576,-1.17181356376385,0.40608010494521196,-0.6840871342858088,-13705.038114245592,-2.689458445257796,0.13841328993610513,70121.10332395606,-0.035614019915043704,-1.623377362157504,-0.36303691765417234,0.34232425427930374,0.20003734329455386,0.2417178620565756,0.15459426136268864,-1.0197081722048968,-0.4452847160743421,-1.805127343708675,0.7800694443732641,0.34847392198126126,434.7519007743411,0.02603379334544021,-1.671372375495663,-0.30949654785422404,0.071455672401612,-1.0143902716180193,-1.3857604675221122,-0.11492569351058778,1.5849617027877796,-0.05287210475869072,1.4021407152860188,-0.8250312091196778,0.47254542565626617,-1.5154838412012894,-0.007192905179662268,2.569433362983701,2.445152300205396,-0.6238807637978105,-80.15511750179172,1.8373954824724206,0.3272675700297631,1.2143958902646559,1
-1.627454585113936,-1.4678500127706198,-0.7783171248021934,-0.6458496184071258,-1.4457141837536183,0.8496238052113678,0.07670320177663043,1.1773219279966327,-0.519053158697549,739.0172440576565,0.17699657307195704,0.05804388719524783,48950.83731307522,810.7883498330079,-0.8723543996007602,-2.15370672446338,0.14083483421394394,0.5056629083806634,-1.758645225942299,1.1888809792422639,8621.34562957919,-1.1890261827788982,0.13220051890696682,61518.76431495425,-0.27298636158756345,-0.4516013913485759,-2.056269016780445,-0.030761106492924628,-2.382566598388149,0.012717112930591008,0.2564437664686022,0.23854688304652746,-1.1238040079058953,-0.13591512391851476,0.6854706976806629,1.375414340984251,454.3644645902783,-0.29816661663275823,0.5656750469799281,-0.02973589118873327,-1.3662673884640584,1.613332197453657,0.10484201777091572,-0.3804167174438101,-0.7567046356429361,-0.5327381974644706,-0.9302841635948731,-0.5635562697222882,0.3011888611838997,-0.6260613711090883,0.006310233836564022,-1.7374251260632005,0.3859614721631584,-0.23600874072947473,-33.83645480075427,-0.8934366421756574,-1.269894809101649,-1.0720487190742969,1
0.6031750299266736,-0.30104891730627525,0.6188396506822994,-0.7596212476121551,-0.4707251559930635,-0.421918721652119,-1.098282093394895,-0.5909348949079842,-1.2777159567327125,619.1356407733489,0.06844019276569309,-1.0067544353696514,67206.76779418485,717.4407505821341,1.3363477183182728,-0.4432411893934976,-0.5233801479367153,0.2185498888693765,-0.28092959777829535,-1.8967619089458305,1610.0270185562392,-0.025808492533370437,0.32111843345611674,85528.81271314024,-0.0868859856055811,-1.6011860997934166,2.2167799184578616,-0.024408800725300273,-0.7558870997700672,0.6242081553675042,0.8229479431324703,-0.41897730006098516,0.19541090763991872,-1.6638361716433971,-0.22367623532210115,0.32100238689941135,505.5126241992895,0.29674235463123233,0.9269553166241549,-0.5262821783062195,0.35917517756481643,0.660359711757269,1.2131586652372002,0.35306254728025327,-1.197519998347717,-0.011828163156963485,-0.721228046044843,-0.27684029962209294,-0.6208924735183186,0.41812201192379395,-0.00431180972155231,1.330955130510527,0.03859755023263472,0.6809436149636584,-156.46599024559796,-0.6505486097676653,-0.584140983404653,0.3439287452856644,0
-1.0745089906444896,-1.375687560108223,-0.35718240514451916,-0.23522336838039148,-1.2245081449629385,-0.4415407770044303,-0.39620766961112003,-0.39044153276089105,-2.229912220603673,752.7561065792373,0.44574731540858875,0.7918358113532948,56861.6064247817,815.3220801245129,1.66383034937143,1.6962690210513687,1.3415546301559123,0.8221128007822369,1.6389643016699835,0.838520948918375,3431.6336663735856,-0.050650270655348106,-1.022811709335688,55843.889313349035,-2.630544623369642,1.0108414369441179,0.6074322817457847,-1.0956990371808988,-0.27475907408538175,-1.477991057374099,-1.1369432724967323,1.0541833942521943,2.107633147757812,-0.6843143764363534,-0.27748251489093123,0.22772553158105246,399.0716920438124,-2.18126935309105,-0.24874284704780492,-0.2046870182430169,0.46687339348221535,1.2302236863438716,2.018232083416277,-0.9544210164582839,-0.4211651698917707,-0.7169267471887838,0.6428551153641839,0.22994126488794295,-0.4723919809532686,-0.5547664634314858,-0.012918712667608944,-1.7937119893115703,0.9610636922638714,1.9618684924793568,-2.5709988441294183,0.06006276830419351,-0.5167246218560881,-0.8070907810580175,0
1.0831013432758534,-0.6002494591206875,0.2185359118111889,-1.449180579348521,-1.0829959314404098,-0.39032489477126525,0.6794413299594951,-0.7029478802656568,1.390275115276183,628.9174256264906,-1.004574469895347,-0.19734612819284417,67736.58603685148,715.5355525170146,-0.49829821965743604,-0.11902137039839206,1.8460347615050023,0.24672280283140455,-0.7899374377771723,-1.2091920390841266,23334.206058014046,-1.361560441800378,-0.6120115775767645,85272.5318849064,1.0923169785374474,1.4599227015201923,-2.2188138712302843,0.6283281387041434,1.7809177879948845,-1.5704165749877088,1.2936334038285433,0.6322169905255142,-2.1174804321044243,-0.0453335179996643,0.2698617544392455,-1.09710698082761,477.3573743107786,0.1513633707708227,0.15796509804009945,-0.17327225717920278,0.24329779243186073,1.605169689010827,-0.8810377238064,0.04388056246530466,-1.00830269949949,-0.9538914657864387,0.7441277536538194,-2.146021024100808,-1.3535121566619948,0.5147237760212457,-0.004265209000499836,-0.08277643442333281,-1.2933137682483622,1.0181124293552248,-140.0876794612921,0.31716547752622753,0.10762637506328367,-1.0656958756703967,1
-0.9462919074555625,-1.3227402043696788,1.116491187907152,0.04012853579346109,-0.5008461880871687,0.6565333933473159,0.5442337778441191,0.8897787015323664,0.20399467398223786,601.9941393787885,1.8478640516641063,0.22809338733268902,77374.83890489553,645.4196903651361,0.446176406235881,-0.12256468693897775,0.10685462006843167,-0.75474900103106,-0.7175834309708696,1.921462919833459,-995.9872891933845,1.571412331313438,-0.33604997189369,84373.59263001027,-0.9299739564408018,1.427022030283342,-1.328665194353799,0.019480528062038115,0.5492075423700071,-1.2625681981919925,-2.245495974564195,0.015124501233478594,1.2356184085000208,-2.0495039228784235,-0.637966474187634,0.5497973109992629,390.81250702745825,1.1501823373390663,-1.0248689365159245,0.6470298233122684,1.2353061949594586,-0.3254107587864539,1.304457035161148,1.0983519706036293,-1.276166593631527,-1.1218127064751424,0.354895031999182,0.1726947619715702,0.11834289661870968,-0.8611255107079105,0.003792043080535353,-0.1394250608627427,1.287419672390628,1.0792661246502602,-200.5957212327834,0.9511520043134464,0.9808370122310083,0.8151075131771606,1
0.31312307261183564,0.4227090033236895,-0.5989552376804784,0.7806753811080049,-2.479429239435164,0.04411627603970174,-0.3373583606342058,1.2824471121762198,-1.4527145814921223,550.8544184736984,0.8871220117595577,-1.4183204170863593,53078.866606686264,630.713993074508,-0.4536960869276958,-0.2581390701876749,0.1920355837404082,-1.3131665037015592,-0.2370244129656782,-0.6687552494297772,9071.82574264618,-0.9710756247036048,-1.3601661188617415,53416.33162056322,-0.5944202510436305,-0.019162439090934572,0.04351935850582739,-0.6593151131472472,-0.9901386148103474,0.22866425482357536,0.472745974370221,-1.5255054211765209,2.6017973500671197,0.6096780314816201,-0.8464223646112017,-1.2496561033340206,543.0638531386278,-0.41033603522581685,-0.1552192171880593,-0.7757155161013963,0.06363386643286374,0.7205279329410256,0.3646941555640786,-0.7394462795437902,-1.538898601991837,-0.6645991399688193,1.7921325548761589,0.9676334043076427,-1.0685680237550734,-0.5179253192153382,-0.018811554892742582,2.3128866222693016,-0.029388037313812967,0.12917872616162893,-61.25734415930309,0.9766418740795573,-0.022448311508014015,0.009983271856044326,0
0.9872541369828188,-0.6392341312316097,-1.3204447265369899,-1.2375940358454092,0.7362973917759617,-0.31065411581593544,0.8009213490029871,-2.076760704008587,0.6847994690466658,589.2836612542633,1.027725629230242,0.2753638661351673,45393.73558157921,630.1213912097104,-1.4500556289528426,-0.9503149613898124,0.5612127754759764,-0.947494438663074,-1.0348831408814148,-1.9590366139739097,16329.028560497218,1.0106525868424174,0.9259964016192371,45022.65838828792,0.692390549751998,0.7073424194671857,0.9586855444792712,-0.9879148345300457,0.1349692791225058,0.48219605340556276,-0.5987370978336454,0.8646333247326794,0.22118149710514406,-1.3868341557006754,1.155896471275544,1.1802329919544767,443.18344698582024,-1.4513216886396854,-0.7106206758520679,-0.17970659007465797,1.2090496182566937,-0.023013462789597608,-0.3062629374182217,-0.0005653436668031239,-0.03417626176232443,-1.4714206322405612,-0.08226144544412269,1.2885290860616974,-0.5709481496857206,1.7072370410654147,-0.015798375119510315,-0.2152207686789932,0.9137528179718679,-0.10290785035892168,-59.832539209765535,-1.1917624775026636,-1.1954500773895642,0.13421539036333607,1
-1.455499127799451,0.6986405285907207,0.48564180932387285,1.4204358126689849,1.3096999801728628,0.5128476138727242,-1.60912514676044,-0.7408929080916468,0.17837319685727723,659.6118795544944,1.8394992813489919,1.6301048105283997,67843.27336257379,751.0129557718321,1.2780803582646962,0.6074698492225363,0.7253600707080542,0.2383296697314902,0.4457857387469827,-0.4789239326208775,7402.640605248193,0.8940093892023216,-0.6411786643499615,87317.82677920593,0.8572801803283003,-1.287992170470556,-1.7835584460705483,-1.0924815391257472,1.327636039893431,1.0115754793583094,0.9809112882084066,0.7662841215446344,-0.722363752479567,-0.9724611332770202,-0.5564433408181647,1.1400520459321186,483.7439867536786,0.9516562905764657,1.0545627275696816,-1.2044042331017806,2.0417938563759717,0.5578322725829415,0.15634623445458978,0.23049434048551543,-0.9670540807470777,1.2610176186294038,-1.2494412820670564,0.8045003800112022,1.0505152206576975,-1.1738358666300908,0.008533214152999086,1.5209015820005796,-0.15240069014091054,2.850746582556219,-110.49564318527338,-0.6700247963593801,0.29142833583257577,0.6929626500106372,1
0.7831677404645715,-0.384609051977369,-0.5814775280659544,0.9215209470593082,0.6507290526330717,0.02225803722338063,-0.5677233189163182,-1.5430307531961294,0.6655634191245624,562.9535027795745,0.5676536177199545,-0.07879554700296448,39256.957359955115,620.2688467652825,0.8632037748388144,-1.5177753360449993,-1.3920012530907282,0.4029052124926063,0.6986052504294593,-0.42545378069588563,-9968.49542158571,0.5168208422757092,-0.32934332525468885,49045.16768247882,-2.0553134402527045,-0.4110309057462509,1.107840005248632,-0.017129761841974202,1.3910480233654954,-1.5803340370385544,0.3994844476619301,0.40882133339944243,0.3388603404410296,1.678766706373653,-1.4143913952571028,2.0522185603730554,529.6366437802077,-1.208115098587826,1.9426057388926192,0.729421786500672,-0.8762067498568781,1.4158834315558673,1.059386751813919,-0.7040457094513316,-0.9563715163410883,-0.6065034953954643,-1.5565692127217892,1.6630581063925982,-0.07839766443724766,-0.17188438971870418,0.019651568679394733,1.043913071417002,-0.9895493627791495,-0.6219037547441065,-135.5165926396128,-1.796816714058673,0.29739000626792145,0.34531218352822773,1
-0.26602724875251205,1.5318049892477341,0.6439450285473994,-1.226033795209179,0.5896711408348532,1.6740086751197552,0.9221740048562118,-1.2608454437735959,0.3472922928441808,609.3352874908834,-0.8498303554265679,0.11382986873313067,46420.96310023681,659.0377273475071,-0.541812266477935,-2.1396281088410296,0.43432175770848347,1.1000120852558637,-0.47035531337825004,-0.6882154405402057,11154.00527570556,-0.10825015022950199,-1.1372028036589648,68885.36277094488,-0.45809023414512284,-1.2626161429002978,0.25055674848779236,0.05697794624586935,-1.5760452061349324,2.2362984583845473,-0.7522083467428585,-0.045189031759261256,-1.273443628771553,0.39378865606832464,1.1989671460971347,-0.23891887161193148,542.1334868363508,1.2780999844377479,-0.49849465474586896,0.2937835250632835,0.35095708652555674,-1.2337015315609385,1.3790797616957777,-1.5892504113086545,-1.0134797865652012,0.9181214648004958,-1.1159178805065273,-1.4431546996104945,1.051661443843924,-0.0239375630597204,0.012674232437506879,-0.5612002479381881,0.7355258490874734,-0.09941824626228965,-2.3731182170837934,0.5350586348304515,-1.2800572815087525,-0.412457481047172,1
-0.4221491654462666,1.4976295276466467,-0.01579570140698172,0.8222522839878564,-1.1534895911367147,-0.29139532870403206,1.0007839830200027,0.9325149390502218,1.0357768950426707,591.1273826648253,1.3459652393982569,0.6587770971766734,84289.88147626731,675.1375938498413,0.22183765009952613,-0.6488328962372025,-0.6119149277950328,0.8156818596813253,-0.028360813505668783,-1.8339571082123702,-7447.117764826269,0.8576372708089938,-0.3790346869499109,102500.50862207258,-2.4060165529541564,-0.9497054810069858,0.2173904660335764,0.47107570214707345,1.0924792547952324,0.9632754453928857,0.5746808965189041,0.0248391619853973,0.541507779258552,0.6588107940904998,1.3233123821910353,-0.8312146643395554,545.4367379120692,1.3702590109656954,0.3200593408867512,0.168472745611193,-0.2669422734410128,0.7344714291623903,1.1741813543766706,-0.790439169121504,1.065108602089995,0.2504653401859939,-1.5149539219406039,-1.1083183767818605,-0.2797543894361537,-0.41388398210506205,0.0029205059942157257,0.17312298659689437,-0.662030150186161,-0.7578620960418568,170.03152112952242,-1.083305030598801,-2.353286860492822,-0.7100459837906107,1
-0.812749370931494,-2.069413545953218,0.8173802516842179,-0.867478243967169,-1.1913767849446997,0.7353732099825865,-1.1173619916724105,1.4628795868906055,1.9578394547113593,548.9084044721193,0.9968602385973293,-1.0127165060200762,31733.906776437765,620.0571772347716,-0.6118090975812485,-0.8425887281349657,0.698251334170548,0.605992808094339,-0.6853159792932199,0.09302792086784042,962.714333577987,-1.1925616856643189,-1.6617135886343193,33223.567834764384,0.10609249316641735,0.6139374114545532,1.5976208068017466,-1.6167313332848714,-0.810252681302153,0.18384003693952816,0.8534091220161767,0.6429941589074324,-2.414971937891564,-0.6596533039237875,-1.1463593902396072,-0.18619086105208432,491.41740662013814,0.29116926163058904,0.34809633492188763,-0.48682200140278004,-1.172485678058012,1.7713289660336582,-1.0978474974650867,-0.29148196917956504,-1.3488509464017697,-0.2366410231346882,1.1123483109539207,1.5413179954863507,-1.547690074140836,-0.9109313393786042,-0.014934345413517444,0.6890867489649336,0.45556931789260513,1.8026583745980764,13.489914714593212,0.527669748447936,-0.3143524295639357,-0.8932104546578202,1
0.9144630798600212,0.15432907050675695,-0.43405500755645543,0.8703731563905812,-0.38120579647877956,0.5387023274550369,-0.7329078003234235,-0.25897164325998157,-0.02321819964357578,763.2612935503145,0.8365575741638939,0.6632605907717618,72539.27146507968,787.4771849709825,1.0135401877670362,0.8526440203085153,-0.4508649936873338,-0.2165534736644127,0.7984521980711745,-0.799622333320193,5047.534087209393,1.0690338928228345,-0.26041997873505734,95142.17802462493,0.8489475153787958,-1.1096087701464,0.3007254687567632,0.8741408231544009,-0.012462427703596532,1.6493252699156924,-1.070270528607655,0.880342837832606,0.49801063152868336,0.5249792809053224,-0.7145599688037183,-0.8569365634588092,550.5174158165098,2.4097987583681304,0.17636234798210498,0.8064837999444868,0.8705749577326033,2.014620021690174,0.684207135470612,-0.5786276123775537,-0.2769946032421095,-0.22445961477551632,0.6749835929207826,-0.20787916829920086,0.8098614929786959,-1.1242610408128992,-0.011592132035704498,-0.3764414528754036,-1.0088696592741437,0.4645771533700387,-19.706986833946516,0.28657220279505935,0.5195945387181355,-1.1129127077849297,1
0.5849486057890962,1.1972753816267114,-0.16419994417285605,0.3267679814335462,1.8906571654674884,0.8876214075975737,-0.6132324234906662,-0.44507576098232715,-0.873273977932663,648.471009360191,-1.0551814626689027,-1.7852215696857978,66339.07346747772,691.1042128246097,-0.5507755539656236,-0.18483137215636314,-1.256212275762538,0.26041521341185553,-0.15897131566477932,1.2275615665440345,-6047.770218210465,0.27085237540866197,-0.9507678727656015,80829.736531167,-1.4364615622518262,-1.034166335298282,1.1338269344915166,1.1853207683839853,1.6336593360094842,0.30127311949803537,0.34160536439804345,0.006626226516420481,2.120805093539705,0.9081230603653718,-1.125256056104947,1.4617248120958324,637.5538651068237,-1.355785126493604,-1.0938088492884566,-0.3202972732643803,0.22922764353020894,-0.08601279550714096,-0.7293619959541487,-0.5714140692915612,-0.997470197839833,-0.4942100412839428,0.9894157855290692,1.1067603000475332,1.1981977332274083,-0.5126587518882288,-0.007146180760701776,-1.0910068554321637,0.6170283709785767,-2.092033935683289,-6.026785472404081,0.10839696049099565,-1.9862304467426253,-1.067583361810821,0
-0.2682872181584432,0.6478386861415228,-1.4315230805808499,0.8565022679668233,-1.9488643669194832,-1.8325772118500072,1.2030644468036642,-1.4574931838607754,-2.301364248620635,652.7077064124361,1.264856805638695,-0.3624842013069287,88544.69542979929,744.8819934308087,-1.209784051871724,-0.1412927313750981,1.3114791142499265,1.032624469509492,0.7358080259002403,0.9991724244830642,3734.0823853056786,-2.1431858789250327,-1.4032265157633894,98911.7290011895,1.2437231306176215,0.7232230883196276,-1.2190920021632177,1.9269848393416056,0.2903482244275309,0.07452261952331736,1.3439929984207164,-1.096510283940689,-0.3307393036790468,2.1923649557916383,0.25043964644489497,0.25555586176866846,531.8141927110263,-1.3230660749143943,-0.21817533019401028,-0.19407179112270606,-0.7347552908489173,-0.8304080705319973,0.5222906634759613,-1.321531285207788,-0.3302546764641682,-0.8030282672654705,-0.7677008119003784,0.7885529248768405,0.5698014776302535,0.7220057118253391,0.0004284147182512325,1.9975336143275286,-0.30174931026629986,-0.989234633917872,125.84878147578746,0.7437688277425093,-0.5706167458676779,2.7485155364277327,1
0.8534824566032926,0.04876087588888698,0.0710396973534197,0.018866022423847148,-0.3800718108823094,-1.1063391560500428,-1.2767433908309103,0.4561196170938779,-0.5835732388289846,611.7590763824098,0.8668482467741367,0.272937479387419,60221.40214336901,676.8551649129371,-1.7736307566592828,1.4850081219273943,1.361537847741929,0.24149286969811337,1.2388480732321194,0.7134885474717421,4842.866833938014,-1.3911801164470325,0.019418357326757313,70889.53586384957,-0.7890569630463529,2.1106034682617456,-0.16317645336798195,-0.6949492034140657,-1.7586830018791637,0.7671899802482154,-0.691143448240769,0.2749456309091097,0.8528654613307879,0.1160157517204851,0.3291049757829227,-0.002515968399364261,498.30059152824646,-1.7825296730460418,0.8389761743943895,0.048694632091606065,-2.002346530126415,-0.2641174433494759,-0.05048498892911103,0.24345613309803799,-0.695703192774965,-0.6905105817681568,-0.03630317165504922,-0.3197381116524702,-1.1315678546674053,0.12967782130006797,-0.0039722568581329835,0.013067790101732202,-2.0694265261283924,-0.18741330650851346,-123.21680492965585,0.31023404946052874,-0.5328663597990209,0.6662036243997953,0
1.7701597618385159,0.5849094788086338,0.5917598502483777,-0.0806998097218303,0.12314728399725024,-1.4920050609151385,0.7342510525422656,-0.6437581486231364,-0.40338687681813284,612.9478675320914,-0.35962182074059135,1.3578858142096812,78859.44318058412,621.0373221859492,-0.5864994225041831,0.24800964753586327,0.09311510466218313,-0.9332230698451879,0.5852418089615642,0.16653416906825874,7466.737988103563,-0.1934082022309166,-0.6624346612433857,87614.23155407162,0.8161183522730597,-0.851778878174303,1.052650177753499,0.5797198206964409,1.4051612748798508,-1.3716949783449568,-0.5569295868260591,0.6781142698011134,-1.5379837908853928,0.002963739635506613,1.4283697424558277,0.2932140380334014,465.7325352525164,-0.6692938061399429,0.44969903331837424,-0.632224333538321,-1.0559701451271195,-0.5939139462522474,-0.611909706569032,-0.44877322044866713,-3.339111091053236,-1.258706351550463,-0.8498776843563002,0.2482277985535987,1.3037868182006322,0.055463103314332074,-0.017073920205145896,-0.9876922287131362,-0.1792489283762886,-1.495904936459955,-50.107181782866775,0.329231482442313,1.0005015655749665,-1.2898201553477626,1
0.3368267071774838,0.31449253881825756,-0.4707791741465274,0.5776146210242039,1.8377860130833954,0.29051992601590637,0.9475596249343086,-0.3688990691914528,-1.5717493810539722,710.1480447809046,-0.9186139758768702,0.40992782119515614,29212.227917795088,734.5192016726139,-0.4124933814802912,-0.9770512018109321,1.868786040777242,0.483535198113877,-0.41547040036703903,-0.6444094602716854,13707.247301047631,-0.5942122031777151,-0.35068673506769715,34843.67264764673,-1.277579052304675,0.0892292851547174,-0.1543595603948052,-1.5437054311824356,0.9451055957954639,1.0705038349332443,0.08898891418468255,-1.7527673368247845,-0.13459468209420042,-1.4104654777076795,0.09488614142649891,-0.1662823402069209,565.1957136350951,-0.342829377601861,-1.7325206704596767,-1.2067543438177302,-0.9040738644494992,0.26060523180797646,0.2508193148978294,0.6928844314868461,-0.39813213121236385,2.0552949289304947,0.3518822538351587,-1.5777471424309255,0.7411153758130591,0.8154155915927608,0.010421784205394677,-0.8037002446239034,-2.2270380416259563,-1.7800656539526036,130.56622326602903,-1.515669786476436,1.0492253841255301,-1.0258780058898966,0
-0.6266405399732321,-0.668875626423094,-0.387234072081162,-0.6188089746425447,0.7625370991837958,0.1814280196727075,1.7587422308183671,-0.7076117623797056,0.2392870300315018,615.6349631755194,0.2613469788232534,-1.3261177319490771,50592.439395616915,675.0030872561506,-1.4518959854209537,-0.4831209567648855,-0.136165351167602,1.9733534293197283,-1.8560974019576368,0.08897553304259329,-12742.137233753681,0.7826125448171222,-2.6856402378779785,62758.80652836582,-0.8953913746610518,0.2744223341591399,0.32767462765488864,1.7522611122949525,-0.9679417741525292,1.456422271749158,0.9866058821914914,0.5702930333755251,1.186215481214123,-0.03839768527854497,0.8667839256279306,-0.31432018143862833,518.2473219027645,1.9916437881347053,0.6535770501942482,-1.1297966774639279,-0.16151098691131674,-0.35932862892998113,-0.5232118663205876,-1.1512220357851888,1.3993224690725903,0.6050668565258165,1.8967301536451382,-1.8401252340355947,0.66313519114848,-1.8349906006614205,0.003930617432557358,1.162252087616601,0.39212950904765265,0.6968405199118705,26.90611524267113,-0.2588865749987589,-0.054114549983634255,0.9327796807219767,1
-0.16359425382040435,-0.7393546422621731,-0.398341215289158,-1.2624424430373604,0.5847987974931319,1.371467089158194,-0.6385633883910369,0.42918828562429934,1.1625723049898598,601.8302728231073,-0.16328479917489386,0.01064778136028745,45360.53395117986,650.7455765985297,-0.5536495841901486,0.9859592630573725,0.40653076222217344,1.273054804582742,0.4081571172243031,1.6551801460647562,-9995.076317350326,0.9613958623065818,0.2280824969738273,64755.58768093558,-0.34808990570539233,0.27848184244359675,1.2745596830144472,-0.14915767937390487,-0.8670986314190822,-2.7035957142284257,1.0319244226987838,1.7339210610041864,-1.5067798163145842,-2.185943256396386,-0.2765315466085232,-1.3852508998964221,619.4642071309909,1.6947102926753412,0.49493959960980666,-1.4248310125925439,0.5810026542164977,2.329045802176876,0.38781084778947084,0.2720054083042225,0.5217732940680126,-0.153780991148539,0.11746237660098406,-0.6028423853278971,-1.2112309157679297,-0.08860502158141961,0.011811602568736186,-0.39852675372738533,1.1655135786303865,-0.513691174284279,129.7841846004323,0.326698157580169,0.7249069083351317,-1.413443315781587,1
-0.7016969233779092,0.05206168171604371,-0.019455746562731756,0.24349981295944248,0.5307130419491276,0.05143020546777124,-0.2822676929514722,0.6360329172336765,-0.16399409218884062,615.8189889407213,2.0642372575020955,-0.47833313728692106,101532.34615362782,743.622370801999,1.4445700557114702,-0.2016049897154651,1.1098141918639546,0.6898533775363651,-0.07027282687038928,0.11242647574973787,20228.94317436864,1.3596525559603303,-0.7910981099924719,117986.47588411403,-1.1612521034299932,-0.17147202215265275,1.9012550948754463,0.02935564957160637,1.1643337146940385,-1.8145594762044213,-0.6853155998562458,0.2298751860696503,-1.3965364549528112,0.42830946660271674,-0.4962836470135167,1.29501653856238,538.4217326717609,0.31779576264768417,-0.40736424076401473,0.29229078587866864,0.25311722432534145,-2.2337586044044637,-0.05303882530095623,-0.07489785307370472,1.4567846412401753,1.2849616636866925,0.03212055785120244,0.32709721339389536,-0.013248129118418278,0.007826500374313386,0.015024477314448333,0.22148601936272005,0.36887355547908013,-0.5886214991700103,-110.59550830813232,-0.780285981286175,-0.45183468561022294,0.5188378914239463,1
-1.3718094426876943,-1.6312435842516497,0.42218290911239764,0.4090174197248309,0.3255326444918368,-2.165028354061915,-0.38856244325473005,-0.3008432533375528,0.8079958968667604,516.8791809366551,0.6355764825889845,0.34260443003775565,38725.9791319981,591.723632325625,-0.27532400108912025,0.5332346221591836,0.5052495824095561,1.1860146287587319,0.2763167858701786,-0.20045305383910259,-1697.5705307404628,0.4480488678696645,1.4666554737732007,43037.74610687781,-0.06817790260426751,0.6792282884908767,1.0162026888644222,0.03464176877768234,1.2687224152957108,0.28960329382452565,0.4457931990876153,-1.3690831247678859,0.8528008417713402,2.842874904474247,0.04522832468918319,0.07487317076300642,412.9893961106511,-0.3193234290536328,-1.1211063307829963,1.277495451313464,-1.0431235191645722,0.7575886992292626,2.3360994442212424,0.08545945583284285,-0.3201029182787207,-1.5222949766955793,0.07208618616907393,-0.6978469575149646,0.40576174993655334,-1.7876229976800178,0.0008985788642609023,0.023498086820622207,0.7511019089632173,-0.6585017800214532,-89.50483304008839,0.8710573739944703,-0.6459426896143122,-0.6064329857577728,0
-0.20521699959059003,-0.32085185280635264,1.8541312254238171,-1.6207502465278039,-1.2275257895384184,-1.8358178506513303,-1.5568514375421698,-0.7086366384124055,-0.9930078731421006,644.7035916709327,0.36135778919005007,0.28274434280986127,64619.013733485684,692.4421329237551,-0.9761685168558486,-0.5803843784301587,1.4078128247347705,-0.5380076883016294,1.864466499196783,0.6636984625019146,-1179.450476389903,-0.19526261502135683,-0.4219105566549593,84042.23295389183,-1.3946654775765528,0.9226108343052605,0.4943871337468349,-0.7889150570787877,-0.9446690038079013,1.0836592310422701,1.1668469993830872,-0.20842687915963237,2.1385354494838174,-0.398302986987558,-0.4065945851867887,-0.9278569181929018,520.748194781608,1.505619449818487,1.4614646386313912,0.21534089914692356,-0.6387927290466443,1.3423811364599314,-0.3652451775671326,-0.38729583769660264,0.9112389938080382,-1.5427887051046252,1.1235515662870452,-1.8691257174625395,0.36234037503828825,1.2784881378026511,-0.005490959402969551,0.246705072716441,-1.4216953453316699,1.3748451097687977,-126.54409631319446,1.4427565625768761,-1.2464610417920492,-0.3329102260656717,1
0.9680420686460651,1.0590922298670173,0.12998536997005056,0.6807574044880882,-0.7954299877947952,-0.6728066733759279,-1.6077887700772948,0.0931463194538255,1.1366126685712956,520.9883268073557,-1.4008900480306237,-0.8141475041453493,43635.433459275824,584.2949261479666,1.1603046943596695,-0.2637164952767296,0.32449987799052116,-2.526081433113236,-0.1833710069593863,-0.9237347307536645,-13248.990467891595,-0.6520720734378761,0.3200955139004294,39496.245421549305,-1.483763143549414,0.7948279575035839,1.1440566065569928,-1.3166389280615085,-1.2904353672369266,-0.9445526346267012,0.36747216664671434,1.0920152290337473,-1.02832832081415,0.4951264434648124,0.44156017294484534,-1.082489263103375,521.1604409299338,-1.0806402131913782,0.24562024471899743,0.6706598548784491,1.5714557281621753,0.5180308735822269,1.8514220741949194,-0.6173681681869704,-0.8002988882502712,-0.5416142029985617,1.4442747131673526,-0.8808690651865937,0.9218521641346119,-0.6091392130011741,-0.023991928013727817,0.03828160176155966,-0.11348283752758323,-0.551334769550975,-206.3108469035925,1.3829291627665559,-1.3880870488000046,1.2414717263719093,1
1.4088546171133463,-0.48036912226307327,-1.2799074364314185,0.8516662824440283,-0.24440105351756802,0.9570770701229628,-2.3770595096023115,-0.24860951071733514,-1.0979350116914137,606.4158526376881,-0.5785484307641726,0.017225267354757608,10531.539981127622,687.8368785556855,-0.16559350224084757,1.454524622042064,-0.047040832568757,0.5095516735362334,-2.4944256674399123,-0.48738182722012213,-15017.445596226347,0.19597510348343403,-0.6048838083182424,21244.569797282333,0.17023235238769088,1.3805522143024955,1.056644886879889,-1.1761493651421073,0.18293653223749728,1.319873975536448,-1.0332451060203165,-0.29347769551357444,0.20556086331317971,-0.1233055322666102,1.8344947928459723,-2.3316712452450092,510.77634106082184,1.7995172119611524,-1.1339564144874859,0.1495910354386846,-0.9625621350398524,-1.047846974853805,-0.3727826019094904,0.18559075275872156,-0.6671827883392563,-1.0034356236596447,-0.4065997159672241,-0.4324047444439877,-0.9651387167996305,0.9071442182948268,-0.004477688223201319,0.5507302108640815,0.8324228871729263,0.7926115508950101,21.272083725480204,-0.4321586956322038,0.42614436473384043,-0.6039546920368021,0
0.1292100390665848,0.7609534965062359,-1.840528103017209,-0.5103766728217992,-0.7793653193833266,0.5788915293141137,0.7174496011515924,-1.7772018430829795,1.25670539638783,566.5226941557589,0.3318503946799641,0.03446072992487049,67565.6451453334,659.0726217984079,0.1230997847294148,0.3046388394152922,-0.5564503494831041,-0.5283213502330887,-0.04812400122823397,0.5714266322365282,9261.764202992428,2.468639819898101,-0.34830229035702337,72068.7672762159,0.29268363059929653,0.14882229066937688,0.07864325410666788,-2.1821807735838163,1.584013285336142,0.29968283254839223,-0.9400462946249323,-0.1575241872977972,-0.44784982195757,1.9048987615351032,-0.5276271544619051,0.308650399304066,603.0917576237327,-0.9473083050472413,0.22872589630005286,0.35204539145906555,-0.46577731581710574,0.061468534037527126,-0.43786692456091253,-1.7110112775692554,-1.418676406593776,-2.032121538823279,0.38141363995377603,1.1270322429761583,0.11841945377268931,0.134501135412669,-0.012094405636424395,0.008305637484384827,-1.6497235438453235,-1.3359338713895328,-207.0434821463981,-0.9240947791951274,-0.7218299404653381,0.7076682645467247,1
-0.6428777444202416,-1.9953237187397412,-2.906803156102457,0.6656595550531204,-0.3230649300743223,-1.7161426071171093,0.7636429258534121,-0.6386389319886957,-0.012257521735411246,532.4656038931529,0.447132619895369,0.8308335622503554,38142.84574101278,630.9975055569648,0.9439055984354949,0.045987179030043665,1.4146548906028824,1.224914903391123,-1.4229903178765033,-0.25457492257541514,-13017.724455618756,0.5286799935222117,2.3288253624974673,49329.987966458975,-0.4651526720591776,1.0471881409629038,-0.00045677178993416313,0.42594128259587144,-0.5726208427345303,-0.6250804009676533,-1.6290138368237832,0.8076567970180689,-0.17826037050744603,0.2086406748496686,-0.5941685079494822,-0.5011734667661458,488.5019233858605,0.34680191906215335,0.5782394322918704,-0.7711352648977797,1.8970319999515965,0.7697414565005548,-0.1181383639392111,-0.5898325234653312,-0.9481115521714493,-0.0026338510988112972,-0.08347041709658007,0.35025070828003846,0.591910927292312,-0.010268470715542972,-0.03235274593980557,1.3325671695885373,-1.1340425052866974,-0.22723526951404846,144.41787022519472,1.1536840619738484,-1.0138715611406603,-1.4459163256256804,1
-0.6317926262013973,-0.5766686077086949,-0.15486646416377306,0.5903792013531715,-1.1316944748742224,0.2115885367677656,-1.501524543772229,-2.3477491568108357,1.560337402499232,533.2299492089664,1.2477743214456771,1.6008673429420321,27929.453216157315,598.5517676639903,0.7666400935500747,2.749326490652665,-0.4470676374697021,0.2682386728855309,0.05843418525297027,-0.47815222685468844,2161.6365844747324,-0.4551469878495996,-0.7237340283403874,54621.602892258496,1.8029339103510635,-0.34999600051133484,1.1165299667220632,-0.1816248767790252,0.9048596712685589,0.13289472480057232,0.3412586625885343,1.1540810017444705,-0.8355981239206935,-0.2970586718637035,-0.9122302854023981,-0.37905444891545376,567.5780132662098,-0.04582623234151095,1.6245915928501724,-0.41165301755054884,-0.4369522068412162,0.13192268482313735,0.4591996026750738,-0.6127943820072815,-0.3753175939213593,-0.5436548087215287,-0.919819121148446,0.5994608714441831,2.142832782107419,1.1485265813791528,-0.0014124369167107537,1.001180985730241,-0.3227488063325211,0.9336564951618948,-86.1738223917489,0.7531517840607719,-1.565585098893278,-1.7617753055045415,1
-1.1298958843782287,0.47614944301889206,0.6892696791447926,-0.39505649459850833,0.7679606520173381,0.10861628919157623,0.7528096372584588,0.3890047017212538,-0.6763131620104795,584.1823203954027,0.6283726529615111,-1.0151195913666942,62020.667158543,655.5140098283509,-0.20947585434319227,0.14875099573456393,-0.02072060832433345,-0.488926014198041,-0.2514581688207365,0.6917259535062679,10917.759844660528,0.13874079940380435,-0.3209894127706258,74744.98949735543,-0.14351295396232777,2.4779906084623136,-0.26074989039139207,0.388839720699542,0.25762974700185465,-1.5477503419789718,0.1878458186957363,0.1966815750231354,-0.5061017957306687,0.6263935513769514,-0.09011020964927897,-0.39990958222931156,496.4767197075161,-1.961970223633992,-1.4796250564756532,1.030972293496947,-2.320746164498384,-1.337218678518996,-1.8246102412104013,1.189952451893815,-1.131160399013168,0.8770701163464915,-0.41014256848535974,0.11322769960584823,0.19579152932636631,1.41302756808124,0.006632333737394882,2.5243451820114036,0.6814607970056471,0.6022612769102134,-13.93855175029944,1.3389191703168015,-0.45566451153926385,-0.655957456435544,0
1.4530461459203405,-0.11290810537297198,-0.5434476606588575,0.887609922880889,1.3971821945103424,0.039504852222115104,0.07527560167108727,1.0090098324946377,-0.6100426245878066,581.9701231333345,1.1093942755172088,-0.7707703104378246,34899.85051860295,637.5891122092785,0.98454462336228,0.345020305300231,-1.197694769784157,0.8346245905998741,1.2233028454163477,0.5473392059252278,-6633.75646114794,-0.677097499212437,-0.02426852832866292,40828.40516818998,-0.6948432551135528,0.005692761857435176,-0.6191347659407882,1.3991277583449404,0.9782369375442256,-1.8691359408873711,-1.160851695586786,-0.46263329977717726,-1.03734948552019,-0.32962320726346006,-0.429109390679865,-1.1271168368988207,508.1310172720869,1.806786978430135,-0.6289120249759526,-1.3609751814423747,1.056338226950276,-0.5179636401937334,0.1926540968720037,0.7819812867528053,-0.32871332361399713,0.09907606144770131,0.25258205258880234,-1.110589993447044,0.19129571885259622,-0.4034294043742722,0.012035371206454752,0.5261481200848014,1.2313453164326267,-1.9227934712459556,-95.93830836337645,-0.7892888343504837,0.478943887147511,-1.1854216213764708,0
1.199319707681339,0.38298481656730465,-0.4630154674884457,2.351451929152042,-0.4762072568807416,2.118964185195646,-0.3868021763395165,1.305644686289391,0.06948544539402794,643.9340807909332,-1.5035666674733068,0.2088169405963003,82811.5317043647,685.6174938913985,-0.6371832581015526,-1.0954192777802851,-0.1252228418526279,-0.06267967811497084,-0.43371660992732824,0.7037382300932832,-8989.690470093114,-1.0832586744008823,-2.102992357383845,96961.35412882031,-0.684032745327128,-2.140836098506906,1.990359849613901,-0.6590485455290729,-0.11323054365647746,-0.7363151146641982,-1.8951360918797662,0.45860649442427176,0.28801711028448695,-0.2144272804075084,-0.4850163464757884,2.062997062322443,441.3427146670331,1.8704969048476836,0.8268918210138086,-0.7303037647288777,0.8068775051880662,0.31561610155288766,1.2617857036920215,0.19705593186792764,-0.12210032653019211,-0.7867879357220628,0.5612418754236947,-0.20283471345387422,1.1066471397077997,-0.7417558562919228,0.01020923536774014,1.3021748311263368,0.23211173025287654,-1.6128993517151138,-131.6512339835659,0.4483196710541015,-1.7779849401820098,1.0581306040382783,1
0.6726085371896011,0.9350786783340108,-2.0346769203493142,-1.268386005814784,0.29120618006342436,0.8345515714561824,1.372599024160227,0.4280186800915573,1.041447618966651,606.8080899913347,-0.8845558913454437,-0.9327573614446616,41050.05676763504,729.6529512413842,1.069514342805317,0.31051906230721527,0.19120596611341273,-0.2271212443168687,-0.3067525861309087,-0.5701459024936522,-2642.0335072315106,0.7955949025641217,-0.8059078774342526,51394.58724042008,-0.8816220111198404,-0.6637762398936612,1.4174611231216163,-1.342066982423362,0.7935751867179234,-0.5326592573530295,0.8009007612422798,-0.5651066426280533,0.376735108267275,0.9368136401354353,1.5437200447836936,-0.03460365395656316,452.4509803932252,1.1668948848342346,-0.20950304142978968,0.7954310571567474,-0.025806756785460606,-0.5880880355300265,-0.4240394424924369,-0.28348495045091143,-0.5583516449277753,1.5390530474932218,2.8834842405145995,-0.5227473109711386,0.0878689494194299,1.7003767446910525,-0.006761014481586852,-0.12339392746827084,-0.6564440420376402,1.1656272539066426,143.7951790841031,-1.1567303953063404,-1.0582734652834016,-1.396992613859337,1
1.369683561407827,0.29692874126614394,-0.2177310436124963,0.13971095001944198,1.195213477546212,-0.034629219577593816,0.6690328030830603,0.31096460355509326,-0.0904607103104682,604.5991186192857,0.6388615266263585,-0.07206383740826931,70565.90222326711,648.5596380893861,-0.8891288028987907,0.43888495817972295,-0.9596069589105128,-0.4390036960590993,1.5390840906201415,-0.0872115453551544,-11052.561658698713,-1.0409606727368903,-0.012546744996571301,91447.38087033077,1.2909260616518061,-0.8386530872039203,0.013941741881546031,1.8028574727658346,1.5555347559355184,-1.1609199017325005,0.8107867985450501,2.0906596162603366,-1.1522286805447783,-1.0533981298976833,-0.7618483204925417,2.244829633940872,501.25833640100274,1.0383551425260351,-0.3937314879900125,1.1142230653557765,-0.9520429098337235,-1.1022395602845427,0.7758596187937288,0.3593448270467064,-2.296888689138217,-1.1320859104831322,0.3574004224752416,-1.1000528830862806,-0.8114967446054125,-0.6678616728835899,0.0020608370932448457,1.299435359962304,1.4884248978441008,-0.5933565756609845,-67.63802718545529,1.3871337838662865,0.805195231391192,0.9919709794678762,1
-1.2169641157635331,0.4190724801303683,1.8297691796271263,-1.2569114771144316,-2.235272444688819,-0.09240648513599532,-0.07053423548531064,0.9703763217742839,0.45168459031175384,631.4496603703446,1.7737022839189112,0.8031437098856828,67476.12005230687,695.8190605855627,-0.6905936002518923,-0.5164325378551692,-0.6508747852500197,1.0859925427210333,0.40129640899397917,-0.022079830196344345,9514.514031005934,-1.170527723619953,-0.7932836894883065,74849.88271240205,0.711164562945472,0.5400944179389298,0.4565128949318895,-0.3051316042862959,0.5690496605221436,0.8182333414518755,-0.6919400403368782,-1.3048168730539773,-0.4993080877652327,-1.3348996708617493,-0.6467991706891533,-0.8515348645693276,514.935236075663,0.20877954624058148,-0.07042483788101891,-0.5700317491957938,1.2553228319594518,-0.7493535562867444,0.13662068546371228,2.3844075423243836,1.3011058809409508,0.3476703262370327,0.588374965098218,-1.658068224608086,0.30614484175147755,-0.9281065974309808,-0.01588142402680258,0.6058522821922863,1.1011877189617312,0.02779410198016141,-25.559929630294693,0.3316239791258802,2.601326652897478,-0.7676380663653934,0
1.410916930408822,0.11654022698418312,0.367236052579606,0.9907008149008706,0.09674677016418202,0.31066282983524973,1.318496244294863,0.6306807053209138,0.3881431140397683,570.3767765183619,-0.9874726175447613,0.32715861261740464,9497.671152469926,611.5436298355544,-1.2106164438583058,-0.7733937260963826,-0.6863842176554183,0.3016324861180167,0.2997688728215794,1.006477963059118,483.4898844650131,-0.47769481864582924,0.14969130149478294,25967.159734268433,1.076848070851739,1.1591576709504938,-0.2995525804847484,-1.8187198354970187,-2.9595501277078067,0.43128214538368154,1.088761321733627,1.23617005022337,-0.6465434569522241,-1.2688164218019495,0.10873962594892003,-0.7898457180743576,549.8596393294325,1.7290739124642938,-1.0450098498102052,1.2391028736794343,1.4419834728392356,0.7562010857826217,-1.4595349266847946,-0.03214176238662224,-0.38676881756767284,0.7623131260066093,0.1800239994838919,0.11110411959483066,-0.3910206037175232,-0.6894256536537888,0.019818410355244703,0.5374605020154312,0.3323896454838996,0.8045463542305367,-32.60792402860286,-0.016832644337490623,-0.9245720750344948,1.154650109207112,1
-0.7266986701447355,-0.18636123969402985,-0.9647241214815251,-0.2024974538975998,-0.02400281601782855,1.3904749567594952,-0.4631818054764651,-0.7726775307825697,0.4103302632784369,633.3258874431532,0.298309157022299,0.8335074107360827,30266.788856765656,698.1463912376519,0.371275662003038,-0.16957161933391912,-0.3052458051419446,-0.4291115638926463,1.845562071203701,-0.40621572589468347,-17134.361570413497,2.4720274509533784,0.9112455449974292,27647.2155592802,0.7544885602890652,0.7306475104119575,1.4631624991467502,-0.5817119145809512,0.38681068230006804,-1.6981945689429319,-0.5621567319643253,1.253651324535128,-0.1914011499757264,-0.1870103512020366,-0.8771749069600342,1.486766717459123,495.53163324376516,-1.4315534353324817,-1.297686157357031,0.8860824211342292,-0.182471297827351,-0.0721701097472372,1.4333261125276264,0.32374775078617074,0.6713210559028623,0.9118491512582279,0.10470394067264004,-0.5817020936507263,1.5158397132542445,0.12112824842009522,0.01222202690265834,0.9104501063902717,-0.15663107467284254,2.032208038596588,-11.327080814667672,-0.2295851732160659,-0.10490717788272388,0.4997224353985428,0
1.2136550398172383,0.6088026830128377,-1.2262159976316405,-1.2530188538627238,-0.11082744698726395,1.0975257230923132,0.2174117193186229,-3.5898033037686656,1.1460699154374092,627.7850721694916,0.6953475950260773,-2.0365916161176565,70037.46507190954,686.3196476375228,0.1595003288064411,-2.559838609772184,0.4146209811303092,0.5448973840419831,-2.8541404913823123,1.3458026581931266,-5327.070237717643,-0.2922039765038903,-1.721128924575763,83282.83354572901,-0.9122191034129131,0.01726601940322479,0.35692882336468945,-1.4446263183538566,0.47730521373251966,2.416677764925376,0.7146925618056245,0.25711932448505465,-1.5827812978337026,0.3773612319285942,-0.6501297800633938,-1.8514468574848943,457.83226343528315,0.4613061550953383,0.14261610890542553,-1.0690012033861334,-0.8274673242713061,1.0590995113587416,-0.3139634654471635,-0.16245692088049893,0.3758857643268112,0.26284211191471085,0.15088955139666313,0.42118129391330583,0.8462571498145139,-1.5713128480065504,0.016626861990718392,-1.6229088649197405,0.47083989527422343,0.6953063676859295,-102.64014565048294,-0.23312576059680584,-0.00028491948149207545,1.6430805842641059,1
0.2609670055054997,-0.11078278826887247,0.4074374283443457,-0.5247282964766097,0.06717177135881641,0.33940724972302516,-0.02951229931298713,-0.6517126864045019,0.5682531924191951,629.1422329669969,-0.02035039908103022,0.8865475777645393,50842.418034714945,663.6801948015525,-0.4508997711066337,0.7527673378741228,-1.2062942177164433,1.469587662992131,0.1613628436275151,1.1407423270577075,-5444.0681773706665,0.2972008203517136,0.7535432709339285,54782.55556193997,0.6936738793375812,-0.19879295052014534,1.7186539003032844,0.8576979108530864,-1.9592618043878784,-0.40976315538853864,-0.5133551681821608,0.3013701952773657,-0.9077896904560897,0.053682007070567465,-0.3209557071139863,-1.607774018566173,490.86669000640086,-2.3405847507468263,0.34962138370816276,-1.0138302639798518,1.5167793689845424,-0.4304173852232426,-1.3434166011908684,-2.1174832031457473,0.5179970158927942,-1.5399411169358928,-1.2052284777368698,-0.9871683091176054,1.0122521674718146,0.31040628869136705,0.014481124559827122,-1.124414672596923,-0.6846728321380504,1.2386060491457633,20.604158217973993,-0.4373327164342056,1.2503083181341295,1.7310310930159651,1
0.7815585598683755,-1.0003477907445235,1.0068074989574995,-0.9091659277317748,-0.09048753068856275,-0.5718727781270392,0.3475688627073641,-0.5826264203169084,1.021914654947882,578.9513576438732,-0.3735898861667269,-1.7356389787773372,27798.60548571166,690.0528266710097,-0.8031245646726021,0.2799576931722646,-0.03014409454687425,-1.088284851637856,-0.6745048447641339,-0.8060835519384901,-424.1074160592129,-0.5089377264995272,-0.15418840106724077,39865.62834804546,0.8435747754404561,0.739031660483216,-0.654863520714938,1.348229759524375,-0.9318566520861856,2.082415364866681,-0.7560407187434306,-1.8873475863047195,-1.7198946375271047,0.7218697515062956,0.4774219187030464,0.10381188046556462,474.4949467161507,-0.898474837242935,0.458752072425205,0.20937153433128905,-1.139286859747306,0.6253530566501315,-1.7417070507173769,-0.2762454332112672,0.5394641229426089,0.9059165180940537,-1.5662852565541288,-0.8607956848297093,-0.08795213027857025,1.3425579180144942,-0.005391786713700549,-0.6144614379664728,-0.8957869307589779,2.2168179460377946,84.61227944029581,-0.8327831965172872,0.34428376958571627,-1.3789023729589618,1
0.09407352261147035,0.428125095626709,0.20451185505992567,0.3946807459019481,-0.19036712558312208,-1.4288500690414419,1.2546343696769535,1.01647834961751,1.5353730006236839,636.1259894939153,-0.22549903706827457,-0.9440238325392077,54612.1005473601,732.6416216064063,0.7429077554388755,0.651932276823266,-1.1196958329035405,-0.9941643215236435,-0.21419188607534662,-0.308420869452789,3697.2477295268045,-1.7886148802757778,-0.4414969158570566,70259.0599733754,0.3101561133652524,-1.3247645490315598,0.5725013150834543,-0.2653064140774929,-0.8767888118912222,-1.9318416700895396,0.7068293674816436,1.0821558671777693,2.2830708827401063,0.6517006265619625,0.24494107266285284,-1.281495698601086,407.1925915540123,1.0043157140645051,1.149362612393585,-1.003705827445453,0.5581004263846359,-1.2238221148987476,-0.4265205949060008,-0.1891262387768386,0.7991854323695294,1.7660129485766107,-0.11059606258172601,-0.5702823584130197,0.9880598923638216,-0.1865727887706852,-0.009408313423475288,-0.919896966131836,-1.0289981052503936,0.6483980696415129,73.60130792098138,-0.3851684664557825,-0.5771868555015918,0.22317883581270903,0
0.27759331045025903,0.46001152258806466,0.7507122747506744,-2.0791317921978147,0.9087416705102759,1.3227422319140925,-1.464262792270106,0.18194524424529057,0.6964189359920745,587.8251567760425,1.6380386805343186,-1.1293608666251036,26773.16089640091,655.7482948316447,-1.0168386933083187,0.5714997594013868,-0.37312204709953184,-1.0435941041310846,0.1372117054832374,-0.05039987258726051,-26669.25086005855,1.0241284683919571,-0.855007196044331,27084.472850165454,1.4915378149225595,-1.551161582309199,-0.5742192160191473,0.2394527632852304,0.6968291846129138,-1.3609789584541512,0.6943936990661224,-0.6427721740121901,1.4447896794600312,0.21845933920023702,0.34464971349217005,-0.047307195311156416,487.93278473934396,-0.06751690084984183,0.017380733327425665,-0.6057850513811668,1.899821744311779,-0.5942406854158472,0.2293522426881287,0.0011315625213216178,-0.11492369805239042,-0.8132175481399334,-1.9688574241561971,-2.174532223135114,2.4438914361602517,0.8125512563335255,-0.017281688985993773,-2.1751086836119287,-1.3295279857519726,-1.7532985171381237,106.37150998057963,1.2051842747996846,0.5821507456540882,0.008289287772416255,1
0.4322126099611834,-0.30891994717502086,1.2112275128642367,0.4085495672579075,1.1754396225540473,0.6159504340636569,2.5360155826369466,-0.27460053197608475,0.44578930714912174,560.5140598683063,-1.2454293018434732,0.5882784119698502,40152.87789656625,613.7762249951219,-0.34207734420299557,0.4842156150570034,-0.19894277688144138,-0.1399085933640682,-1.0001563080555576,0.06906338481898953,-2865.487025488542,1.2118410837506972,-0.3660946581256058,46154.52267021597,0.14455534478115573,0.16067129878377756,0.70344537932812,-1.7608579465810235,0.13286474271891152,-0.6953591538327273,-0.8056615007477981,-0.7231488683507392,-2.4790464676981343,0.7434889736073835,-0.0433704378518791,-1.3537157857018325,592.0357686322833,1.693233604714346,1.063032514221121,1.1123662054761383,0.5979990945725572,0.13100576981555925,-1.9710873958398156,-0.8563604828943241,0.4964798198157826,2.066877382270039,-0.6224724453051309,-2.2298149806859087,1.660849639668998,-1.0697164945493947,0.009381966872171401,-1.6534215460090487,2.2276666726916616,-2.5408774888513737,36.80129376142569,1.100657633936068,1.671665318445498,-1.4029383347059474,1
0.9045453882050225,0.7882533091542882,-0.06720230608906462,-1.2924858331493878,-1.70341877052588,-0.7757280902630197,0.4604822078784689,1.3293227744835974,-0.4535754139858127,541.7738427385814,-0.36947160678343494,-0.5905930043807847,60379.595885920826,602.4871407002391,0.822550390028155,0.8684597644723901,1.334891764840553,-0.3326544715146611,1.1188208699569016,0.44852605094402836,-10270.43627049693,0.13093751128281264,-0.2286343751930613,65944.59080565537,1.5688852653583065,-0.14473299878803136,-1.8796034264173374,0.04568937648557863,1.1151559648482712,0.6230174330357727,1.3500241296853643,-0.07446171961547537,0.595408630345995,-0.683626778512796,0.8678512972407304,-1.4750584516857883,520.5018895468413,1.501729278144499,0.07511410094223829,-1.7492179596915174,-0.23180342434870554,0.7912742590986348,1.0927275360878677,1.8675657542722035,-1.2053202784826504,-0.979036372549375,-0.6571759488427145,-0.2580316919118296,-2.4095069280924752,0.5949151830726986,-0.0030087741505301353,-0.4848194720182097,3.8640331324122865,0.2504004607581358,100.90428017967206,0.5166038996716982,0.3680487253326012,0.20943525267645827,1
-1.3322547691911455,-0.21930192462420534,-0.19030033998785362,1.596367477699292,-0.7408661311107767,0.15520830638063426,-0.1449147753279613,0.1960667802440545,-1.0559569001847755,629.9420264176449,-0.41544166239566793,-0.7463639193161348,37447.40546766367,659.3870270055364,-0.14126666100327862,-1.0688111302029604,0.12577418928394873,0.6225907448435959,0.4627435636246696,-0.19557252488847537,706.9261251738518,2.1076309557775894,-1.62697829899434,45588.2407410207,-0.2985809433824206,-1.3886096224330176,-1.4171464825432214,-2.3464585736761907,1.2132944849787526,0.08661081412581037,-0.972680262930574,-0.7017495925940319,-0.3364501319292483,0.9163845708594758,-0.4933548122898268,-0.733125129890992,473.77555039412044,-0.02197421666045868,-1.060242266088287,0.3503710987203061,-0.6105163806714622,1.1685804210731119,-0.178735409785468,-0.5162983933301255,0.1683434971381821,-0.5833471935441561,-0.7008618076394413,-0.09570488603090259,0.938694374792132,0.2450761749532941,0.014160234408528307,-0.7998605251658907,-0.0813203106513397,-0.9418140045334091,11.497531740665533,-0.5153684943879095,-0.6295450957155003,-0.40656821385251163,1
-0.3574974942574397,-0.3310320987205811,-0.42356763602348546,-1.7732397235953283,0.041806222737443846,2.214933215816572,0.07090683526825442,-0.5933598551999346,0.36463650147469323,677.4128974328369,-0.1521670042425766,-1.048834998218841,63830.77976232485,768.914501463358,-0.6316311494463832,0.47509969543682584,0.5418908637110118,0.4721082095441491,-0.7710053403837602,0.5467752540217861,-1717.1191196403347,-1.9474103239999943,1.3172824252583357,61177.07771796942,-0.8396213267209597,0.7666528146696807,-1.2255515233570444,-1.4594991411408564,-0.0616298338829719,1.5355229228641711,0.6472553420925241,0.5745871985529514,-0.8013663168060724,-1.4392102982659294,1.8140717712039502,-0.04026864010136491,595.0940949908343,0.3332052531276505,2.2487459954986577,3.8445745062648466,0.2737082031072875,-0.8838898209841515,1.5208755771398237,-0.36704442492463984,2.2096286807946015,0.5459700740249587,-0.3949154241106511,0.050600345217683064,-0.09968018804164834,-0.8920606468780867,0.01761838950503089,-1.0891547767640293,0.10170823908948931,-0.06124099394769674,59.36851064452782,1.1255474975360429,-1.557939961680391,-0.6699612688379012,1
-0.24415134253848667,1.1892129077754754,-0.07561460144617504,0.8226960845509863,-1.725014550654627,-0.9388687624545244,-0.37420937817022526,-1.3212374177500372,-0.9264108050939317,625.7362010818524,-0.09808094424451319,-0.26893187352821174,48173.78290302672,671.7673658124974,-0.6480394702461503,-0.807609932600418,1.0199789903463887,-2.2253486677524017,-2.0094300397064573,1.5700283717821915,21604.135213756243,-0.03398621623774724,0.2691764163000395,56615.00944842437,-1.2136656847148983,-0.6806625743218884,0.12744128786873943,0.3976465467406469,-1.3037229360884146,-0.18437861217517892,0.5752545371469642,-0.8265181029381405,0.7295950640502016,0.42040653138137496,0.4452177548525811,-0.5156452673936572,484.00011473744263,-0.44587260181643706,-0.19495540577968773,0.7786390510105372,-0.8650813080916608,-0.25159208347093936,0.37902470856305354,0.49074888449692344,-0.2386996597976157,0.5568988172526335,0.05331124912649187,2.485573154100777,-1.1480348089858634,-0.5600882954376635,-0.018386188278082197,-0.9867470041842571,1.494159041000376,-1.865816059009806,42.78703215312274,-0.3799549189506669,-0.7953717766387115,-0.924910461503752,0
1.222575986741279,-0.3294148355490006,3.086947485209898,0.7280523590871056,0.9217529820340528,1.2403473541421954,1.6061602620005881,-0.39899990169438976,-1.1464829604280815,580.3254175379204,0.537828862626896,0.9711624974116198,93087.02540420643,610.5150847262269,0.036324237649299984,0.7854276817226064,-0.663903433312264,-0.37293942851416234,-1.0763382849577343,0.22283905944221497,-406.3204257700108,-0.520444414628093,-1.308364519776433,88897.42574403931,0.17800409331942865,-1.5831801837894177,-1.032747022432783,0.6136426370540476,-1.9292061307106578,-0.0380606353532171,-0.3754355603520631,-0.7135587176421546,-1.458186421624143,-0.3495037185324828,-0.03590712516534966,-0.8452204266533783,443.60379140607495,-1.2608166175232554,-0.8300151823378262,0.7301317497762626,0.265534488670661,-0.46689268931347444,0.6945497224993782,0.6062083845513062,-2.294258140210811,-1.6512933512196621,0.20812575009210735,0.03546838094944816,0.3873877393193433,-0.09479424040201881,0.0014957694916188189,0.7236785674682037,2.0102617636643862,-0.5953627114096267,193.68231307860822,-0.10633605246407862,-2.580764846365237,1.0920750706974336,1
-0.6604647749117656,0.8958987529024075,0.8968118502832804,-1.0052394211062998,1.445218233058033,-0.007432343529486542,-1.5714621023008555,-1.1143111065935236,0.3693311547671485,612.5283082961002,-1.8068004259947652,1.3038185517892467,53625.88118647863,657.120019203035,-0.5629695384228712,0.3711482466259029,-1.3022157732772455,0.8594678447225805,0.8132225520502168,0.8735340182192476,2218.4455839963985,1.0759427382865114,-0.3928016360917696,78737.43815489426,-0.5354952843721945,0.2705940621203795,0.7874263495283504,0.7861703622488885,1.2990854605984126,0.2284621710997336,-2.427145813145091,-0.6232074532472965,0.2906723361237613,1.1639098942687593,-1.0906078610291712,-1.4067564560834787,405.0385148755954,-1.3376513609000473,-1.0941478021031816,-0.8297166051936228,0.49475685792782026,-0.1924668697790237,0.1707791309331997,-0.4480806823724304,-0.3877204304454211,-2.1692217395672104,-2.404856621855816,0.23115936854568447,0.5418046676544674,0.5379183555426432,-0.0017965324603566413,0.7240799282834915,1.2237757037229886,1.97581630200805,-18.615544287316524,-0.10465569012786052,0.27925987530477414,-0.28556301868549505,1
-1.2254998091339635,1.3160336715091079,-0.3042708504228453,-1.4180779379695558,-0.07228664643212343,0.27859714272964264,0.9413412071926266,-0.196769026954926,-0.8446947504954287,595.9437902106273,-1.4368903367170212,-1.290299821509339,19650.674764854222,638.66826091087,1.6299553712009733,-0.2746785684138519,1.5499371285418744,0.16815516907712283,-0.5357149890101545,0.8058705362782745,15836.98754128414,-0.3361244261414235,0.631619030757533,36130.45620387532,-1.0399638904621984,-0.6534225650965014,0.15531548578200882,1.793578589882282,1.4990593556365326,-0.04023686700598032,-0.7219718295600448,-1.1244295405036624,0.05463577064480638,0.13924916751569988,0.5259790563358093,-0.1687814510610626,513.635298211302,-0.698052440821126,1.2020019880742066,0.22632259000835886,-0.3437098364322201,0.6838553818265417,2.7422101928640092,-0.6466043310322406,-1.591850034275805,0.28859457642605874,1.5174803119973153,1.5417634488117236,0.39349976504284245,-1.1735916502965502,0.009767031092520601,-1.3419171972873454,0.5791335939852312,2.6831306480523827,149.9143471660766,0.7575158516311276,-0.03699658581681482,0.26445092667249853,1
-0.21123759066778547,-0.975740468991545,-1.0703390778214708,1.4318487419678434,-1.20580249740728,0.9604425596393389,0.9978921467365846,-0.10654232246443375,-0.6079893327593427,610.8205138599236,0.8195466573343126,-1.4814179560665606,92469.13379096134,679.4167615064403,0.7144022273754939,-0.6872266250906158,-2.067548437575021,0.8223977424799257,0.37535133947864097,0.5636332467553968,7099.811546420576,-0.6728530817876994,0.2843228411233825,103972.92892788646,2.290140751781572,-0.15072044911393342,0.3338207215875542,-0.14805735162754663,-0.7316451916362573,0.22954445117153716,-1.3451908927238543,1.3567884791667901,-1.0543624000873324,0.7794372710894231,-0.2323932500426137,-0.02690883302391774,477.7756152330445,-0.8636522236455006,0.9841983474475928,-1.3391062573342618,-0.8960598223425752,0.6687886838070617,-0.7793602213231188,-1.2148403962554912,-0.7821291396813941,-0.39778570774992533,-0.5577659926516081,-0.19786259205762002,0.02268314398296979,-0.25480420889794725,0.009453559264985393,0.35339223417525506,1.319942105860049,0.07033539821841799,187.0408398057934,-0.1425474015374646,-0.9974103996547308,-0.921471920041567,1
-1.8381546378019633,0.09756976963717455,-0.2721678472344441,0.6042702221123394,-0.6941798611686407,0.5853107990917082,0.07633194329883855,1.3528019718045965,-1.4341240480081678,475.2576661337308,0.07164991248026448,-0.5913630218638528,47117.27687799495,563.6192434799573,0.5294691682068867,-1.0753926260038051,1.2326317894116936,-0.8140090160333496,-0.2680750419123652,-0.4175499272563838,-3966.3282794497313,1.0022536193542573,0.7173818742988157,51277.579193773476,0.01336972157893366,-0.024751097167599125,0.9145264205186373,-1.2245593808629927,-0.17456117265773058,1.9041339833172566,1.416876672507933,0.16628539394978917,0.15523074404039838,0.48680847053730036,0.6683283311462465,1.4259543135596642,469.0068967666363,-0.910467789273165,0.5716878320449977,0.34011882582003794,-0.1106302020774072,-1.1129987619439476,0.2726228816505867,0.5370144378572483,0.014188108302434724,-0.356177511594754,0.11939309662680152,0.3347561336756699,0.7983391966575726,0.7355581997122399,0.015756166929819394,-0.855638760347879,1.4820565524615381,-1.0961038053647305,-44.737707413153935,0.3500936054206133,-1.7346657666336833,-1.8271397170878374,0
-0.05050762399030894,0.9406845970376324,0.9207117440437174,-0.5232212855392202,-0.944196689177683,-0.853656335436431,-0.5981522760403823,1.0257855093951116,-0.28863606109789874,615.7974510665358,0.5298357057117634,1.5268870373121632,65609.85513772446,710.4461067196191,-0.6584092176176778,-1.4512803760635788,1.4532150166106435,0.21917484062368586,0.9507142835911159,-0.09630205628064703,10998.87242168613,-1.0685826692122917,-1.076259354298464,69389.4367842445,0.7915434544218918,0.884282374633483,-1.0814741711297062,-1.2587083954208107,0.8340369340458275,1.7842329258069316,-1.6235858611269656,-0.24845117755573323,0.245645405254289,0.05832761400431682,-1.0027211679849954,0.7739028486930706,608.464885962708,-1.9407181316943303,0.21888972228655001,-0.5387441264061795,-0.46198941029864793,-0.4878420403369737,-0.8594130538747364,-1.020529181255695,0.36647222164605375,0.9504031386816785,0.46723289723020406,0.8592831775069553,0.6621054318385878,0.7160790054303087,0.009103119698434529,-2.8851599826730694,0.33318938358733935,-0.22855706503223985,155.4501993042056,-0.5432733802737627,0.31091673900402217,0.3641231216941824,1
-0.698593634099251,0.599817768240163,1.4275126193784797,0.92282165746686,1.2757221054276235,-1.261492777369042,-0.9325621504565011,-0.062461235079895205,0.5250940090749215,495.586471759651,1.2652934159615505,1.337540207680064,72845.25920083244,566.6037744499372,-1.4118391413204627,-1.0089721415046653,0.7957547774623082,0.8268190823094899,0.08593704681424007,-0.0826934583625338,-11708.789341853084,1.176026962022052,0.0015689805289005082,78965.49557613087,-1.0843038955473603,-0.4254188736854135,2.0647590187925706,0.8128886631974329,0.7758513545294443,0.3823503192333306,-0.47603805674632726,0.4912124088832125,-0.7305398330376708,-0.1462496352584024,-0.13481074513374583,-0.9706963387362939,507.3918100922255,-1.5012812532923179,0.5639457408074923,1.0510027241629747,-1.6836550693962913,-0.03208315013536364,0.8210405656181246,0.2686157517070064,0.0578934691935362,0.5705789048960386,-0.023596390258589853,-0.457813713204621,-0.6767554365849172,-0.45437906497847813,-0.0028654640771116403,-1.483060008903214,-1.7643775592278517,0.11373868940929481,157.75291841220218,0.48442781782346594,-1.3358125555675309,-1.1336978184322697,1
-0.2824072775122451,1.098644534889715,0.5977688787463675,0.9425794260895184,-2.073473640980215,0.5037737699169701,-0.28210286716120175,0.32703561880176624,0.7679948521550283,492.3696010322893,-0.1757591048263851,0.5855571244895368,11861.235561011461,562.2413064119296,-0.03584103102949403,0.48902317956043956,1.709188972882552,0.005659639451763385,1.8372188466876054,0.1530886812712341,-11817.91385626194,-1.5478345385111847,0.6426509221686004,28371.523135631003,-0.6057535932011883,0.7325804914776464,-0.5602785020299977,-0.5172033721830027,2.373397785843809,-1.0812781534556908,-0.015865142263084178,1.0658740431947993,-1.0715670460435749,1.6416607232872544,-0.8519344132671632,-0.6721972520848064,530.7487877135757,0.778527134818804,0.7397929737390864,-0.3610108752918519,-0.7680964386084491,-1.4573373573666581,1.6578550499568028,-0.3546890047492683,2.683173445272007,0.6019011454257742,-1.5235802607805713,0.2144283432660169,-0.5314930218232529,-1.2151646775572387,-0.0020338969559150267,0.014625657841166392,0.859011561996308,0.897867523622643,-59.6370617718055,-0.6316741983139296,1.072172828344735,0.6259500570968655,0
0.09607241688469184,-0.2708797667033222,0.9824041352982682,-1.4859908655595335,-0.2516889708479662,-0.10745529708182482,1.2258665878633908,-1.9613234374003286,0.570298256977347,565.4971233689112,0.7461798772400738,0.9106701979904797,76913.7418097096,626.8645398542362,-0.4696386369085902,0.13565549490393244,1.7053219975635572,-1.4617724841671054,0.40715862427375676,0.08660676484805678,8273.847269253774,-1.4264580334241133,-0.5634068594836592,96334.73762884267,-0.5880530771201964,-1.0887500698409434,0.310849111715028,0.05563140287939532,0.4109636166803281,-0.5280302343397651,-0.4520413561325282,1.918496684194241,-0.9930140341522989,0.865266941364885,-0.03923885257921513,1.0418630814363965,567.4133534660481,-1.7022408966808604,-0.3947954152151919,0.6435589299687795,-1.647890641882733,-0.6263527983613595,0.6179653258110086,2.006956330121765,0.5235528444729192,-1.443550520066206,0.9518940191309812,0.18803615965565354,-0.9786764373690097,-0.7393074136938202,-0.010842255267010078,-0.7718612234058123,0.1624439716431112,-0.5400398587856962,21.370540245003944,1.1663121864860706,-0.7904426827602293,-1.2881439382300448,1
-0.7583684475243807,1.1120707824626201,1.176266456754462,1.3036798354518395,0.18418570668606313,-0.8570408974193944,-1.0319614196190994,1.1127798029479024,-2.2936791859684957,458.78750269993895,0.9968125717685067,0.02427345287761757,55288.20785722337,542.3596038549553,-0.518508560721833,0.454496324630797,0.8607385416540073,-0.2977120479474379,0.8831084048253017,1.360452850882008,-8410.93529672138,-0.693533833375841,-1.6978981741474444,63332.92372416721,-0.11345318948890003,1.995788657018563,-0.25820322685318114,0.7473930765667404,1.5610270047806494,2.7470719806143076,-0.7211238932094793,-0.6207795687313348,-0.14534646866068907,0.020183213860340783,1.3647752775799102,0.41845801009824324,518.7104498966555,0.07660021495544438,-0.7475275929105588,0.09283332483538528,-0.6175007450659522,0.9979148745118133,0.2519246057950045,0.3149313744274026,-0.6019558437433489,-1.3012628273408047,-0.32490344091785983,0.465960961014353,-0.19612393425543484,0.15942015899698164,0.0037274266752796016,-0.12958528703035127,0.14039270953032384,3.0568385489984857,-41.324064516825075,2.1473158250331594,1.8702004008024986,-0.2653287135267478,1
-0.19014226194391173,0.04221616176493078,-0.6810620389964795,2.0076348995984317,1.3814962648159852,-0.33477993109923615,0.6651388037487165,-0.13213373526950534,-0.04782440622143949,752.6877031459037,-1.2294323304728243,-0.12736292083527817,41867.781418771025,813.7123822130037,1.2402288148072216,0.697111727460365,0.36315682800859633,-0.08941932641546242,-0.8871484995478995,-0.5137597449854339,-3222.6631963682257,-1.0001250865128084,-0.11626414535441593,44915.55859302353,-0.6160169064874221,0.6501560331095051,0.6581405966972597,1.706253916986999,0.0243948486999977,-1.9020582201611302,0.2826569878357912,0.10421896815527829,-0.9537719416893417,-2.267966363193207,-2.2185514585913673,0.28536390783026855,533.9568841229894,-0.4813024058980885,0.0012490246798565992,-1.3841926946904144,-1.1095668311174685,0.9808957121394477,-0.6935060302016847,0.6162131787860987,-0.5605865491965413,0.6203637878986822,-0.4064856341172153,-0.06873514656973338,-0.05236719446345732,0.822662406628593,-0.011016357731379598,-0.08556654282836425,1.2268415598606053,0.2204533907886267,-151.38487581141007,0.5750028294946854,-0.8411301452995934,2.104863338912504,1
0.17335468253227554,-0.3689177772252559,0.298139468440546,0.14866484884330852,0.8844753613007219,-1.193169775136932,0.9027004946177873,0.32898619869130563,-0.5513432647571099,579.1252293472924,0.5298602304893466,1.5419201404008875,49621.466785212855,601.7487746799028,-0.08228617510479073,0.8507773849878643,0.9405591272154848,-0.8250440694451877,1.0085503853350366,-0.19453175383243695,11374.16243324839,-0.738095199482698,0.1914765266220818,63699.537827867905,-0.7654465553968938,0.4126008964299063,0.3228545534166298,0.6509902251481964,0.14646740967011182,0.9852314678444597,-0.6146508545929042,-1.3284976909838415,0.43955550862488335,0.8205028607000994,-0.34379533920055777,-1.421323738407869,571.5594137582282,0.9263083053042419,1.6012614666154126,-0.3953535987023263,1.0933612695495223,0.9057298421256672,-0.4829682930652658,1.8311614648579646,0.06254250127618287,-1.0321732349212354,1.092484028953163,0.7787942753919417,-0.8471478484229545,0.6485143970027845,-0.01932909660602589,0.052890815287489984,0.018739706259211945,0.8050093886035857,-129.31749651026342,-0.18110218178986312,-0.8724312782326485,-1.4455261058559292,1
0.030761064979137717,0.5106281711534475,-1.5066677488783449,-0.1422002908192544,1.0136248707250066,2.2160931070725995,0.8117663630766802,-0.3313652804292976,-2.588828568655288,622.6164958369321,-0.398242708095585,1.5356539170479342,34082.88795632133,643.9486640381236,-0.06547319002315234,1.6483703114787327,-2.273980034399657,-2.3483692501673703,-1.191345221830144,-0.23902469230891946,12356.256836491559,-0.5096939104568899,-0.16330387753344638,35143.16876958514,0.6123801287108853,-2.8110370073407123,0.6911145074592467,-1.012995097778994,-0.817060645299762,-0.928706295411281,0.609856579693971,0.8132488664299378,1.5105723948138494,0.714740912015188,-0.7832962458857514,0.47362275640098445,423.6821990784604,0.3729874721967436,-0.9835204853373298,-0.14017097635188613,0.464758074317547,-0.10937083365749067,0.6634930841722287,-1.1094729031346318,0.4553769147405919,-0.5973681760570839,0.44139157532282364,0.1123611372942089,0.4419590364126567,0.7069680011055074,0.013776234388351577,-0.5797281357211918,-0.10055733353614695,-0.7451778779630507,-96.93000073445003,-0.4480293742709607,-0.4874534133263777,1.2376163239170597,1
0.5103706816169178,-1.5546949290793612,-1.9132720800933591,0.24761829339614622,-0.337634978030729,-0.13435750604925512,0.2191374704015518,-0.2555381357487682,-0.6450273340022977,576.4804308152317,0.3500602997507968,-0.7423074401510554,38936.66819224763,654.4516144840076,-0.40323297075662706,0.20939628390741438,-1.488224425906517,1.489744383627914,0.8816047783857499,0.864999796227597,13137.52178797,1.882491217298837,-0.1649431119303829,52155.70468999962,0.19914765190541145,-1.3773366044780597,-0.6203973389272562,-1.3738930823904567,-0.3999653545577334,1.0633070513631329,-0.5646151903899358,0.04325974601563144,-0.561706731208593,-1.787809656573971,-1.1512624817487414,1.2486200281858035,552.2756783743264,1.0258689645737906,-1.1276756419305531,0.5747711318177267,0.2522891197464687,-0.20528736646317916,3.0921907616824433,-0.6847380288079901,-1.744942753732999,-0.23157571947286304,0.2898813997513698,1.8471687660828229,2.4986403065198983,-0.5241641836904758,-0.005794675875563429,1.1523219655280936,2.3314311242821257,-0.7422335096879665,-105.08017657753948,-1.2722208131843598,1.2321294548240642,-0.02004994563195663,1
1.0403701757683939,-1.493562659998612,0.3498955368527951,-1.3162104987646415,0.6318838945358154,-0.7260457835938104,-0.8245382045370101,-1.6551038101845956,-0.41051684318484216,631.226585161043,0.7861248149513853,0.34785352524251867,9144.76805184756,710.9093282338068,0.01836072609173996,1.471129222223043,-0.46493121482740196,-0.6140218484841823,0.018394654673370866,-2.9259118931468167,-660.802250184648,-0.3100157233945161,-1.5646626983002896,11724.893283697274,0.13612616862766086,0.855893934817454,0.5412239565201248,0.4319792589056718,1.4170881618911582,0.4047213417533774,0.5740788110363162,1.7490867168980184,-0.7798325052444273,0.11791424008539703,-2.2066116988410145,0.8109115951647933,383.2995843623918,0.7643496411381101,1.023028754090672,0.9834394282762398,0.7140404968329278,-0.8977807200454627,0.3201440457039427,0.4917273761250462,-0.36358877730877204,0.23034626719540754,1.6187826401425096,0.709202547324989,0.6557359156474099,-0.9456270957097362,0.00037133169235770955,0.2624292381515562,0.8987630387432297,-1.7472155958994204,-16.029823627556944,-0.7076726033302084,-0.05693289227888509,-0.2654091676294989,0
0.27426328433954067,-1.5117899015265328,-0.8493109283095223,0.8079601826590245,-1.296956416049496,1.095993031795763,-1.6023815279751812,1.8744191425809136,-0.6919407729011595,617.3798272302822,0.13735102758598383,0.7537267065382383,65098.8866259731,732.9805998008399,-1.237040717369882,-0.9892979938682468,0.7307247214839012,1.3736847218775812,0.16216870670688252,1.4486447610568196,-283.6076302092917,0.8687316025489317,-1.0941924088172221,72420.60571437753,0.16054780471016578,1.3082258846795687,0.36683891501525934,0.6267608412573767,-0.7159898055791966,0.001233723174534284,1.6313203305959796,-0.614594346126894,2.188533783269266,1.2030005527530963,0.7358301230977208,0.5993089035638208,457.4712304748784,0.8349567780796797,1.1827618770767983,-0.5247795021269256,1.6110792398844296,0.10077314020770874,-1.8199005976664495,0.27858005568966066,-0.009483594736605008,-0.03771116380254519,0.6354862467498236,0.5664990119081245,0.029500074870440766,1.4747911659098285,0.009235482354744315,0.7696725674607438,-0.0025549754592170035,-0.6667217263707118,197.9561444910815,0.05946146676994818,0.5980399839002175,-0.4254825491362517,0
-0.9230416471896139,0.9661190144041768,-0.8728696913831472,0.549426506667474,1.8743904925378483,-0.6982331938277789,-1.1118636099405765,-0.5394262933748984,-0.13923831047478094,633.9714568494112,0.11410922007809983,-0.060809769177149364,9652.881820315499,764.203081639215,-2.821507890291026,0.04719974404919096,1.90714421654217,0.15873701379356528,-0.9724064370922089,0.848095259258366,3328.8048580370255,1.492798296013048,1.2119734853698358,20818.904741568906,-0.6989974637980447,0.7775962898146148,1.011531627637286,-1.3135178020414373,-0.9122986985563057,0.8498033270726816,0.10522458778486998,1.0646595920239896,-1.241939727770564,0.7253078835961873,-0.19385675575744848,0.5253230738111573,531.747419346229,-0.8736268681880693,0.756318659433117,-0.3896632779730451,-1.0285811660274358,-1.56202900483705,-1.2047191485739204,0.3700174256061984,-0.3908625543253843,-1.1890457512927926,0.42685171277609124,0.08267406898068633,-0.0035394699482875834,-0.2519722221939909,-0.006103764892663067,0.22585019143868987,0.7736694176930898,2.1866359650005585,-196.71484439969797,0.18303403378024416,0.9915191776585188,2.501933058133282,1
1.7291207599961722,-1.593413529644171,-0.39416402553181273,0.6881228068268014,0.7287837253612255,0.3331194072197828,0.42755518333225134,-1.5752191291717232,-0.23831510642849976,672.7250833487946,-1.2219858648995827,-0.9879146257217662,45184.9802838035,748.2143417260204,-0.3574789773606624,-0.7115006485242474,0.15977104066491607,0.3313797221073068,0.45771757855219053,0.34000782304084765,-6832.092937431477,0.30284412757455614,-1.7174236560740357,48454.044743155115,-2.2015765245061902,-0.8099585587327969,-1.032030707680562,-0.9910376165811355,-1.207922747062881,-0.06474024454709837,-1.7516893268885858,1.169973308006242,0.6749025836998578,-0.4371635669702501,0.46477337323840306,0.5199431701338122,513.4193193252592,0.25898216250626377,0.7651675583905183,0.19555337504977305,1.192265000693076,-0.6623192509505039,-0.03694038810518104,-1.955016903540756,0.6878336222521272,-2.3682483735601747,0.10164907763091813,-0.008551529596097498,-0.6913214974874068,-0.7329014093917238,0.012899966688639176,0.6754697683972551,0.03689024148187918,1.2653166852269988,1.659747688498801,1.4278313499545556,-0.7378782375660248,2.0405402313258634,0
1.433401550405956,1.9608441883080234,-0.2948582481649244,1.6538003635332919,-0.881077083245592,0.6649945230068482,-1.3491092725525329,0.48457598222859755,0.3854256591576733,606.4734919123167,-0.035369435207672204,-0.656167593109199,55108.860543896895,706.8373890315869,-0.6767113919304751,0.9720601900825826,0.9015610469366881,0.4818150955943457,-1.9868366606398498,-1.0282032920729627,-12547.12701581024,0.9228415407211124,0.09498131749868012,65038.15790649962,0.4935661056540691,0.5736718804267635,-0.9044808134815362,0.40413199729525284,-0.6777084828205845,0.4054620716999528,-1.1839758243758483,-1.5307501249775322,0.20006822230356994,-0.4692446413125433,0.7634818329303966,-2.3346142273728545,511.52125570893975,1.1622821176263043,-1.8670124241112898,0.10258144970188526,-0.7129279442833195,0.06287911117798556,1.2773762413982783,-0.6706141860926038,-0.3645720480931034,0.29305725912594394,1.2774601798797944,-2.220685311060435,-0.9278447049725955,-1.4574079944473406,0.0018164127496797145,1.286993472631141,-0.083142003106719,1.0996531896554784,25.686391615589322,0.1527209799267136,-2.223077671830468,-1.0296532850378062,0
-0.18564495334027714,0.1271366151126157,-1.1651512572836906,0.9318768921650119,0.368100631772993,-0.8396299819140324,1.98224666502495,-0.5863958835568345,1.5127065217187803,607.2520002915953,-1.5717169212759219,-1.0324264381523833,55151.6801999436,642.4192242865646,-0.07470209432805994,0.3482268406126735,1.1770830543558115,0.7979116345012519,0.4721311296801081,-0.5076344861023798,-11561.855084098346,0.6685766281802571,0.3672806089472369,61325.473727589626,-1.4267595586905644,-0.25483634473154715,1.2599374225856106,0.5887920141926831,0.5702979377638376,-0.40177974423431584,-0.2070694672820727,0.6239793989605046,-1.8348861546023876,-0.1195324147677678,-0.7972177627785585,0.46595139402087776,516.0431887273318,0.5498461957328755,-1.247184764697479,0.25949864946697515,1.2522185925354319,0.5075140468988666,-0.8002098694197818,1.978233725471183,1.7999298524725744,-0.2840592490680193,0.7665114745653294,0.7929557857285185,1.0251228791041762,0.6289117621411008,0.009715679517759033,-0.3149199599391238,-1.209442317401165,0.5579492534781852,-118.48431520778846,1.0369700908841166,-0.6740459223267663,-0.1816478705720097,1
0.3276077783733936,-0.12021803424215427,0.010782540638289177,0.3503524845742821,0.31081082251035635,1.037413223294612,-1.0784276670800608,-0.741090450878383,0.8498714060588245,621.1670841951458,-0.8963612252419234,0.5245909336726382,43129.86689269546,710.9047657418905,1.253036769282613,0.45472130397730925,0.3729692287562465,0.2502268882325333,-1.457689987532692,0.11847847768939845,-12418.342890994256,-0.03674353417329803,0.8104039641009723,53552.31233856222,-1.1773510651039103,-1.7839988560685855,-0.001765033828688827,-0.4637976389336382,1.9767279870682097,0.18346765085944386,-0.219639642635085,-0.9323540079888782,-0.04874443577891502,0.41970450890176425,0.4123247183151551,-0.32736415895709764,521.9063143664632,-0.1580653589527706,-1.6202300733810435,2.0627926449633565,-1.0385842993967973,0.5059329446992271,0.009022012040805553,-1.2458367378576718,1.7094935811346386,-0.15059628395560298,1.2740835612654084,-0.6729719696629298,-1.0354314976618577,-1.0655663449516313,-0.01467365933578953,0.4721992516382526,3.09327157264101,0.651778139816498,-55.92913751154677,-0.8757287077897128,1.0539490496424655,-0.5345064546152241,1
-0.6083145025767449,-0.3195525866460923,0.12317724115167614,0.3118022457101147,0.7879758309940865,-0.37071737741045563,-0.6614341070876951,0.33169657567034944,0.30933396294056137,648.4199766714515,1.0676455160113985,0.047241471880846576,87038.31566133077,716.93087785868,-2.339067541460561,0.33616679280471223,0.7843651383039819,0.49646702126451303,0.433334285980984,-0.3851007180900877,-2082.246390807851,-0.6096239751448459,0.945842000884429,110267.44278691118,-1.5569428778875072,-1.5785910256756677,1.241231843091086,-1.2897457104244412,1.603047873560126,-0.5213811353184237,-0.044754669606250214,1.147850738841199,-2.282566602229184,-2.144062356099097,-0.9899795382211121,0.913653205696475,449.4260754425921,0.5400801992422295,-0.20536058263321028,-0.6670398928112711,0.4115991785704431,1.4019691530693443,0.9747900958346486,-0.25696920186280187,-0.7543633056092941,-1.2620588362726455,0.6731355711626658,-1.0425671234248401,-0.2063640063155497,-0.31792467555819226,-0.019065379773919797,0.6589534733778849,1.2649946778916685,-1.9559296860622843,26.637741125931534,-0.13666638707698098,-0.9254281596859257,1.6533711918969514,1
1.88535008826769,1.2160712643050462,-1.0955447448805846,-0.17986822756823903,2.2143658082094264,-1.5530423459324825,-1.2481541955678712,-1.546139793221031,0.3465715476555002,567.2813718974511,0.011211680406197286,1.0446093615747238,86724.71575948184,607.7404172831635,-0.211166799929099,-0.6329307428465976,-0.3717158515904009,-0.6332470490373425,0.5695917323826558,0.5646073601409011,-4220.225807239146,-0.2235258526165178,-2.0728310234928093,102074.04550550411,-2.3318689539693374,0.3281140995681558,-0.8846653345572334,0.23668420302890666,-0.5553178544704287,-0.4198331967685936,-0.42758915613509196,0.4323878866335225,0.26882212312179327,-0.4816960385198696,0.11852901787985683,0.20516793806260952,459.24284942696164,0.13011326212118102,-0.8362808959331357,1.3745646367571627,0.5671142829886384,0.01621201178900721,1.4289961436834557,-0.7089643825513663,0.3164364861782899,0.8178152646599273,0.02448614891816691,1.3508589166856837,-0.23242283052194668,-1.8068015493560818,-0.014380208219097157,0.4088837642730223,2.4814343734788036,1.1713475664926143,-11.227153645114543,0.27262455817982706,-2.1882082102590004,-2.8104343550178856,0
0.33682364968511513,0.6564144969755477,0.28434143637967446,-0.09828247339632526,0.2400580639095564,0.05438432426397101,0.6058851224186597,-0.5681311745157929,-0.07924847911700546,543.8250587122965,-1.8422040570374727,-0.28414819413223485,50069.284674433664,631.3302516000548,-0.8413752773200366,-0.8535749204194067,1.074963083218445,0.37814954905285697,0.5515678401734649,-0.8067462284771671,10450.701601221073,-0.22938266215417905,-1.8809960672679407,59332.82498657656,-0.2776513216256108,1.2120983714557352,-0.18578914167780738,0.6037953405401341,1.2588932677116362,-0.3823414011731288,0.15701698895651173,-0.20228339801399958,-0.17053634624334785,-0.1071124465643139,0.12043121488060148,0.5987267445826613,461.76137669688245,-0.1923306096331851,-0.9948775206140216,-0.26308488127415386,0.23650639870909795,0.19248328515230365,-0.7255543902045748,-1.1187491833840975,1.4892365426266532,0.9648409791623487,-0.22445127262404987,-0.10354646948945774,0.9306466894293616,-0.3242254737344568,-0.014728198212338785,1.064522962222404,0.48087871327452764,-0.6554820016597083,135.95548444764646,-0.2611000448575773,-0.29411162958196835,-0.5401094717295287,0
0.5668087441092278,-0.2845541292404124,0.4510192639240592,1.3958660890947854,0.3384449831236077,-2.044724561199239,-0.201546820532967,-1.3340492261741477,-0.3040010244410663,617.4962651861749,-0.22833372994419548,-1.4687673011852842,39015.168937366616,674.659495717943,-0.0840388405272759,-0.4822967717909872,-1.472928253354167,1.0564511204263565,0.02815453852224017,0.6681454905458725,5674.374447433917,-0.1652829154330592,-0.3009107107150822,50979.100166532284,-1.2599799840087722,0.6192043690585254,0.40838358419587084,-1.4229898141518829,0.13107796401915434,1.376394762943033,0.1299676647241425,-1.4495535410025864,-1.609854953397546,-1.2828381103547364,1.0924606449239547,-0.9178276154759908,506.76572349224284,1.291399843094586,0.20483981724158756,0.7581287985209729,0.15743822553573664,0.16616989312307504,-0.11498413159276667,-1.7654577353288747,1.1903380940641826,0.328404739768222,-0.18482530215546486,0.8331135666068576,0.6141184387696836,-0.6891959822719234,-0.011730164737513527,-1.2530798712613191,-0.4354110705371017,0.17163875827238873,-105.16658608874148,-1.4685907195753893,-0.038554208761785225,0.09988962968351481,0
0.23991186415813098,-0.5508736529255579,-0.9429296886174998,-0.18468726488464482,-0.6647199529675041,-0.9765761495014826,2.0137444010918193,0.6111166599760728,2.3292144709635063,713.3559425998702,-1.704914270948114,0.22643950709658758,25485.27851456836,768.3536607458677,-0.27548059753917703,0.47316596137105776,1.5357084833903123,-0.4746401650008544,0.536579022346951,1.6398669808689847,16801.763309711714,-0.540406805627531,-0.10422814852954607,20492.876832797774,-1.1494291782419366,-0.6198068442291065,0.7433004547982053,0.01855041939601664,0.9682398775666363,0.47432289087418394,0.846889975436027,-0.10833967414336408,0.35151931952804333,0.43552344656113157,-0.04376872996008865,-0.779208842910735,457.9273388240017,-1.0787776950122898,0.5239395010920871,-1.84258394439668,-0.9877972686247114,-1.1212412351739005,-0.400445831676967,0.2875909905026135,-1.1864276590527656,-0.293960013827637,-0.27722604139267687,-0.4462647559447585,-1.5226560016943447,-1.5476753795899216,0.01578018689126029,0.41190622440533237,0.5360633373658169,-0.6900992504955407,-79.80940717858547,0.23406924537507753,0.41606856357026517,0.25804589754496043,0
0.8081149167748065,-0.4209563816867884,-0.846779680693,0.7221876212126724,-0.9900968237258374,-1.141744846524569,1.9126852247752935,0.11467232446393094,-0.3795942605013116,563.5104141928563,0.7013614536397849,-2.0635337116241113,59108.89794457055,643.9115736136488,-0.5309217768989756,-0.7316727351863581,0.006198937605321547,1.079056238279002,-0.004263529641971686,-0.06223886007856881,10929.213567158398,0.25858057730144646,0.9445123128744541,99213.49079758569,-0.3320199850203252,0.36232704343385214,0.1080523350033297,1.0583117343893647,-0.9535314550535483,-0.4175153971297693,1.8038432783805933,0.42584928520523513,-1.1289999441060525,-0.37632361903123157,-1.9967159149366671,-0.5366184146939456,472.39872187275864,1.1330752723476996,2.4337103170693135,-0.878999945810738,-0.3902881845489519,-1.31636441205565,1.1857526215171117,-0.8441139236369837,-0.816286269841296,-0.19678771951904506,-0.533591724406057,-1.0835366183095716,0.9241154457998937,0.03597286892617796,0.015002243614636025,-1.198620167008509,1.2082866240985528,0.5497876893459124,-2.7035583905660743,-1.915565402231438,-1.206292902076377,2.748060936729125,1
1.3872261640307757,0.7048971513637693,-0.31199554515653327,0.08977271330768441,-0.8894346669490748,0.6173499783098091,-0.22592492535857214,0.8420261240094433,-0.3094958130773822,689.0111572272251,-0.6988404606248666,0.44081110294512954,63236.41857378015,792.3218500358086,0.5807252214600618,0.5286969693105978,-0.12891198232825948,1.4350346022271752,0.34981027546456445,0.593163779972637,-13180.048469522771,1.0395621497128003,-0.30895601111163373,66432.9746393851,0.4633399762359468,-0.05489246276182568,-1.0166999944098765,2.1687308278356365,-0.1728358187448211,0.2715237535596731,2.6785378489815854,-0.7730022149981517,-1.746980555599811,-0.6226650849326472,0.40881671232226335,0.5915563069958851,428.78011190045504,0.03764392308787863,0.026987137995290438,0.16934099327774702,0.8855870046668386,-1.762957761485138,1.1573846017030376,-1.5494247284581963,1.200714657996996,-1.118597239441667,-1.802065336173067,1.1848158643264968,0.13486559368181103,-0.012259577406600055,0.0027167250875454797,-1.919300177016083,-0.4044289588855846,-1.4279858796367584,-42.663705436979996,-0.48244789893262396,0.4617772735314855,-1.049913174908204,0
-0.45341626114644334,-0.014409440109320559,-0.35409549902977616,-0.10686136485819044,-1.198424426625244,0.3802016969780392,0.7506609504592971,1.500677041148549,0.3327611745941522,623.0037972712573,1.3153481806591463,-0.17845146761032862,47365.56925475861,662.9986088553483,0.07178054694543233,-0.5253681198933149,0.7709434852106918,0.38906135713710566,-0.32115575047933853,-0.01988684763295288,5425.395234123424,-0.058728173300479004,-0.30697951084869907,44664.639165768574,-1.2277034443871906,1.535081028984263,1.1820911830123915,-0.1684441653500834,0.19294831188694594,0.9486721108902522,1.5299230476066268,-0.571258207530083,-0.2546655367705681,0.10325929095685411,-0.10232514373262527,0.9739004071291226,517.115876010264,-0.3372860459271034,-0.6972183100114354,0.8881185585544634,-0.5643831544678214,0.20340414779277416,1.5258890700191345,-1.1955019431062053,0.12765957728532015,0.5172505990006474,1.8210389547635768,0.11709740432136653,0.8572123992879501,0.8670973794216646,0.031111616097462175,0.4394181716975744,0.333117702075513,-0.8226157639170433,-54.92788962311691,-1.4826792144259167,-0.3770310219652039,1.3802561192659777,0
0.8425570978917963,2.0896416772309507,-1.222438242789033,-2.268849290999531,0.5320878826596002,0.2992238576392563,-0.5376609592666031,0.6895117733051558,-0.06106162794940085,685.1951358959225,-0.02922355578618623,2.186533856550408,63445.12022435061,775.7040202399156,-0.21600002148867245,-1.119116058271543,0.006635911174072024,-0.9200479939172359,0.24854108631267777,0.05410939651955233,-3832.7629466396916,0.12334511514015381,0.8466708080581863,69987.81956937548,0.5847206425614132,-1.3683660456640259,-2.778503324674472,0.05360838395685616,-0.13478928683992056,-0.3784306125022324,-0.6179859822329675,0.04266174031444879,-0.5027279904764641,1.5365287089939108,-1.005947822426736,-0.2384974916947362,355.06058197728044,-0.28392472051644924,-0.033588836011199705,-0.5071804206752457,-0.7359094436238012,0.6368746653154335,-1.0043761975298633,-0.4154247745703483,1.0028402894570876,0.5868735574852189,-0.12458632138938666,0.036468457952358084,1.066761425411394,-0.39912713210577483,0.001513897142256624,-0.39599295633977866,-0.3741215687856029,0.9238302484776053,110.72020388407284,0.18100276177253236,0.6926969894734514,0.6488251959633948,0
-1.5989152155065822,-0.3982543109154473,1.0329176920361427,0.1552470834047222,0.5944120078445068,0.9046444932014618,0.3017729425075417,0.4298872045863536,-2.002029097030348,708.8004991039032,-2.201683407809808,-0.8745659324476636,46442.696460437684,775.584139286261,1.7728725537297214,1.9768066204047057,-0.5589570119832526,0.5033973356352583,-0.940223175742822,1.5212676287991185,-3822.210709225565,0.16770053373133542,0.4246247050556222,32747.07118675478,-0.21180149915484325,1.038218142615156,-0.29354389969738887,0.15127489694872975,-0.5059115503348122,2.345478159882352,0.06631152219922262,0.6422929758080912,-0.5751045076215345,-1.1300025688062225,-0.7387368951216545,-0.1185971628537736,447.20554081232046,0.39011084085229897,0.37247384011604473,0.6928935979933876,0.8655046038471403,-0.6710174513464142,1.0831341326130306,1.041081391172111,-0.014880677226434654,0.23102109554518913,0.07006588470814518,1.9651358583277088,-0.9273367897605604,-0.4487947070939508,0.0021591811738723467,0.5459327944111431,-0.6572322977760807,1.9071846501925402,61.210681993119834,0.5906720408561957,-0.5078151509444578,-0.03749259404484138,1
-0.1854683441756047,-2.221189974479756,0.2663862743926318,0.20039384282571404,-0.4013213872760506,-0.47662001455397385,0.6949349844114787,-0.4711505133869771,-0.3927911261022495,658.9024834400453,0.7938717955584579,0.5137660359806852,105570.7711438181,774.5129446929365,0.029444209790478296,0.07336086234350528,1.6699224975398306,-0.30970509554095443,0.5322731078607749,-1.6178132019547102,-5939.101137376321,-0.52668537965096,0.32281353709441024,113284.80932425705,-0.7253420030622649,0.42753554530361004,-0.0030672849437521923,-1.0340018472014598,-0.5927616710427062,-0.5379758482700001,-0.4796924846859297,0.7093990935363131,0.20257657492823516,0.7536438168859643,1.6876500674830694,0.44541269618980506,479.95671948347535,0.09402808320181671,0.21904440863098512,-1.3671841766320474,-0.684946567427833,0.5547845376371497,-0.6216055195579795,-0.08834062435979806,0.6982319931998927,0.3185822003180361,0.5843400006808908,0.3209678484687334,-0.8260566952619169,1.3958534827847664,-0.005514505340859542,2.228503624051172,1.4411351845341305,-0.05690755232907302,-94.35814356315993,0.5419926068098558,-0.35868598575754473,0.005470457648740216,1
0.6337206387969133,1.5262146334745885,1.18989267956227,-1.0753070196242833,-0.8163094664933779,-0.442509416288468,-0.8133165779671419,0.15341200593979282,-1.0812280431159098,615.3388533872461,-0.685112536786251,-1.6771086175449987,68825.18239819139,703.6297615082623,0.909736397162476,-0.7143467972860588,0.2768584360286781,1.586873447674775,-1.5356707644276406,1.1429652660956764,-14043.280245298169,0.35043139845320365,0.6041862671616717,79703.08345145122,1.8236873219218643,-0.045083960264361074,-0.03276132866510204,0.2673228369665182,0.07845163809549632,-0.3588092394956545,1.1497551041350758,-0.5841496379263607,1.2346109196955246,-1.7432938516828496,-0.33153071584850824,-0.8794261807142907,476.05216570332556,0.6998803420493773,-0.21619593616076713,-0.7274376735219865,-0.36450210349967127,1.2733115191641513,0.16759501080900957,-2.0280420726644506,-0.22385912781587883,-0.00666442047842732,1.2396002585041745,-0.015512716085756615,0.9017657788424847,-0.5345431251189813,0.0003163740149767792,2.3611668944923427,0.4726880026137969,-0.9584749283581924,81.34774320038477,-1.2002287044390811,0.10228481283400101,0.41501397316897654,0
0.08028502177309134,0.1951145210516178,0.2857505475642861,-0.9285657993494495,-2.1758847103243983,0.3164393016349174,-2.1050983321675023,0.3865215355460023,-0.3959593482250788,784.034207831092,0.18262135380927944,0.1653249611054361,37194.0886457369,852.3699689960196,2.3921623275018415,-0.22705707672136716,1.6601313498838526,1.2949374909906213,0.7800513942382274,-1.1707570899705548,4504.05480124247,-1.3132776517394689,-0.7186471852813586,42463.63465688166,0.38487986116130035,0.7887455153911606,2.1460502720660983,-0.5798230214569817,-0.2087344008289522,0.25337235689343357,-0.315193967032152,0.5778124770983752,0.2540634352661473,-0.38373130189093174,0.015254293389210848,0.59887291629193,368.6371020745916,0.8378091966979169,1.305730975557413,1.2621938223661067,1.2440930463421178,-0.40924751567665524,0.17188374661280212,-0.31124067149954354,0.33196983012342757,1.6871548729941397,-0.7356383494114039,0.07502861581349107,-1.5320850342295826,-0.61009494009199,0.0008433483059718759,-1.010591222253876,0.10315226987564631,1.37317470152664,64.0161355455583,0.2866098761475264,0.3992975278107254,2.232488828599474,0
-1.72410148643428,0.7513378018995571,-0.4795753181947114,0.3793449686828461,0.8819096991672615,-0.3956752859867537,-0.1534222005413776,-0.2722350179725612,0.7584782352656968,612.2280530084382,-0.9180678902591787,-0.5654859751868592,54736.33105904009,646.578906714634,0.7849627335743752,0.4137143001939463,0.9133148322396519,-0.23109837445902776,1.308605529677116,2.237618279872044,-3141.942580816981,0.3364624068251286,0.3675183704008486,64582.20624976296,-0.19178819281300175,0.4944292122371524,-1.9771419021632712,0.078342948523351,0.5708352387813069,1.6844533686975707,0.7386189817315918,-0.7189814168789739,-1.4482361427723212,1.454116925578238,0.3436492278901498,0.14634628863822804,417.23129283072507,0.9889006646977204,0.6266011139038984,-0.5677316361793517,-0.9166536592410135,-0.09122935255875253,-0.048653453381375264,-0.08029083589912578,-0.04257650741297933,-0.9102189683447504,-1.553230396491624,2.1057817275852537,1.3191277715118062,-0.026030758534419288,-0.011167523504026859,0.6565100530614205,-1.8718806961145562,-1.6861131986290312,-173.84813522352795,0.27389971039289324,-0.5492637317407336,-0.003656981099367568,1
0.7212353675757411,0.9365232571274387,2.8410743889028507,0.6154244502682366,1.2270857392270773,-0.6960756218355785,1.3869234315760852,0.9240390037720356,0.5579251339771965,645.9798875903066,-0.566369112016513,0.19665186758494504,17863.9403292677,741.9087731728544,-0.46622580613557024,0.6117840796563468,-0.14295547038846915,1.317099258648307,-0.06434230369457834,-1.1681994732934284,829.7250537583072,-0.850381472311531,-0.710386558169393,25696.10789768197,-1.2588678437035579,-0.9120691990745703,1.0551573742819713,0.6657783145245412,-1.0593236295015231,-0.5233986507181488,-0.18987281254438154,0.9427655591960997,-1.3906210906978476,-1.1158293375412127,-0.1465238543034457,1.1476956545343466,563.03541599709,0.16522351753530512,-1.5006421373504488,-0.7453909103684285,0.43468392718825494,-0.878725984669688,-0.06755360592453362,1.629532480031991,1.6655108038309974,0.4312928358783423,-2.812542195252271,0.2864919787812134,-0.281786047495435,-0.8990390652354739,-0.0008186675395111452,-0.6759570828134126,0.03830747075237385,-0.9305965421323814,10.657453532118211,-1.151630489561642,-2.380297009552669,0.11569841446653545,0
-0.49345338289191476,0.2951938451954143,-0.5241329456802872,1.1443700072203207,-1.52252667387702,0.5776577423199648,-2.3054682285027477,0.9050574528050482,-0.032059950748309286,720.3667584389254,1.1989567584549952,-0.5126600527799765,87762.27797881166,809.4360724883547,1.8691762590936423,2.122172408562834,-0.9633485581163402,-1.943411141492058,0.46081961012372247,0.05805347943755008,-2494.5528993424473,0.9808752240910604,-1.4225505231024587,95357.69339245583,0.25468237553719814,2.311802381277369,1.660274782973455,0.13743981634782731,0.4165741608236479,3.6756576865888118,1.7813141487422766,-1.3072137885112793,1.047014182352123,-0.6758822167886743,-0.8455872179920496,-2.1618992947877533,461.1989132024879,0.21766026542145822,0.10466101460476966,-0.5896301581304508,-1.014619624064552,-0.21912426683754008,-1.1427712865954205,0.9283497506587605,-0.16666758849511415,-0.45880006548217167,-0.3033539823369118,-1.2405515485398835,2.0127029562940746,-1.2171441244445966,-0.0005815231303279578,0.4688152678479659,0.3090451409223718,-0.9619622930878067,-27.422754384867172,0.7341466328975885,0.3582413668528397,-0.13588007587667555,0
1.334482107683955,-0.3014347892639189,1.2972648280146126,-1.2504696844718448,0.5829837614830077,-0.6730905407828152,0.11475845136544979,-0.6153626066435705,-0.6178691681060706,408.7190530113924,-0.21304996198968193,-0.0351516440931984,35800.0058814252,500.0436270305614,0.6735652813399297,0.8284957808759191,0.5183860917723123,0.45828471873784826,0.3812977622710948,1.50249875267697,-10614.197101861348,0.6371412068949796,0.9134864252093039,42902.4995977666,1.0253118450164191,0.5116704389921486,-1.7634817879257456,-0.5477145556883742,0.7568157801542806,2.1893113289291852,1.1780781963479774,-0.7312709204235395,-0.8601712749198737,-0.5470716354189461,-0.5004053468638615,-0.5849448575615951,510.7788582346292,-0.8998138886515221,-0.5371971068021756,0.8346866323201355,-0.8035710021877355,0.6609427793725349,-1.2881245527950747,-0.8603298294838335,-0.9170336869329321,-1.1440848914875739,1.6080303816146806,-2.218716097207258,0.6017641039795123,-0.5300298753186569,0.013735277390087746,0.17083159983395674,0.5970110000748383,0.6695306581136289,1.210188306603573,0.17574491462581932,0.48717102951713925,0.5948015529011964,1
0.5944151103702981,0.08566504433180924,-0.9830311667688877,-1.0064246906601138,-1.1863220362018982,-0.8016688462614268,0.7973617258683847,0.45890439187179877,-0.8007874313324569,721.1376720013103,-0.8934831689720164,-1.5785846321892565,73100.46916999354,786.1797890540479,0.10535184414666682,0.7945701691705754,1.7111516379667895,0.05631273976163391,-0.30164588601031067,0.8944104661535947,3648.039635342411,-0.2271281611856611,1.5675737273286874,80855.81496701267,-0.9129790294799638,0.3107019314650849,0.7352145497287019,-2.2310281683610347,-1.081881466036875,-0.80393215205155,-1.0381986687179336,-0.6802459016092091,0.4554931442767953,-1.2020885930514245,1.2845474892271582,-1.1130886148762782,484.97885046748286,-2.210551433532305,0.1403452203906693,-0.46717467907552923,-0.5316807813261264,-0.7508204490350272,-0.590335639138527,-1.3550589230186354,-1.701158543256555,0.4581361399336797,-0.9680867147437153,0.014489755451720323,-0.8785704398908636,0.3366280800393846,-0.00835407288095571,-0.6220397716830439,-0.48860460406329653,-0.9096876724318589,197.1219207636214,0.3692083382151311,-0.3370853877438229,-0.5462110773932801,0
0.44224942564369313,0.11069096733395946,0.856410559096664,0.7750654854844554,-1.710474095789941,0.5891635968587106,-0.2716914837971456,2.422204233022825,-0.9425556466138322,569.1487302863812,-1.3738892375487954,0.7892481328520348,30585.889510680187,609.6770175294146,2.5125833451104436,-0.10054067328774545,-0.5191538696771175,-1.3981491039917306,0.9635569134122991,0.10571445281988062,-3841.3411166575956,-0.003323510132929853,0.40890591136999316,36632.48653095102,0.5450050993291649,-0.27296849486407443,0.7290622098695033,0.46891347263782107,0.16844034351530518,-0.0007364722430746234,1.8374686046253093,0.17958950351296668,0.18799640456874947,0.4915603376175534,-1.465462468981407,1.7657447313345875,545.3347984437487,1.5027424665992568,-0.18392641296465495,0.4766813774392165,0.17461778307383116,1.1691366037520436,0.509002083632507,-0.3909546225855779,0.3812598235180597,0.9357006920000005,0.7683771565895554,-0.7468413175715131,-0.2521406874668569,-0.6496233073997008,-0.01012692895658924,-0.2406789343842912,-1.9189393151760208,1.6180459990788671,-5.691786725767687,-0.26875077047958873,-1.6117642987969496,-0.47685186207832375,0
0.7010857697064504,-0.7090114653062364,1.0395050827301922,0.08590557806404522,1.142530721683783,0.29933380889037275,-0.6202102764795799,-0.5531758281867905,0.7283600341420569,693.4834767547376,1.5110097085652028,-0.35190107387137315,11060.759586456741,748.2511123557434,0.17953098261334055,1.2884771082768804,0.30058141500937147,0.22703691659961994,-0.11305818760298043,1.1117847774275154,3005.3146683309833,-0.714174922217959,0.06326645413635738,-5870.946477089441,-0.006245437882398297,-0.05458051526115705,-0.4595358711788326,-0.37974161558826525,-1.5887093492304467,-0.602582438337198,1.47217091700212,-1.2650900927383124,0.6983634377406606,-0.23511900487191933,1.6431738478421372,-2.239153998977371,508.6737313482246,-0.4283314439466952,0.7886238183570896,-1.427425931264124,0.4600464145672514,0.6386703209845006,-0.40855341529676487,-0.3931304831766976,-1.2715102172822665,0.9870225999464247,1.2324004035096665,0.5214718113608852,1.1252210101366498,0.1915830427360676,0.003973225981186198,-0.8924806452905106,0.0178330468288887,2.172938229743913,-51.90147912500611,-1.211923186623425,0.14300131560327953,0.729513337745012,0
0.5487349446332446,0.7603504804355982,-1.8388119296664016,-0.14667020004145598,-0.9706866941872943,0.2047485783754834,0.22262945352644384,-0.12808619693683962,-1.6971363990853172,616.9226604325208,-0.2636801243906646,1.62303737835525,16543.094247057954,681.7090612260117,-0.3110682569134277,-1.64397754317709,1.065893428127177,-1.7624847568360547,-0.7233965076618036,-0.606820903952126,13282.725753002305,-1.0208906514254448,-1.6997329864488917,42325.09422449006,-0.506103091262697,-0.0991746974981344,1.1795847829944481,-0.34135553758535925,0.5811252176563924,-1.2435589967303498,-0.6556731429715166,1.536661910655797,-1.3901431896200283,1.0767478615358383,0.316036038550085,-0.8093741431249644,533.302069537016,0.7179167717074557,-0.13406418317303462,-0.8049603928497495,-0.7948067749979989,0.5833790776962741,-0.049991561393402995,1.9580523168040087,0.826413225759261,-0.7691793712454352,0.443022220705287,-1.6657964114804231,1.4900897977286545,-0.8144403757148505,-0.01852169511956168,1.028077315359562,2.31607011002141,-0.20186495667650195,53.6583506525887,-0.5763026093993804,-0.5345342436873987,-0.5219686865007489,1
-0.5493981219466246,-0.9573527631932117,0.03460407808418406,-0.5135938787813044,-0.8809268128327555,1.3599667729100222,2.587481654560647,0.46530932768105154,-0.5113012038122439,768.9325535219517,-0.40669438683206954,0.18135010665097662,72145.00364484134,833.9724880810566,0.05898124434930441,-2.2635347097817218,-0.03735702018005252,-0.5791188968345813,-0.6128931587370194,-0.17951882815797715,-19025.173913970957,0.6834302601523693,-0.31300262122773786,79112.8850474821,0.6364257310786499,-0.10986189082291882,0.6619230584773855,-0.6258625592237348,-2.572439835538151,-0.18323885796496542,-1.3536669143282116,1.9893526855267647,-0.27541406923324707,-0.46998232943448526,-0.22536920814431613,-0.011408913992930172,558.273121942583,-0.04202931331700782,0.39078540598758144,-0.6468858540558546,-0.06923083351910837,0.7006671462807564,0.6826107995114234,1.874925467382637,0.5753499543089746,-1.2811708042110674,1.6901457351421143,2.461224935795516,-1.2707653694711196,-1.6793790629515464,0.013088628209046863,0.6144559936490281,1.7185587189518021,-0.854891456615968,-97.24229541897218,0.05707257846103328,1.041689637121131,2.428618925265373,0
-0.712808371435769,0.9150801240654551,-1.210662755977391,-1.1580362395782948,0.11419820176788072,-0.4779692145566281,1.44068255677135,-0.31224297187581523,1.255825513187943,635.7897911471725,-0.8259335150964211,2.0309158721346656,131460.76192666826,685.1640578914174,-0.2554637471178541,0.4208556953117849,0.18608600193208855,0.004301014392038976,0.17049184268285789,-0.2196321986554146,13423.298830055784,1.039619619709787,0.07271753951469256,152518.95397384837,-1.1087147348302928,1.3402177299617462,0.2526349606148361,-0.3231830448922253,0.5109581420211589,-1.4881635543426777,-0.08542243628829467,0.9148080892618555,0.1338147012158615,1.8666412544503672,-0.4851356758784138,-1.212398576296848,576.5148773901005,0.8832461849477875,0.16797884745728983,-0.40877005656576687,-0.7017349570318653,0.663768434392195,0.4880717102351633,-1.2368931391602407,-0.6762158083748783,0.49317091688107234,-0.1901497148874855,0.24729160532750777,-0.913218693191419,0.4651045431579167,-0.019875598119749906,-0.1591594154711664,0.15193136926888234,-0.23767000000770544,-213.07695475090293,-0.4099793145729574,0.33191203894986504,0.04702911531803763,1
0.4133655086662027,1.9828362263997739,2.179705862655917,0.9857804195356823,-2.6151673499392665,1.0044602472265132,-1.3641997326382922,-0.28872666572525413,0.3232670319927058,677.4588612486309,-0.6561766465848153,0.06757571683082393,-10687.222416059227,752.2712720210881,-1.2240954699397792,2.1688065024314915,-0.06972896913730614,-0.20336932098123237,2.3514593475098464,0.6202950212711472,5407.3649301711475,1.3204557515329385,-0.6837621726625939,-5190.83340517334,1.3393847084632566,1.1443999163764533,1.1201316879535352,0.14875440250431257,-0.8768111225055938,-2.159610226558962,1.5805031435542518,0.786763802704909,1.0945712180275944,-0.7612590897426306,-0.9999413173047574,-0.11368059385266756,449.1637808927513,-0.3407603003525991,-1.137739660253462,-0.046615278594222646,0.43906102408344105,1.0748272189121204,1.0650538036496466,0.17203714891236996,-1.4851323570578505,0.14810323658726884,-0.7639115207220212,-1.1031886801146369,-0.1861216743544397,0.8471609584520673,-0.010406730052391584,0.8837206046944392,-0.476214679819261,0.0007690308992573158,-101.8208502776993,-0.3438540099932522,-1.5732923231905158,-0.20607656451894482,0
1.1274749652138762,-0.05783441829736325,-2.332026754642853,1.686954715061743,-1.5894335647826587,-0.9356571809369864,0.24730684236321213,1.0707297296167217,1.0055105525282313,697.2218495880433,-2.310889334439076,0.25846025839934433,69460.2465741846,766.5386261513079,0.9160059831693984,0.6669769321156586,2.6024718009787486,-0.4259631913623497,1.813978498955861,2.6895814276478776,13330.628738348922,-0.15425940233712487,0.0056501035186692,80703.94278533984,-1.1265699299401857,0.16504491553335218,0.1409851291731228,0.2830708954371044,-0.13490700831969177,0.08706406265393889,0.4182110814173567,-0.5879011222560965,-0.1651990552765846,1.6323100381766167,-1.25917923175269,0.08473478854551385,551.1404363935857,-0.6594763818190275,-0.765104542093223,-0.9374538908954838,-0.03004667232156427,0.1268253888908919,0.16828228936224887,0.08824901991523196,1.8364446071643297,-0.017844664018594553,1.3177157135849347,0.20941426142780484,2.022325292217184,-0.46458230354291963,-0.008774232872590144,0.5083780312801407,-0.2940509488972222,0.5987116556974913,-219.09155295467048,0.03878544360268592,-0.4956433251010597,-1.413049992747656,1
0.5700201744948116,0.24662649249318822,0.42857527414215796,0.08565993628783375,-0.8495101103148686,-0.054179135730953655,-0.19654121658320986,0.15560041568034427,-2.4062070915774902,583.7189152349456,-0.07531736966056474,0.06802683193853344,45635.275464172795,683.849032408921,0.9937797604409958,1.1882705890441716,-0.3583801526877266,1.1124853162324948,-0.33367008048653946,1.019061971722937,-10610.748650798352,1.887932186840787,-0.10513866054690349,51426.607754172146,0.9231102276975337,-0.7279854592021364,0.21885321532276725,0.8736030675416866,-2.091427180302045,0.23001604111066423,1.1863980839655137,0.6082668597414082,0.8700049876407511,0.8618139018358758,-0.14709906155931396,1.7656403379554453,473.9144026961276,-0.2219251208720872,-0.6104486852000413,-1.26398589316394,-0.04888547786062347,0.1454615511620811,-1.3989125023557483,0.8815854760798918,0.3321236913590317,-0.49773652379117744,-0.8942861593034828,-0.9160660784673532,2.2370781105665887,-0.3695941703638031,0.0005418345122360183,-0.17175089642940947,1.0393618899643422,0.005443412855048762,12.892542194895626,0.6965493515899384,0.21776718654781752,0.5552259328874527,0
-0.030004656582972127,0.000522193077708609,0.3397611819587318,0.662263741723912,0.7518672280992071,-0.8936948575548772,-0.06657834944143765,-0.3041933323282167,2.9229696538919856,644.2311996230377,0.09481899113438672,0.7634465546486825,58218.31168213454,702.8968424918945,1.4420887749147828,1.630779571652355,-2.165260062762742,0.21302423097485046,0.11820594919685205,1.3432104165837058,-5312.1742898055045,-0.516878619413713,-0.7285720286434642,77049.61150677929,0.33940098395738155,0.3327185792789822,0.6090934773845649,0.9687560454928772,-1.4560144103242245,0.5405680704593799,0.3882774164217435,-0.2882042478789896,0.3946981334995063,-0.12919087826017545,-1.0420149224263477,0.6716877981436603,499.0918710241267,-1.2665711392460757,0.4120621017445301,1.2892602643187472,-0.5016332353831688,1.1800548410123513,-0.3866619992646979,-0.6792530476626235,-0.328644685912639,-0.1483064757033606,-1.6040639706376774,0.810430262898596,-1.152596662212115,-0.7901928462550721,0.001644001246716665,-1.39376902802222,0.2736968120130933,-0.5360075647718597,-29.32537723454213,0.19826566949928334,-0.17132367999743164,-0.2701116940544889,1
0.5432388788105107,0.9971297187897931,2.0481770935281824,2.130000191558645,-1.6660607828389424,0.6010772078224164,1.361018156905846,1.1969773186873471,-0.7190379886380927,612.4689574923383,-0.058564362527313445,0.3854848308656029,81157.8013539092,723.5973752067267,-0.8559782366324243,-0.3602288720931389,0.873503621252744,-0.29695761333780585,-1.0657008835489459,-0.7556774870588663,-578.7590140341009,0.37491631210774556,1.0751084328344498,97701.71213317133,2.007358760845226,-1.2144799714783592,1.3652824989610044,0.08691952789751124,-0.597867825051493,-0.896278008678906,-0.8674856856645108,-1.2219850127217582,-1.2686106775961612,0.44987901412588543,0.26673074965416355,-0.8318212114181046,412.4405939993291,-0.5940128059974628,-0.3018738021405132,-1.143165971225962,2.2389586046339174,0.9819923051160958,0.20864707882511074,-0.25401914890992455,-1.8106114316033424,-0.98985087852951,0.9177283298138667,-0.9301985962686097,0.7329766569865042,1.462015419546135,0.004188552383996171,-0.28975897881049195,-0.18225330197831488,0.5161190680167216,-206.84909893608844,-1.1849125192911554,-0.0816483445829883,-0.8001606838476288,1
-0.8155265658174172,-0.5010663763636339,0.3890296481869846,-0.4973969302655537,0.34831962791327825,-0.10492465772584718,-0.9047288037105659,-0.014738339464957782,0.5219009558558952,658.314468287643,1.3215536014488254,0.1296156168348478,63187.6182449231,741.6793089390297,0.588643900301026,0.7236333540873119,-0.26891515925124965,-0.7346620011746571,-0.3600640092019862,0.8647467803201051,11071.284016718806,-1.2640258094442935,0.33970979931343226,59242.94984772988,-0.2977205273342249,-2.1318879673064473,-0.6337232608112298,-0.053494012229107504,-1.095511734906147,-0.05975823144082647,0.0756873605210354,-1.6188430061114136,-0.4629751360055024,-0.849136999680612,-0.40340713706816794,0.9961847571097462,492.0821660107431,-0.11973582139255451,0.026830923122711292,-2.1544759532713504,-0.14472346891128313,-0.45912242903901135,-0.7812913510731982,1.7097247101357569,0.26270883412702234,0.13597973374257166,-0.8689665622426453,0.8822416212307999,0.5231357851470769,0.8223301979929878,-0.010956229054928783,0.9801365540025736,-0.42989465210641425,0.5690610344051934,210.01488440267656,-0.21227806436673577,0.2951254192582206,-0.6762404152157415,1
1.9794073450168355,0.2801609449514673,0.7682298584866633,0.26137995316390505,0.6723193551442668,2.043588369920063,1.7846778983755371,0.8285273361953045,1.026134631880461,535.0188589330256,-0.9384970046192241,-1.6127565336389422,63102.91093299286,593.5918800851435,-1.2121848199958605,1.9450068561066878,0.30585652497669047,-1.1701613307426046,0.055290788201917865,-2.7334804813347047,9987.342540126923,0.7366340960728524,1.1503765236355372,82100.9249273725,0.9729191141487213,-1.3810134015119384,-0.0783407635564631,0.04719130904194173,0.8061308116783736,-1.8061649008839642,0.3885823933914556,1.8071148718104064,1.0454913808123536,-0.2853953931088675,1.6237169147054893,-0.5704843237879577,484.1106313436137,-0.6778583007819752,0.5868490618334555,0.17174808775606737,-0.3091568789669532,0.8378765700128152,0.2643541624040604,-0.1849540826217275,-0.6024254511901329,-0.06351144613767526,-0.5301874137845056,-0.30178340036263107,-0.41115331069769334,-0.35077557196587006,0.0006081371166770797,-0.29288058487131663,-1.0031743903547348,0.5843015087086769,-48.89178665397758,0.5486048058443954,0.7012466447343358,0.9034301578171514,1
-1.00781885067112,2.147748700632204,-0.16231599067592656,-0.47260464289473153,-0.7233633198874538,0.4105539327869602,-1.4295201302178002,-0.5079517524207117,0.11012566610352069,578.5389302700304,0.8932578758522502,0.8368631000250086,78021.30550885588,626.3285727196603,-0.38156744195939435,-0.5674809474222795,0.13519347554469544,-0.8830151958837752,0.7826468767659648,-1.2437658045216522,10381.655183380852,-0.6958600334463274,-0.24259640032265012,90200.19043057348,-1.6976711748752515,-1.6779430618469227,0.6003424982177802,-0.03393108976025942,0.5942789906606888,0.8325973803743019,0.6560938910793283,-1.1835645553521879,-0.7345754282686949,-1.2018353945270601,-0.7231014708561504,-1.2238758998926174,498.1133328562818,-0.47441089811649795,0.11315555386821527,-0.6400760788124247,0.8656925370872499,0.13333194620205313,-0.5079372765925632,-0.4688380509682846,-0.6046388459171521,1.8013363842422236,-1.3116216673339431,0.45992667879898935,2.122700227625812,-0.2225055125251582,0.0005515263892795995,-0.3230642591140871,-1.0843114940327374,1.2031523613368975,130.11642219433773,-0.6924362129168367,-0.100118450545835,-1.7770905114015176,1
-0.12238296837145587,-0.005635372187138726,0.6205715195463719,0.8183415171772308,0.927994031212289,-0.14848231515451413,-0.5242796452178783,0.6074338204636011,-0.7400673927421487,528.3252570677629,2.39896702884063,0.07595125617874107,48689.66231300021,609.2142650090981,1.3502852049324992,-0.02200214014869771,0.5033250800258761,0.4289926516855568,0.7329150432678325,0.5112669787593628,-992.055674462832,-0.012763872330317309,1.9099407798646448,54373.42774997216,-0.7219605583299509,-1.335732146898692,-1.2685578882100745,1.686108118403422,-2.1591328409980335,0.5157779754814333,-1.4334518596012258,1.8999258295122765,1.178574304153297,1.5047111581685846,-0.5804682093134841,0.08031868479179724,493.8839882315635,0.3249063459916838,-0.766636492159747,-0.5275705789571924,1.8698506837797129,-1.341144130810107,-0.8253559900376652,1.280650524426531,-0.7559890224995843,-1.397208065989586,0.3919431449044136,0.7841173671380459,-0.11304167350620496,1.17211577006081,-0.03244158414415797,1.649790027298191,0.21502039641107804,0.39069983730955066,-118.34948917404007,-0.7279796249224312,-0.9432282158598826,1.253723639690234,0
1.527936614933066,-0.013603223897234026,-1.0395680754451093,0.3355077673574421,-1.7537602770432068,-0.6418781432254637,-1.423087544607046,-0.9513978756470707,-2.1771376770401063,589.872644311507,-0.9416606539596593,-0.7938756328946333,85286.18922692837,696.1064148799192,0.9065904765890564,-0.4407643161738307,-1.9212674824392193,-0.06832758942155025,-0.5567309061941229,-0.3308543457240239,2831.9647256652365,-1.6467111038475404,0.1647682665860463,107767.51494765756,0.25216109226068306,1.4598155466925613,-0.12612609685764897,-1.2679637868618379,-0.14162547719863092,1.440528280071934,0.7333880420184079,2.3078033496196872,-2.0589041451908967,-0.30812622735901496,0.9757430622456392,1.3761200297751754,536.1095583154063,-1.0655388485857946,-0.5964928715073494,-0.5339766827645559,1.0404398627835638,0.7947060910698444,0.20977516898581464,-0.7962343758283806,-1.287735077004986,0.15516000955428716,-1.922370684043355,-0.3006030198467082,2.4333029943055773,-0.6265810062237165,0.0014874163075048743,-0.38783002445539777,0.7519460836137121,0.2936324729893945,-177.3561114131261,-0.10015181348957741,-0.15096560446778276,0.01674583633907537,1
-0.07473450855344548,0.233528616827475,-0.8951710584081608,-1.4208635992820215,1.0122263492595378,-0.7551973399573247,1.0058757905228615,1.189619782078923,2.634799221284852,546.4023686481144,0.030564630528458887,1.7220402265565193,38719.610707410626,669.7208486456431,-0.5108866111588155,-0.6064615579841935,-0.22989274937359877,-1.2392956638283663,-0.24794020898063635,-0.952278905824968,-7862.453622102632,0.9982208686536366,-0.6665487430887153,62943.50008591076,0.7193801349795933,1.5764841262422549,1.752936289047464,0.4060246418282142,-0.9888737420852702,0.7507053281630632,-0.7858751966604878,-2.173881972650381,-1.3681571670635244,1.9066180393593029,-0.3151155097388609,-1.679046965828575,435.52784502423486,0.7996455694317187,0.021732041305737016,1.0630742413504466,-0.520736597344822,0.0031904662889656065,-0.13799423756330578,-0.2249247288738789,-0.7540799521339016,0.4780570301346937,1.4432122131013096,0.760173796329068,1.012981545216746,2.0984073183485625,0.015271558976038793,0.6498240461110085,-1.3272232209992136,1.8995128749991748,-158.7887492924525,0.6939843833171208,0.14461068317188783,1.0761894789118749,1
-0.13060176950513297,-0.27858452329700445,0.22525508193849897,0.6228934569245116,0.44100758119595546,-1.8695042155500816,-0.6024584232012589,2.3219600372673646,-0.028949387914377244,566.4583889602036,-0.04527043523557433,-1.2046346698453614,72826.42268386639,605.3081172769687,-0.2794274220952529,1.9099525272294593,0.1129303287059259,0.6227216399868787,-0.36981712977577097,-0.23121548195826325,-1735.762189774264,-1.4584325486812917,1.9927104883949278,90820.12927557508,0.3576387270651993,0.28478506450860397,-0.015133442593481428,-1.0983437766206952,-0.06775413963653144,-1.0922442218051236,-0.4700655952199508,-1.855757833358037,0.22680665897083177,2.382539635869678,-1.1743434197812614,0.8341404168158078,524.3883876717543,-0.6696150272829292,-0.6344111172309461,0.547671626102454,0.4364679227438273,1.4695571698457646,0.31570028089275215,-0.10713573244145068,-2.714414856163694,1.144617240629677,0.18373592450116813,-1.3518811733828466,-2.015715362684344,-0.646478266543573,0.0003237748729621363,-0.5192335550405772,0.31929847951112017,0.43499954377100025,-159.18286259754112,0.5866043583905792,1.1909096847789071,-0.7158947572527388,0
-0.06824438515144232,-0.27351090831486863,-1.9560867527880208,-1.237952481784559,0.477636452724527,-0.8276709178102646,-0.5776414428285425,0.15343881891486041,-1.1511055214124521,656.8161473523604,-2.8838358190106113,0.8887246484084588,42518.23955083208,694.1807172809655,0.4723459001772884,-0.21010160536527375,0.5541657753772092,-0.2117376563559491,2.0878093374005258,0.6711914276818568,13534.356386625157,0.9899932515632159,-0.7898223193957623,44969.78597123125,1.420895277898822,-2.3144279964544,0.7860635128007832,0.8893982550520427,0.5069938943428288,1.6966252803605288,0.23152692163880173,-0.34759142678089955,0.8977576840583248,-0.8271384077245058,-0.19600289371446297,0.6333170649498616,501.87335698298267,0.8915659936788652,1.6120128082914675,-0.5264954873906119,-0.46418471505441194,0.12191443105940795,-0.7910679934289463,0.5652537317605355,1.4690689703493478,0.6820526984093503,1.3765915240988418,0.9317585393915888,-1.063144830086766,1.3045474634278202,0.004658050690820155,-0.5357430459478586,-0.14252529932480276,-1.3481940399113772,-35.538243248010346,-0.6046218647536296,1.0847137476627653,0.5733657516827949,0
0.2863489215800762,0.40976221772342697,0.9560428042422748,-0.7645767948037026,-1.365517881519285,0.4163249827165619,1.6650064005660377,-0.2729054425136472,0.9031767715473773,639.1624406403537,1.8650436072524275,1.0349573002255161,52554.37558968203,679.2101833493191,0.8113225618123349,0.6944298256101541,-0.3538312592708162,0.09162482580069986,0.31185363835147845,-1.14050661646304,-7600.782112699578,1.0711495175710364,-0.6141159440094563,56140.14345283423,-0.026711409922279182,-0.2076004655597091,-1.021005776914433,0.4745677160092028,1.771234623768089,2.094931023070233,1.3517308219141786,0.1594309736532638,-1.13179858282531,0.581735027902587,-0.16548866497528444,0.9419675716629204,538.7949743634198,0.3192127445477264,0.5940237245049391,-0.9727552324473852,0.07460523316997857,-0.5598085624178684,1.1320378016181227,-2.3075230563686735,0.9375027190941152,0.3707412782893481,-1.114556440964398,-0.060210088703113715,1.405077655991107,-1.2784317617713825,0.010164343305114794,-1.793235762560771,0.9858740829209649,-1.1710843797918071,24.02219105551342,1.2121497820986118,-2.7487689941229223,0.31457262566608807,0
0.18889373123389971,-0.9937729969575959,0.9241860224383421,-0.45385995946193286,-0.3339949631159877,-0.457008868259206,1.5270637954041644,-1.4517912916773703,-0.39222728325193723,658.1015459956186,-0.13619241889191286,-0.1903860857088695,41385.32184105616,734.2191535810506,-0.124127736839154,-0.1654373174787745,1.1648438813416517,-0.8990084063453289,-1.0988917117630064,1.5656743267460682,12217.229699081283,-0.2843085060684159,-2.2344184519244137,56395.75604331829,-0.18132426788013845,-2.258016015520756,-0.5108317112139243,1.4118942774283847,-0.7058243660773106,-0.4613002799752298,-0.7457403707657106,0.6217378878673321,0.15589345795317922,-0.2840174887012556,-1.0652204872992277,0.11291881074435257,547.5359693662823,0.8410084949278782,0.19178089481320712,0.785473676010682,0.21342833674224168,0.9149950178451485,2.3058650345677143,-1.218245426779859,0.6684728795886661,1.5931237896665185,0.24405659407869243,-0.6566397346719812,0.06149091313921956,-0.8731726330318494,-0.0064184733432211165,0.9772760110084047,0.5748851457777424,0.4151356237869621,100.62515637089069,3.17863485142177,0.797516474525996,-1.2059055560393566,0
-0.858991087737373,-0.4261494323135787,-1.5519855509131941,0.9827280567421051,1.4331794948278709,-0.3714215104560287,-0.21290380639482134,0.6574829805360538,0.34758376227222265,609.3751509978594,-0.23295510189478288,0.8635171585030849,30343.516076163185,595.6000338030426,1.8710129746807471,1.3926635436959558,0.4765692102864062,-0.9751362028718851,-0.03448570100097295,-1.210149903396994,5986.18057333237,0.04437776509501835,0.9037965902859538,21300.69202861945,1.4992297645768862,-0.16089613682130371,0.5054428341845985,1.0930346663495385,0.617226388820562,-0.972144281361166,1.1659237495342105,-0.8696989211452105,-1.5848771393822665,0.7807561169271542,-0.14452203154502904,-0.18632552152040477,444.08529684136016,0.8887778726720713,-0.908161623623015,-0.703409063866265,-0.15612260932567879,-1.659553728854704,-0.07739355692908022,0.5557098524887442,0.8865786134827539,-0.6985018636720682,2.2481885702466977,0.2904221974143967,-0.30920450450368764,-2.466461998770892,0.013031223294964379,1.2667347212341158,0.8774566547169845,0.2737312461288421,-238.16791949963937,-2.327663535323838,0.22439728106485465,2.4545108083207827,0
-0.8356079586121015,0.8813868837983485,0.4894124302591626,-0.2929443039308344,-0.20201098444873697,-0.4018749010760346,-1.1706715351447006,-2.231971169925574,-1.9144482421890292,612.7333318470356,-0.248310654720731,-0.727328315430685,61369.68930223524,708.9924233910426,-1.3475046361224536,-0.488533616480758,1.303516877647241,0.13781750443077734,2.2722512603094387,-1.2085096109440834,5028.210572451945,-0.7997146840961605,0.24277290885716724,62404.29615500357,-1.2650136408988837,1.6044458540884106,0.0688564752026355,1.2426026485468376,-0.4537419028970816,0.9168986218387786,-0.8814841333418968,0.7342698469320958,-0.2998954428284266,2.0172895628479623,1.4099560803401932,-0.9690025659457983,483.9136186674969,-0.7912784985510471,-0.38124868490923824,-2.0718125257922364,-0.3435457201253049,-0.972951724296359,-1.152728590430203,-0.9551842761550156,-0.37969118573751254,-1.4498034350456752,0.20840374556281507,-0.6312105206799369,0.36421266194965735,-0.1771060548200772,0.011216322510952045,0.3408549679393726,-0.4069362221544427,1.5498300233276927,-91.46651008195684,0.5227742061093308,3.0204909278916467,-1.7149809570964538,1
0.597316107426268,1.0238402971725238,-0.7063700963575864,-1.9076874870767908,-0.10641511871198171,2.770644640280432,-2.8029236347922675,0.5242475898310924,-1.9085724379130709,690.6029921145528,1.2044527268302248,-0.3071637227379172,51788.478970650875,766.0173908585643,-0.3117862824306006,0.6333412787492595,-1.0879216641701983,-1.0990170519781857,-0.2149324590605125,-1.2481732077029875,6578.331572241856,-0.1108110735236735,0.08274685244818342,64167.00626658159,-0.5159814939126723,0.2768642661010958,-1.2917829395264229,-1.4035462826344287,0.38566813443095616,0.18327706575694222,1.2864823925453184,0.21368541768110574,-0.5001903391138945,-1.1130727256051367,-0.0741285991599211,1.8080011242964884,458.8010794671946,-0.31847344101444597,1.0492030917871036,-0.9761014558861926,-0.3492734165710961,1.5425500166742268,-2.3595451025267207,-0.5532599917281801,-1.9044730517863175,-0.7565015209070017,2.6998559038458643,-0.5770958150822773,-0.030861010637121114,-0.320391343225711,0.018840156965854088,-0.431481858939001,0.07968422369413027,-0.3269912923750279,118.45765991652983,0.5079327793415359,-1.338612504189409,1.1897246308848517,0
0.7673817270330867,-0.6026096530194627,-0.2527537238438067,1.8703791635551303,-2.4949375045759243,0.48578856531697495,0.7542045077576159,0.4948653746239366,0.9978664009819639,539.1833513753843,0.36198003528934836,0.27037094952037527,52353.65286902404,626.497445837637,2.131095689529273,-1.5428241946164347,-1.3707493197094545,2.331268609380192,-0.4475804638977583,0.6504634640619251,-5097.65712286214,-0.6718049340407081,0.7379094655935514,78158.11565662161,0.1360019733083547,1.3553499110179743,-0.3735335519648755,0.11571292883704763,-1.5016854154089372,1.3849759842303442,0.19684867236114778,0.9607983683466207,0.2232163099402466,-0.7362763102203467,0.5762029863447301,1.023863990780636,489.188346789253,-1.2216933289725103,-0.2618635036521168,-0.5490123734501855,0.6071631175569066,-2.0077638551734505,-2.541295088946556,1.7937250509569391,0.7902128576400546,-1.046950540027587,-0.6389857354555838,1.220213209973255,-1.1800796369266362,1.5207974735823235,-0.004500705185264086,-0.7942326692693056,-0.8367071273223605,0.029410017053165614,-223.9404477332216,0.7495493900727997,0.24875090782490852,-0.11501108358960603,0
2.2286416139274854,-0.9251188410365327,-0.25388334022305,0.3916702340750125,-0.04512148939827555,-0.10332233624278235,-0.9054111810648137,1.0836859562727073,0.16010193410868337,526.2993025645659,1.1351451440223346,0.9848374582836363,62292.10889187921,605.1525498233239,-0.630732177587211,-1.2865621718207207,-0.6874238436851783,0.8867168886362996,1.2985641033739588,-0.8036334749622227,2880.2433116673287,0.6373886928030176,2.438336289332857,61997.5640440672,1.0140939398874955,0.5103473685085463,0.30456529296110774,-0.476941823883868,1.9663775445944314,-0.3889466968309755,-1.4078275823578668,0.40829477617251425,1.7136471522108925,-1.365678626776146,-0.20002712775867673,-0.5489673930105572,566.3135760637251,-0.0358487104156948,-0.013435138928264676,-0.23238784768271142,1.4387694273199354,-2.7767841096587076,-0.24172951569757134,-0.532813326444151,-1.4582769470092565,3.149692615795602,-0.363842833156271,0.2354866991263625,1.5051206505981756,-2.2302528721237076,-0.00697157246858371,-0.7207353767876009,2.3013157769669297,0.3506954557628533,36.485235461628406,1.7852927967621757,1.865233894744142,0.6146917795158645,1
2.0472124953888264,2.5913398544502804,0.7343694275145563,0.4621241638868724,0.43224249025684225,0.6156689598188603,0.6760984098277755,0.09542258260152878,-1.8880090894774901,636.4598706038358,1.7086642835348258,-0.1796179157952354,41718.12565775414,722.6853619271591,1.603289087498545,-0.23526195876596526,0.9230981999654924,1.0534667060011065,0.8381409744174866,-2.1703981592309627,-6119.651695643632,-0.45655773151333723,-0.16375865076543875,50768.12120760752,0.4427714958145401,-0.7184713509947551,0.8217490233663458,0.6976312018391754,-1.6486344438357272,-0.9459577294130563,0.36950121042718875,-0.2571150143300774,0.5059515614624934,-0.786945968401997,-0.17309786046326173,-0.18436202076957398,517.1581012954244,0.12820718450505306,0.1383866248304584,-0.47900105272705124,0.49404084490806566,0.9314769273117078,-0.17374494198068352,0.3319474497435828,0.9712409730923381,-1.7365307296471246,-0.6288378195636588,-1.733895720742475,-0.623644523189887,0.24078604084402713,0.010176990175298583,0.42631633164546495,-0.9374356516934084,-0.5121825648113371,-54.16959109479477,0.007919013944533673,1.226007905784854,-0.6715158581376369,0
0.11059728843098589,-0.4529242849102767,0.9508831099946177,0.8261719620673087,1.0338688890799677,0.3973065426275238,0.24939825733316495,-2.4253783793939188,-1.0171931217269345,622.9582414700775,0.2072349186094804,0.8573980871602862,30593.889286377304,663.6782070319915,-1.8760263350515598,0.46167898175156574,-0.11394846976667217,1.1428459917902902,-1.6823276505361389,0.38532710937486436,-6773.450655936922,0.15957015332013808,1.716784159271491,36424.75222485491,-1.7320188720205911,0.05676845137714839,0.19182481533296622,-0.5135248839858133,-0.3027240713094277,0.9750092370303941,0.27280899279830456,1.2696411647626367,0.11944544240061074,0.00596663968220285,-0.24010244115600213,1.5699500156976565,436.16357539720474,-1.5726819286691474,-2.4859829263614355,-0.691669621110091,2.0165586264883713,-1.620861410722702,1.1103014736240955,-1.0141175633021784,0.03174573505499775,0.44643249857200573,0.48843307863796476,0.07987214196637592,1.1902136737188438,-0.4981676379381979,0.0037771903812048612,-0.15865420291002194,-0.6413484582585257,-0.5792293356437984,-103.3192402558683,-1.422804570476131,0.4185660623214667,0.6436365157499003,0
0.6407520909620436,-0.013905649851013408,1.0463830720031824,-1.2091643519929556,-0.016568073180551313,0.16868169144262965,0.20375751737765685,-0.6393066449205597,0.020572680336969344,584.8588471372606,-0.46836614928887865,0.0745639405285454,55844.015689526466,674.8497726781911,-0.4487561906150076,1.8083397663110117,-0.7291120132311211,-0.48362433666302174,-2.148651252671421,-0.2631321520263818,17789.872944722694,-0.6931697613045857,0.08391423506535099,78047.00869286507,0.36667377199328816,0.7758026928293177,-0.20135576197368157,2.2468219429902265,-0.3224606074254902,-0.8278502128731833,-2.2347420731030327,-1.365866812803822,-1.5670232214716961,0.28786224881697975,-0.6510265580921326,-1.1261024206050425,501.96586546888784,-1.386694345265773,-0.7188683579047094,-0.5635040136997808,-1.0081355485995283,-0.11723176134386173,1.1414310822668046,-0.19623337406012964,-1.055334982677976,1.5976598670051225,1.6731338591769935,1.3576281562041106,-0.6885581455699514,1.2417907067898717,0.004443624287961331,0.6311632505041742,0.1622674137965161,-0.3202494960425001,-75.97827048254156,-0.49852447726554455,0.514514951128257,-1.433852004606171,0
-0.17230664484281163,-1.0350650814285478,-0.1577254601610662,1.0597022916447214,-0.8301779570246001,-0.27213027985729293,0.753299373005259,-0.7981614314031263,0.07632365659029976,626.8418364659728,1.4725843308516788,-0.7904157290337492,77002.79252355028,666.7059195444101,-0.8408460634427192,-0.3961774252032008,-1.1827492216920514,-1.3335897487060278,0.6654402884646577,0.6224024236391414,-2890.3575194913537,-0.4676086863432202,1.0413984213658425,80664.30694751252,0.5921666607164784,0.43510350011689497,1.0120041438824716,1.4107722219275904,1.0276623863776717,-0.32852844042009083,0.6162740562570866,0.034030619473182325,-1.7815754407464748,-1.4351240834316832,-0.2947309995499001,1.3688107604370026,428.16111465726544,2.4069161462496447,-0.3141908075888807,-0.1948135099422879,0.6054133805216717,0.12705153505832875,-0.11967427987277464,0.022877597550236977,1.0516946865444068,-1.615105174286784,0.4537111703081499,-0.5204344921441154,-0.6594655284237205,-0.30170152013716073,-0.010942358825815181,0.41262450622675545,1.8852093750766294,0.6690674834587239,117.08966816745097,1.47526738660957,-0.3512901242001911,-1.5144356911395573,1
0.06640474869599859,-0.27358945899710285,-0.11063311918962121,0.8026624775793326,-1.509814676256172,0.1201931740628965,-0.01524438266033435,-0.1326267131368048,0.9862807435263999,674.5073594632202,-1.0036068029474392,-2.31983289913796,47414.331427838515,729.768568948047,1.3503287592995108,-0.5444779635242084,-0.9754318436398789,-1.813978710052768,0.2108220910580039,0.7893031790226862,414.563001401891,0.42430845186170685,-0.6553645593505097,57009.61990333405,1.1296133836777855,0.5510651249781351,-0.7538188350425894,0.5854686063020181,0.9224361518026697,-0.007727160783821228,1.7007318356129206,-1.329168054043008,-0.2210369764577315,0.1615247655767855,0.5048318344294284,-0.08379701522238985,565.6932017338157,-0.15207933763046877,1.1203109682842658,0.1541234306436938,0.5266288707789821,-0.5706384627884966,1.7195152471148323,1.06095609486548,1.3734134787659216,-1.222338826775969,-1.1025001037119073,1.384386525702382,0.19696093475314097,1.8274267318707622,-0.007115101530993626,-1.435191986046284,0.5332885994455728,-0.0011200987520843864,-53.526620970612484,-1.100184674508345,0.241124209672226,0.4863202208758242,0
-0.6961556511443274,-0.4307056844087307,0.5304415597091993,0.004837991849902463,0.08880255742586145,-1.1706609837332855,-0.4491471350393806,0.295769344656968,-0.04441238038794744,612.9020657710281,1.361912316072082,-1.5548351872864832,65045.76453218767,682.484060283697,-2.029017756344555,-0.4934420989249719,0.4257631529515474,-0.8166355456876746,-0.03007063671191268,-0.4910504595695249,-8326.457945459893,0.7959734379700327,-1.299322826090765,80837.4063581953,0.7328003092440565,0.7516762189009111,-0.24038704232166477,2.0094097140580613,1.1634708085704044,1.7567247666276395,-1.047714278534375,-0.3330425817428309,-1.4567792081951474,0.5320296314202415,-1.1321377546923928,-0.5951392672120431,531.1813416867279,-0.64609096411061,0.28725836679296807,-0.5679495751595833,-0.743461421066873,-0.8642720027591341,-0.017026152019001723,-1.2515479499512303,0.41485039935149093,-0.4373107799140889,0.2843362032966957,0.5330431731411038,1.1932703955472146,0.9724770802253087,0.004726601995776356,1.1645439360174827,0.5804346768605616,-0.15250940925774117,-82.22107054612837,-0.1081247048448836,1.7340686996446872,-0.9769536266087185,1
0.44544760129060024,-0.36120190366858695,0.3673041579996566,-0.7609344822586418,-0.7902095374236723,-0.5807667983310899,0.16821992315599113,-0.371447453720657,-0.9979882780220694,577.7177079620182,-1.0573048810588521,-3.1831249334667246,-4585.634448216313,609.9978432750864,0.8314188652601984,0.17541807449443073,-1.0684579232680886,0.31132516583760456,0.19167796405015233,0.19970131096847338,13319.71537812982,-0.4748450159677731,0.8948245277448312,2817.627376146498,0.5587903681424552,0.3032690409951358,1.5274278766026856,-0.4355372147975089,-0.7633683515215985,-0.3583805889041279,-1.0687930913591177,-0.748368852638535,-1.0335582846522422,-0.7162653245274628,1.6686255373356633,-1.2106575997958466,461.48541817917277,-1.5324179534093525,-0.04078638192512706,0.6318554127892901,-0.5864918761147417,-0.3104941936149101,2.1113957272130754,-1.708289826918782,2.4882401817325346,-1.329971139807304,2.890397442757068,-0.7982463449069959,-1.945368640071055,-0.030287968984653104,0.014245766315961448,-0.4153695649572325,-0.21985870506572247,-0.7338916659657386,7.545902698449469,-1.2619531361747403,0.13259735244843632,-0.2352624692261008,0
-0.4063561080836191,-1.670394165616111,-0.582302518539491,-0.0238990876772151,-2.091529548380468,-0.3388827194774989,0.9488720071739435,-0.0439057696074166,0.07052370393316237,645.6802413234398,-0.12823738210442423,0.6267589703927032,32100.954285543674,659.6364571210196,0.22081386682459686,-1.1820610126050846,-0.0005407154983587332,0.4089994841191671,1.5229856417344103,0.17730002987956678,-12204.51006080586,-1.757238651898357,-1.5551272661167757,25482.61994037596,-2.1189274260562954,-0.6956631821812164,-1.1952929575459414,-0.8405864308287629,-0.18823119912528324,0.2915627845161799,-0.24563598044899462,-1.7501489266369181,0.6876286460380064,0.9385257907738261,1.4033356256742688,-0.6359236319144651,493.6722902255122,-0.889201941616908,-0.45361049103871176,-1.2040678867280032,0.2939557326208589,-3.116553359619334,-0.6167748607118915,1.4378341094958629,-0.5008262246821009,0.3755779095708077,-0.4179749108437924,-1.2689476315669603,0.793104726062304,1.408460238324592,-0.007073823141550947,0.35256189320233294,0.4624639721233984,0.21302607392833223,201.18665189203534,-0.7643176686526498,-0.5453949286282456,-2.0030051489435223,1
1.2717260891480386,-0.21922493129306458,-1.152424213225243,0.1781669809233931,-0.5657509397765507,1.5661519980346588,-0.5856065040300895,-0.9429883999373654,0.40511723728241456,632.0879549264613,0.3147899119149429,0.24117983906760707,58527.995682233086,713.1662310430195,0.17505627202867313,1.463118785582224,1.00840006655068,-0.01677983908894846,0.039951429714509594,-2.055987602328155,-1618.9172315443107,-0.09175529935323558,1.222442974715587,86855.47264247939,-0.0035716895816740677,0.034428034060714485,0.45674201100964357,0.6153103360773552,-0.9704619703843073,-2.7440366957283104,0.7876389306774687,1.5563005162636354,-0.3293823982474799,0.49602871400981846,1.8265574505980948,1.5843944628313302,486.9992086876554,0.28885973074933774,-0.31178921111837615,0.07032969007313439,-0.12667920899632593,0.6033423890244333,-2.281653818562482,-0.3433438469646782,1.556273986879449,-0.043477386629526535,0.040838551167147324,1.343019207117332,0.9492111177811879,0.7704744730727234,0.004465445751843202,-0.8110742452639003,-0.0769790483527823,-0.8809433662084449,179.51673515951973,0.584776232967926,0.6015727863194904,-1.4543448958805116,0
-1.364814332277953,-0.47262523802343487,-0.18153548277074022,-1.107235288480649,-1.5837021607263606,0.0964184204796544,0.35179072896016794,-0.8116196219081396,-1.2105743752973346,544.7331719415073,1.017518314192061,-1.5347491500609227,51402.961194809075,612.7808190776636,0.7163087652685239,-0.3076394938581601,-0.7347972742333608,-0.6902284357340162,-0.5080038390228937,-0.20697427768634416,-20577.056636232344,1.2813651190956474,1.4404285584643557,61199.67370301748,-1.9191979323320583,-0.3878625669658637,1.2156399668355238,0.2576186157237153,1.4987094490312327,0.9535036054672775,-1.253162027564872,-1.3294563212447428,0.5606107679806478,0.08992443538139575,-0.10907270884166857,-1.2466294915938831,542.4946808073554,1.4765457214463393,-0.2871748204993378,0.1066566938159364,-1.5130093092021344,-0.33691010319386633,1.5474433000146142,1.490652514382566,0.8751566652762987,-1.0393491402298793,-0.5743773181295719,0.7386662267380595,-0.512268368994728,1.092670188317953,0.004323616151596001,0.9692425450821655,1.5002680206967656,-0.5130218260669168,-173.7494768309328,-1.6091761790223587,0.7305248683833689,-1.048931435533981,0
0.20242914774769136,0.16737267150949567,1.741096111466342,-1.4494482977066074,0.09249851999683006,0.9639849891191823,0.6790096794044683,-1.0542867781904328,-0.2172418680599041,587.999847632448,1.0228105024244527,-1.8335342486154973,92405.16740439944,639.7542958106961,-0.8630164965285523,1.078373845717582,-0.19965119976485396,1.5854400036773841,-0.47780116727124106,-0.1739935379256377,-6656.411407955389,0.6394551741459925,-0.09903149425722761,101836.19333256324,-0.1102405947677372,-0.5795279920483145,-0.7523907012502628,-1.0988489767871874,0.9206739486451345,1.6674151250049383,-1.0429747897461863,0.3155546209467599,-1.5161400570470516,-2.051252211667779,0.16400611719367494,0.22907096221314135,503.3002515093452,1.08912868639333,-2.2103452734267304,1.0710180866046355,-1.7035632006756973,1.5611510976331007,-2.413930455988449,-0.7262731767515188,0.7999074676777391,1.6257056468588185,-0.9018535522696451,0.9845296188025421,-0.5932606690308451,0.015302770659079253,0.009668717713982845,0.9594329284174067,-2.3587088555586675,0.26030217912092973,-57.440563768754515,-1.6351885084668056,-0.9834313514098573,1.0118250025997981,1
-0.43222590352547013,1.0414615792926096,0.12299097603967084,1.2231013609464714,0.35912235311767027,-0.964656079669318,-0.32426091984559635,1.8260420050392832,-0.6772333448317557,585.7071374967064,1.0283387850656647,-0.11694847648660738,74940.35405235204,621.7913899609534,1.3611933878756888,-0.6797996213113524,-1.7682769350683072,0.4604825530158574,-0.6964457585223307,-0.5991538744100455,11542.166651204456,0.8803658766192285,-2.5385661707230383,84866.04778612431,-0.8736635859514804,-0.09721670769065012,-0.0640692265622325,0.7909160515184592,0.39192763096037203,-0.3860998804603847,1.1235762703311232,-1.6428535558051642,-0.41025012628686985,-0.9432003869125225,-0.6694599608861204,0.14180424789979137,488.7941331783714,-0.49600167785714316,-0.06216512915349042,-0.1006474605078554,1.1680402804162622,-1.7225963428610649,-0.00889782230795066,-0.88351405742651,-0.03917698038802901,0.20922678320238283,0.5108075389319192,-2.20993529132409,-1.663324671988073,-0.6572284145446871,0.007049697267910733,0.10486676756791814,-0.6313540605995667,1.9297356724535342,12.058713622392581,-3.09109869484025,0.9082081202401027,-0.012644168955688703,1
-0.2204360912049518,-0.9470322722412212,-0.9591742212061696,-1.8892839861595558,-1.1535259581207622,0.3434042620238309,0.4257640791664797,0.3010762288668704,-0.5503424830204818,595.6465041405907,-0.46810681723289765,0.7767296866074973,52221.199410180394,645.4992471117853,1.527666584829683,-0.41259360158549235,0.8709155483083884,-1.4383343306348189,-0.7036969362807276,2.127900085993187,-7712.499111059354,-1.1716998563112873,-0.6222100426105144,68753.69393889095,-0.5871010225685958,-0.8729015306080826,2.0359259794435562,-0.12134128578243927,-1.0081616665823323,-0.2269060856595907,-0.07843464424655847,-0.5441976028496113,-1.5587075648370836,-0.3834566457847357,0.6885247202341632,0.03493942410180805,505.06448149114965,-0.561258286850085,-0.2482005525666225,0.42621347232574264,1.55942335999421,-1.0938453157055814,2.0661558989322586,-0.739257778816306,-1.6109170780580608,0.2108717436766711,-0.07974391501719151,1.8248313965521863,1.4938855517276135,0.7886039982864808,0.0015609872573835366,-0.9944987003474357,1.431864982037861,0.49700903820190045,17.29191513495864,-0.7246488860919894,1.1633163747249566,-0.9652496811127214,1
1.948360156226389,-0.36266238558846775,-0.09896193015311118,-1.206544833888196,-0.843612159640523,1.1258197772599186,-1.2648107831722173,1.0739830506817183,0.1091300748550933,534.7393187570152,1.4632828373550049,-0.6949979038868997,10184.185396199284,563.485123045013,0.7227307583071024,0.5698843964064695,1.0388676755010402,0.45393565950638626,0.11174953428032101,-0.6357598112829098,2572.2964021944804,-1.0896622906449231,-1.5920325715537322,13232.329348724801,0.3416386398016798,-2.1624903940924782,-0.9884692068738324,-0.34222693224741124,-1.269659211556148,0.00046842295261133657,0.34575310937630543,-0.6494743202215792,-1.0790176201235022,0.22428099676701027,2.054449834392553,-1.0088017204503998,544.0448484048662,0.31694652081531016,-1.0347735422970248,-0.8473705681250552,-0.49166989285986934,-0.7534607085742113,0.35905078417560826,-0.20581682755106742,-0.10104374434505385,-0.09070944802626897,-0.08192197960177063,-0.4677422105762351,0.18156405477686569,-1.4012952912251861,0.012950272599546871,1.172899077628753,-0.7246784541989546,1.2168288357587007,-25.065566768827786,1.0537226348329056,2.9549833920276156,-1.0913162170203365,0
0.6746757833597338,-0.10960073328470027,0.30397373189005455,-0.7385563710034156,-0.17509106405564118,0.6268875616746428,-0.20447308929449817,-0.9763814124098202,0.3197202098726623,586.3653221142781,-1.0674338509285977,-0.6031391274035086,109101.80918744847,662.705871569915,0.11919436773203063,0.41483675268353826,0.040584327248967905,0.9348535872161413,0.42083236599973967,-0.32310430165628895,1524.7472277966579,1.2115594287965197,1.3911235966807391,118608.65067936335,-0.2531952636489365,1.6795586764199697,1.6616357193005493,-0.03106157936517442,-0.03315005690398033,-0.9565148716290408,0.0013002476886351166,-1.0054505384219292,-1.4563955478708073,-1.0221897160162596,-0.01633078206872554,0.7738052393744522,416.42629858658455,2.2005104316775608,-0.12606275129050482,-0.6993106198388467,-0.06382048469627923,0.8875264368905857,-0.09292232489640011,1.1681104875193764,0.02141416100660839,-0.13647185221868055,0.9203715487694577,0.9119856637533734,-0.19731046321988277,-0.15740716678887992,0.0010178240352895912,-0.7231598014005826,1.4498555142311422,2.3780529923676847,72.27412511453734,-1.2186949002303111,-0.33878171605413754,0.7165384747511592,1
0.2955765226195207,-0.8269972933568869,0.22344403522348863,-1.6229434283571085,0.8491360037097295,-0.6970056522764566,0.7398302335624671,-2.1451970879048945,-0.2379443394282399,711.3129866493989,1.3264848054748917,-1.0153831973885137,37141.87373079774,757.4542633071918,-0.8051200471065747,-0.13109121797162476,-1.2983406406854308,0.17566407770256723,-0.7872958148503101,0.2017690769632776,20182.27329076182,0.031786869489797934,0.11324535655879517,59437.635734471485,-0.8223897913328991,1.1697336433503156,0.7435837705276713,0.08521209479629104,0.334019473600928,-1.7810395218401152,-0.17676804092612813,1.1054036223293642,-0.9034845718564927,-1.4485539891293295,0.9953870699316993,0.3605922202121914,564.3710453668027,0.05973099752403462,0.23963850263043646,2.5794904249506234,0.1333980802319395,-0.5389148409128142,1.8099109741252233,-0.03110095986625522,1.4399271822104434,-1.1809851539266316,-0.466053480309585,0.7701532240270511,2.203945170669188,-0.7635904781643148,0.011346326931491546,0.13324889681056273,-0.18428418602074428,1.0314218155751649,-59.188042244097176,0.6673792050222772,1.3050730193070166,0.7008472266554495,1
0.3526488364986465,-0.10023761054542615,-1.1630572718052867,-0.18372612728651952,-0.7702671606463938,-1.1528968608890624,1.524590898592429,0.066557849039795,-0.9519504141928545,660.445808312469,0.3945465023499341,-0.12303969256503107,57647.13265971158,709.6657944340689,0.47794276115420753,-1.8008366231654092,0.6251268937511647,1.0275867079358658,-0.7207233457285397,-1.05333641723767,2939.088396764966,-1.1363421512514942,0.9540573112152899,78250.56045128296,-2.423908808021031,0.21880411162163677,0.9084815502083968,-2.5802235271977736,0.4198263668893158,-0.9400110238476307,0.8928285821954777,-1.31469142801547,1.0963521120601438,0.041496811391697905,0.4365312052136768,0.1244136178100957,592.4822931733939,-0.5570060956663917,-0.48823452338089496,1.4423898778724715,-0.4685855486867029,0.7807750312104946,-0.5956197895353499,-0.6081805631606869,-0.16749767262642679,-2.1266976525400114,-0.7533279990493568,1.6412211790079985,0.15002009647085796,-1.6066943574035986,-0.007679433377616073,1.6355102762435045,-1.4131904439390601,-0.43743353426841974,-178.8994713620345,0.3967796923140197,0.21983598606854793,-1.3379867762848152,0
-0.33342166755484026,1.3837343298983242,0.5622427449062932,-0.28655992073989955,-0.4919836175735283,-0.4086313751103821,-0.6835172874575958,-0.19709891553915987,2.8888304050712663,595.4651140613671,-0.48323661705408527,-0.35294232763322253,54561.18990272701,639.3812639916531,0.28616971291862264,1.0510727138239693,0.8561819110066258,1.3002249236995762,1.0194180153252923,0.4503110225422188,3396.0210572900833,0.5604763154476132,0.2705915086831492,65486.546288041856,1.375775927165648,-0.40028826030184217,-1.8222684594249254,-0.7642048106752202,1.006625381113526,1.9320040095895055,0.92466469285032,-0.061279209328759854,-1.3575152738835816,-1.4567004168208402,-0.4120195278897957,-1.221012177660098,498.7282063874485,0.9911450918140778,2.038143216797981,0.6196272798683834,1.5115114368367402,0.2649962094872383,0.22970753940898986,-0.30396610346840475,-0.4177358282480539,0.7871762869565533,-0.7573910950071319,-0.9543338418045632,-1.4311387520962393,-0.3719442750640939,0.007783689617540022,-0.11643322856480108,-0.22285301306650962,-0.41081589888156106,-56.04823303879165,-1.3150686062975308,1.481253038539124,2.95544183469544,1
0.04456970145619167,-1.4918711970365457,-0.2937928513998778,-1.9879897945678309,-0.8087192428130396,-2.0518111607727163,0.25030122383482023,0.414467640191878,-0.2872200054872031,661.9398801993084,2.3298899908429895,-0.6512027249023123,68984.00995861298,714.9171673300034,-0.8963028805866746,-0.17351073130587039,1.219004985216996,1.0889702585944483,0.5788704256826365,0.9870615352945015,-9579.014590420447,-0.8198700213250967,-0.0650664494835283,89429.72989543037,0.6455063073157887,0.6327616665871746,0.4451859599577757,0.08793772297550805,-1.188378221482917,-1.244612574031412,0.7430335379963241,0.5542405995794638,0.22779993890535608,0.6251696497122213,2.108686071853917,-1.9339178533559835,531.798865611489,0.5729266994433289,-1.3069044134515493,0.7189321964433817,0.8586723893948845,0.844720203794866,1.2185483085289428,-0.7466575365497395,-0.6970205195107597,-1.5398727270883523,-0.22686673806399457,1.1413222513297605,2.783850311750998,0.7223651850833108,-0.026545876227456695,-0.22975543848186522,0.5596676172257468,0.2652321940245291,131.6454577012848,0.5557671491568833,0.029030078425969177,-1.9154559720024626,0
-0.725446911125273,-1.6635635063012928,-1.543699892150429,0.12422173703859184,-0.33819420933785865,-1.0044470081548746,1.6457139625099506,-1.7403009522629378,0.3627583524971049,625.9467902270663,1.2491434396919154,0.11022628783107659,78531.55146485937,674.6258887926022,-0.3927286054624687,1.4803224280669638,-0.07284408584708976,0.9173622770870441,0.45771007202891784,0.0826843801917619,9183.939224280555,2.206028596747739,1.9948832978816236,98451.84242007547,0.75990039812041,0.24060807648824953,-1.4807194975151434,0.871684725080666,-2.7720186367439754,-2.041829997826252,-1.4515270128029865,-0.42792443826002063,0.5205657117876098,0.4695258760978307,0.09532452703903595,0.2287680395565836,503.57093445344697,-0.5116280673886807,-0.6217357045873644,0.22770713466648554,-0.45336799979564085,0.781550515860511,-1.3624293933139466,0.7995195877050998,-0.7496059146623794,0.7415728949891582,-0.5960890521693177,1.4051876329214525,0.01527683471132493,-0.3068264682688173,0.01373661715521155,1.6322792650828741,-0.27621664133892004,0.26911960045297534,7.654158323943911,0.7331729652486207,0.4858148179395324,-0.4931267574835668,1
-1.886068808887477,-0.4662260736895446,-0.01774137257138737,-1.0351379295696952,-0.6907857803287483,0.1664327297567087,0.5007956513989396,0.9552156083752551,1.4504264466521875,632.2751356404037,0.874705253654048,-0.8888733100588568,55906.56601998001,676.2927970910985,0.46118055419165,0.6525208739314542,0.23556179863949292,1.507154506517207,0.08155871040994088,-0.29992559207560116,-13730.11031972862,-1.6964816373972302,-1.4216357006821911,61772.67351159135,-2.183537143970326,0.8948309386583859,-0.502700251066966,0.4115918637656717,0.6885816948030398,-0.4471186938458129,-0.6242788371234783,0.12844519556532338,0.14409838747490708,0.8215903070641343,0.9421821598810303,1.116758930300744,529.3191730864463,0.6620769449769439,0.821796632130969,-1.1510039083801515,-0.15368448792746475,0.47054311852832315,-0.40549227155227424,0.445988169345422,0.3109159390781836,-0.8362290095806789,1.2179219121598879,-0.5045538573359089,-2.057243540044638,3.980647634604382,-0.005085306120768566,0.1044204232455413,2.063886955994969,-1.0084885273011623,233.36926433168136,1.4580616166052178,-1.1974156574360884,0.3083412203693683,1
-2.716002249781315,-0.05599174556461905,0.8306256720447992,0.46299624165825837,-0.6438894523385474,-0.7388435857753058,0.6495332964410093,-0.3903512801382401,-0.4407032516497999,417.8958443137561,0.6198669090504346,-0.21964167345913613,55643.33606520004,460.79615111209256,-1.2212807445535176,-0.43916698000205606,-0.06528504161549618,0.02678700674221995,0.890252236987272,-0.872517231230563,3922.323473808179,-0.551006271238146,0.28037360026445374,57275.649205213434,-0.8403671157647933,0.20735254568176587,-0.5572806279875862,0.43397945784381436,-0.5577200203487974,-0.49433133389751227,-0.042122205491499226,-0.11072969295467984,-0.06073605800389095,1.2047283081724702,-1.7123421536351395,0.07324762847926308,501.05348634271957,0.858715077580052,0.029616657248894243,-1.317604695977535,1.7018802841458254,-1.4368126867982527,0.6078261375244439,-1.4761590466969858,-0.41198168282935194,0.2808220014395572,1.6316579705417136,1.408177765500226,0.7764457483652953,-0.557653082906328,-0.00226190158044405,0.6648649178330465,0.336904935660069,-0.8336190707585058,-22.930871433570694,0.30927690890720916,1.4342644955540857,2.0449603859039995,1
-1.552507820123937,-1.12593458684088,0.5279369579661374,0.9484552037316654,0.5143256471254496,-0.639775190865071,0.09895886516049307,-0.6181348858263829,-1.7066507435677618,601.3209808875589,0.19702014838429657,-1.1004941530056473,75104.11202779485,692.605878940374,1.504712609102468,-0.32115617018849674,0.5331439297607418,-0.9411837751682949,0.24031602682092296,0.3495355309676746,-1580.9155609843256,1.3418802351536905,-0.854000715533331,72707.48922135918,0.0688285327807286,1.254505518102968,0.35719795861059933,-0.28397723980746054,0.3906412937259441,0.3009458220482772,-1.6005420587743258,0.560090576965052,-1.0001865467560092,0.6257981307192019,-1.0237297591764842,-0.5703779299189203,491.7905865016509,-0.11770870077279681,-0.4386235963741725,0.7976568785336954,1.1557530935401288,-0.48743910234020876,-0.6000979257917914,2.33859317074293,0.3007493590811918,-1.1441461105165585,0.9065523824453872,-1.5149640982640715,0.6297882173376064,-0.3955930612775826,0.0009700822665547144,-0.487248838180568,-0.2929080975085771,2.1415263628064705,-227.6466775815399,0.6747322076558833,-0.8092289770937955,0.5317324064601019,1
1.184398730714118,0.16488997772650338,0.9666410962797571,0.8853187732388881,-0.8551791906453422,0.026212006718354688,-0.10751743258377934,-1.164109147712123,-0.530047541676867,602.0008547531025,-1.4016687719530636,-0.7511286625414457,35470.35521749419,706.2499659122878,0.07779895107399261,-1.0720994178673993,-2.4364561761949624,0.4071002302689392,0.14790222056634006,0.6632888779389882,-16088.219844266785,0.8058988940744807,-0.5953127948051268,21742.48638850305,0.01470610094904637,1.5794611282005289,0.32663207101891695,-0.6151590923869674,1.1788633049173822,-1.3959510450450483,-1.3916102783733086,0.16925535858711918,-0.9884231982983515,2.28769183730204,0.41253169845534404,1.8346948763153024,560.0242419221494,0.23288806541064153,0.2929465933726031,-0.2857318016499978,1.1616693106959557,-0.1023634282133853,-0.40441686834331786,0.9057909287932877,-1.1657468262059343,-0.6576401389606545,0.048346667492748616,0.6181438665654468,2.383778551578164,-1.8966538204202004,0.0037582081242270656,-0.3110626415864879,0.5733434707779008,0.42808698829866476,-191.66052396890615,0.8924199476800407,0.7093100752575962,0.049138916847577485,0
1.7588195199415593,-1.0361453897712072,-0.18342193479914815,-0.6432304361637313,2.89143743161749,1.013678019465164,-2.182903043630168,0.4769224502122345,2.2296297605606923,614.395535279941,-0.36171284202947346,-1.7085753577814966,87338.98623289238,677.0104445394635,1.1763896808742194,-0.923266880939601,0.9312438220315667,0.5890921808129925,0.2525785776793394,-0.7734508359534008,3814.5105038761762,0.04055807968599164,-1.1645531879477073,94913.66825999087,0.09896074036934267,-0.12172450472620504,-0.5875208670027727,-0.9165720328902569,-0.045547164577174976,1.7885070290572092,-0.9288979590455139,1.0559271785755422,-1.68714066712821,1.0740732742783807,1.936368959681028,0.6545658717456236,426.13532533843215,-0.5184887147081878,-0.08442516132477487,0.32637985738251885,-0.6111496010448966,-0.9164530303739816,-0.2852653602691348,-1.9788353099097469,-0.19694844315548163,0.8899477197454236,0.6982233328714382,-0.721876790713212,-0.4469626423803957,0.0642911075587045,0.007195592152129152,1.600356079484226,0.3960177493108202,-0.26026786951208797,-39.78738104726644,-0.454048771774378,-1.7262094717121605,-1.7522901329022615,1
-1.058050496141775,0.2876521491364544,-0.1613226529431041,-1.2712200856353129,-0.012074018453145626,-0.0769398405501151,0.7578617430696719,1.1046715847043393,-0.8292369770458209,621.7963923865096,-0.6137796054365938,-0.3198017679331157,39445.84740065793,667.0906245248599,0.3664989366028578,1.4568141700887987,0.126370585156513,0.5447767051205717,0.4167838738080366,-1.063741564960367,420.85122670968286,0.09099679952093241,-0.0019131747129507537,64585.62270884979,-0.5382345324715201,0.43781312221704605,-0.02478287122949074,-0.9991313727682666,0.3186861181983836,0.3681056911229033,-0.12366383356956973,-0.5145879754108843,-1.2464151431644828,0.49182565693463415,-0.28830575128317976,0.26365149556860573,474.97886979788524,-2.2924032462255033,0.787566505625546,0.05053344516518237,-0.4541932989391815,-0.5078333575893079,-1.2402379839251896,0.32249464434735514,-0.17755870024237153,0.1931757069436646,1.151583683321039,-0.9949784933262464,-2.874369396719365,-0.09870157287850542,-0.010018845279531943,-0.003735337057059216,-0.15260927100940946,-0.06778454443741935,-7.218467295044337,0.8608093318781772,0.7248165859996487,-0.8875401912321689,0
-1.0809570429361381,-0.8018470550842334,0.29258272194513535,-1.1800685640227093,-0.8855276892744662,0.6914124443668257,0.5932396541111932,-0.1821238981222913,0.36800230397493944,737.4429608736549,1.092865201988516,1.507029746233187,56163.059817114925,824.6300641834698,1.1653674586501854,0.3289589445743918,-1.5671285193684321,-0.448471658792617,1.0230714476938514,0.23742812244058478,-1632.9056970592474,0.6940632875934183,1.9901119239804095,70560.2777577853,1.322894913716395,-0.8496253260633674,0.43663919326265777,0.3588666629040783,-0.7871024782292176,-0.05130665980694938,-0.004975415981949377,0.31638187400871004,-0.6085480323068467,-0.22008242762326521,-0.7850254331665928,0.5126819779659159,420.9009966749188,-0.5801648895104831,-0.9699332488050013,0.812334204228496,1.1863155634426683,-0.709030771444179,0.5801200438868066,-1.0768734043350414,-1.014554854591071,0.25267590541366763,2.8166825713879495,-0.9877553888566123,-0.3388457911867774,1.5104257321056933,0.0031492846495831377,-0.4387741589567221,0.4011269929095682,-0.29575508716121923,3.7157078922259688,-1.2778585859645741,-0.22184717944126728,-0.8430596598400396,0
0.5864665733732736,2.2368984299987797,-1.7708756292829333,-1.5226128086373742,-1.6073224169205194,-0.5688188960018828,-0.5249162739961537,0.634940727887778,0.3058771626839304,668.5129233708835,-0.17982370338401393,0.9393140601504208,82976.93312863409,727.8853853082757,-1.0932622053195882,-0.1627868248180164,-0.6161593718191318,0.24627737589539678,0.18159010261665862,-0.5188772497578557,-3687.6472948031765,-0.9027341326345557,-0.001560637407473649,97220.8316916945,0.6185966548479441,-0.6463473152942492,-0.41362008044944243,-1.5831267915945328,-0.13447617158440628,-0.7539683447384392,-0.49634594856243797,0.5944782050529,0.8707016134076071,-0.35582584279676044,-1.0288492370639408,-0.37740293361627864,416.54884345437483,-0.6545210406578245,-0.4395526711140701,0.5352029779697829,0.37223998990806056,-0.27409372444444713,-1.8615367525193092,-2.579572320536261,0.49607367203321223,0.5161776514540587,-1.1655476760389676,-0.8223818076124979,0.35348462458630975,0.3973161978822573,0.00950432107062626,-0.8453507882633844,1.9806272438008623,1.3962623131399097,-126.72303746568842,1.152577703337226,-0.989830925882268,0.49247997417091516,0
-0.17868907307294016,2.3268205215154514,-0.4428476168490029,-0.42072725027229024,-0.43383018336727064,0.6373236944576445,-1.5741106364587627,0.5283006889842027,0.887124113739838,545.9166202051902,-1.2073529841087927,-0.7257660124701096,73528.98747751718,620.7908062110258,-0.24033485339492566,2.2616857079384314,0.6380992688860159,-1.952754788475223,-0.4669956227067337,0.7831442788597868,7522.038854733417,-1.6588624479764256,0.09268353841098528,77525.81133983453,1.7940807102945242,-1.446500899013042,-1.5844138257143845,-1.5078685655345336,0.8466742818311709,-0.16257687360934076,0.6842036006831239,-1.429636581773983,1.414279689899824,0.7235306226099637,-0.6571640998858882,-0.15849858205641176,573.9149741639394,-0.2253630007814042,0.1079903618554318,0.2824346558228275,1.18592846046199,0.10884093353579025,-0.011637715518731896,0.052893269152469974,0.32140855975438776,-1.3146149501276583,-0.4495389666531874,-0.7199559958394292,0.6340529586574367,-1.262701982738803,-0.006808166017669212,0.026624782177768015,-0.23616180243335083,1.6481605629031815,-104.66161436956996,-0.5675564863710931,-0.8523503616165166,-1.7403765446330943,0
-0.8083082730591616,0.18225445942924873,-0.163507797907438,0.10614425962480147,2.104708472294145,-0.3859035961105945,0.19346715662053704,1.7989435820031572,-1.1334804032987804,622.5254198830669,-1.4942158111428048,-1.3495764030581656,38149.38662328506,707.2736913221953,-0.42613852632073546,0.7009687685197775,-1.1033735146825314,-0.10164797821783143,-0.3126942865359375,0.22144107691762702,-19.220407655376874,0.10834500359217004,-0.5276605595055636,46065.31085134117,0.4563761474576341,0.13256271726767904,-0.4969400896983078,1.186970097911195,0.722772770906109,-0.16555683784429007,-0.26964672674589574,1.5851456561026012,-0.13281216189433032,-0.883643547230557,0.19080000429995786,0.6322473627484937,601.630963062943,-0.3480222205525926,1.5674671724853493,-0.6629312752910547,0.003166921949850187,0.9063263080166741,-1.2234849050741332,0.223834470981447,1.3322737275917995,-0.6767686590351679,0.41535769215920343,0.7005462067264616,0.17289205985409747,0.07007404117912512,0.005121228395725762,-1.8111305483636913,0.32853338521675823,-0.3219635537640857,182.55182584301423,1.4723819478313858,-0.8429163625559046,-0.03950618916472259,0
0.9112674400641946,1.5700686155759267,-0.11114410169243888,2.212680041309783,0.7469121596107406,0.7383365642167881,-0.759458872077211,0.7667427998801261,-1.4679186841543022,678.7414725048899,-0.07904603473270398,0.1584184599183356,48744.19180976917,753.8609987020727,-1.3564590194958739,0.16882584522567018,-0.971578530109224,0.4984955412907006,0.11422118047226011,-0.32235938953902743,11956.060009361376,-0.30297366627605954,1.649713159778851,63427.121386154045,1.0002103357563346,-0.7840964311134221,-0.2730584108889417,2.1933352868703815,-1.3249005672677279,0.9007279341088534,-0.9080314828033167,-0.5578650500061038,0.28843645708873206,0.008964898629997742,-0.5908197837700184,1.4990912984955094,540.4851949478782,-0.5080484761662649,0.04374881457954843,-0.9348475823163207,0.6089466589681284,0.9707504297498634,0.7520937958023008,-1.339063628214265,-2.0442223299514772,0.17077284416657731,-0.6204916440556905,1.2301259963386988,1.4344922572716743,1.5222559703601073,-0.0012061311654848847,0.7869080869733395,-0.10354315539271942,0.23999714469058653,256.92636956816983,0.496775753606894,-0.17441883960897145,-0.47947994780776904,0
-0.10529787006830986,-0.2387532686686065,-0.8596745762281179,2.4128108771635386,0.4651887409995067,-0.5539542199829203,-0.2742382757136818,-1.6586802717047788,-1.1151481686949054,580.967131314733,0.5851704302419799,-0.5758356363441743,32398.454472400546,654.6065199207363,0.4226049598502948,-1.1197601648597542,0.08440784404242975,0.8661579568746535,-0.1479705041924118,0.5850854695262967,10552.900581180029,1.450491342346727,0.1538611501248331,48551.814534179386,-1.51581878382203,1.0885373949879809,-0.30327334177724347,-0.6247549856565563,1.0114991319439,-0.510223980240373,0.08539351796131416,0.1598770163835579,0.6723965901095764,0.11192405460930105,-1.6617947234362216,-0.9465643439206685,556.8663894873026,-0.40166867141464346,-0.32405531059845955,1.1324385858990067,-0.6672646807103338,-0.5942231094143708,0.8239198498192998,0.9036598271550923,-0.14285182262796306,-0.9212742330945868,0.8809268624841502,0.49166122704921206,-0.05644674339311642,1.151691705865483,-0.014795901243215517,-2.331253045249668,-0.40814682283875886,-0.4312407323146333,112.05247735064899,1.1799702387219562,1.1316488167485919,0.7146640802814148,0
1.1243829287233453,2.119802712254647,-0.8127267866011088,1.2520776842209769,-0.6039108376966701,1.1455295085457036,-1.146458447262149,0.2551242753810707,0.028036503643399237,848.1214092977228,1.549795190777,-0.3941985112650898,54105.87995875387,947.7446023697947,-1.196018508274685,0.8352294269086715,-0.2840042539246969,0.6075083385842069,1.049165531815208,0.41230555323074364,-168.81705194006736,-1.9829554332556256,1.3387861090027984,60644.4956292909,1.3512338855370378,-1.9023942246422172,1.1878744337591844,1.7015023230506023,1.7153090567124667,0.9312734920983865,0.6327336310851994,0.43881821299194257,-0.6842976449424575,0.6493520644927667,-1.2004760519228805,1.4178393803745635,524.7960559542405,-0.36986798349213623,0.49271447375481486,0.09997635499600997,1.586101482431437,-1.1994337719800234,0.7564059784036936,0.8041967482712155,-0.777553656949663,0.14524639034650394,1.1993766746212882,0.4118682965692017,-0.9166483229239939,0.09683860905224222,0.013904034826271899,-0.4228573138827282,-1.0172940985378967,0.244125174520867,231.2653164692465,-1.466615447515933,-1.7400001568515087,0.4794172222194746,1
0.08305888991628871,1.3343487988015894,-0.24595395794269173,-2.4154310753741255,-0.030419681700186597,0.4600201534040585,0.31272466949026956,-0.17448409319774408,-0.23918897010475954,714.8651262405534,0.9739513118846396,-2.7375164851833813,25647.80141633507,772.3488738377342,-1.317115522798095,1.8832106317585224,-0.6592671915313866,-1.1729459798675559,-0.6593721233769582,-0.2833706914858368,-8695.201231367942,0.38815437687373305,-1.6056747343036282,35063.06529345759,-1.4068840441867698,0.744194044301437,1.2565746420391444,0.25204665168384055,-1.2284560639681916,-0.8785718937938571,0.7466576939572726,0.6705732965852612,0.3283353160142117,1.0155756639276894,0.8924983174674201,0.5233109389190711,456.3948704803154,-1.0197043663184788,1.1875583653425603,-0.8405450587566152,1.4215239184613673,-0.46908288806441434,-0.16700132274383916,-0.5316454030695992,1.701361842816069,-1.169742033907714,1.149566369523413,-1.5771402545907451,-1.60173017538219,-0.5830021619252913,0.0035977976686449617,1.4820013816878914,-0.19905635913375033,0.14182074943718656,6.698653858349338,1.6630250352691736,-0.020195325404425733,-0.342082966984463,0
-0.6779605365158173,0.2787572087998454,-1.7973359305125842,0.4463206234975179,2.038623192903747,-0.446007143687703,-0.8670483606151865,-0.8835063829774029,-0.4711530893639441,592.7186107722518,0.39256921770498265,-1.1638194461165383,63864.53389284401,709.1837641976009,-2.2548244716283463,-1.009448117256133,0.35452808630562677,-0.45238034277081574,0.22932852465265144,1.4905948235612942,-7114.95768354969,-0.7506545607744896,1.0669163191247826,70873.95444949936,0.2677575782690377,-0.7426843469377411,-0.1789142239598972,-1.713304495772812,1.3164971065170732,0.7909482910280778,-0.8645295689895597,-0.9712607458352216,-0.45708959963995854,0.10039797671339862,1.0055213707818198,-0.2629208314326558,493.40801831486385,-0.563951247843642,-1.4837314048387737,-0.9963073154432824,0.6008042856097342,-0.8932970434653565,1.1473955764003692,0.1691486144557157,-0.7344223290948091,-1.2137267766666713,1.8424217614271323,-1.487119602123491,0.28799996118949117,0.1662579827070697,-0.008158773336156912,-0.02238946006104668,-0.4111380995425674,-0.8445890899244564,106.78484448081814,-0.569346961252537,1.644854350670355,0.028699065888562914,1
0.2600924276802892,-1.3645103328239396,-0.5155845847235129,1.2952799821157557,-1.6324475131996747,0.09021026292468681,-0.5610894118594913,0.515552668567685,-1.8350106407177655,515.6432274668489,0.569426301105932,-1.962123398744486,-6605.966480241818,635.5611289098431,-0.6160095554560895,-0.1996927077777025,0.133064347969536,0.14858323059011547,-0.2783481899947084,-0.5132396244708171,-16356.372634209689,-0.7579143423028724,-0.6888631262233115,-90.2042030959783,-0.573409757320686,1.9926902564946605,-0.24665261502431182,-0.30636775991657683,-0.8956790954787037,-0.34666580253139095,0.14120270869853482,1.6263344354008253,-0.5623193524855886,0.5824619627184185,1.4867020130342679,-1.0683231272508866,478.5943505671954,0.46568682891176755,0.5249792316905749,-0.37390541393090626,-1.797854548417114,-1.6072468985927415,0.1842542266496062,-0.9961813094087891,-0.888348541029454,-0.1799555018539639,1.113667612501802,-0.4161306951020894,2.650172946322804,-0.6366669963883951,0.011072897241095272,-0.7025948676308985,-0.04128521681230766,-2.3270493694000622,-39.41468430573865,-1.4843700340062158,0.873676945565095,0.4328597161698918,0
0.5284948342747305,0.7289563666284791,0.9792933581178623,0.9881857588304691,0.012785999520803872,0.533443654388005,0.9279449547420139,-0.39681074857679605,1.1740870468363092,590.5023896724731,-0.5586195300871564,0.9180868244645741,52199.343275910454,643.9332945444792,2.381393709810211,-0.7665271257324721,0.7511923069216431,-1.2602203664991194,1.0666694850239478,0.5487911840505074,7106.3980303986855,2.41563511942307,0.30687883819259115,63548.7252346668,1.0946064321337725,-2.2390998156372293,0.6061157135992684,-2.537415433191779,1.962878202176619,0.42571038921443394,-0.7400549806467642,-0.8349532885641766,-1.6473971568223487,1.8063692249844185,-2.1216146456594767,0.5324091341630145,468.5375979947031,-1.560730902459766,0.25148418262809297,0.9175985807242352,0.025897845177577445,3.0928921842518298,3.290136437228163,0.8628831142555928,-0.6454608874450317,0.8818156946220664,1.3348090067810197,-2.5751890679007867,-0.1818605462260275,-0.9948375768029235,0.0010429385055463042,1.7672032296001479,0.22296574898033206,0.2073854536125159,-85.28809399551015,0.16565599749309876,-0.31409374126455225,0.6117612546381676,1
-0.3356596050421447,2.9302755989382887,-0.1485197036153425,-0.39270620282779656,-0.3118401492645752,-0.15730413284862169,0.48600874649654063,1.453452095607667,0.25590254959741854,668.8231612732224,-0.4537357369700824,0.771622524325805,19300.592084700784,714.9150685007634,0.2722672411534736,-0.29231638934123255,1.6928656325444924,-0.9849042845902584,0.06834336283588739,0.3091696079614927,17775.51676716727,1.4858603055307544,0.31506990897828846,31447.89956772021,-0.44878778560732097,0.8367420438712672,1.2803811964189573,0.4133512650252866,0.24793196946737558,1.8886898023621246,0.14817524582696512,0.6915917952781102,0.30303574881165934,0.7865518990560202,1.8800609064388496,1.311200464713361,470.9684614121589,0.8871266823133168,3.0480427754074517,-0.7704565173381535,0.7414607452924223,1.693483753638861,0.37643395830376886,-0.2914516818510045,0.06581323144126576,1.3286812135146977,2.93121115568071,0.025974551379452294,-1.151740700774379,1.1297991875389604,0.000925654622839558,1.2814317538322737,0.011066723519009265,0.17933483464492075,109.59815794434597,0.6216991224250602,0.6729438610062974,0.2465664434980144,0
-0.5028270211620633,0.45740606520727023,0.9683468865362507,1.3925173157030333,-0.24907699188255247,1.4604949660113216,-0.7259070868395762,1.1530710678361575,1.1234867385594416,632.823933087175,0.9324932057022653,1.1533663639984202,12001.120479420224,715.1651494226427,-0.23799030610174168,-0.8298665399765048,0.5607387987937138,-0.2859654819041857,-1.4825354910119783,0.23823745261075804,2474.5100678576187,0.829264642689598,-1.3024722586431177,20281.493257715003,0.7109350599147071,-1.1518370037606718,-0.9873092899799412,0.16591041515981714,1.083083264271377,1.6430933661781764,-0.10862502199044888,0.23159834505020435,0.3583796586122579,2.082981087014146,1.1692692063232868,-0.5841584083783015,562.1933117314583,0.37110933212422803,-0.9236660311136551,0.35941766471819564,1.1200124010005323,0.18159673666001377,0.4602903733597526,0.6258601466948499,0.8938050639423445,-1.9325804934454838,0.5123504417767522,-0.7528752227797604,0.03910212209875704,-0.9520615038051063,0.016577825258505485,-0.15531793702197208,0.1195219242127247,0.3351265290161199,-95.18683396611576,-0.9333372416081871,0.08622257424832734,-0.17916447757473206,0
-0.4291012004670634,-1.0118260109467663,0.4049773382044222,0.4254415655028851,-1.0406036720086886,0.3139783103278575,0.44416192922774084,-1.4862838603283153,0.08610175495763685,636.1014386088596,0.3597367034223479,1.2730092223947567,40490.361134538354,711.0021439486173,0.05369083578276927,-2.0381884929866727,-0.7454345313062497,-1.3160546015655936,-1.561324483619484,-0.2704101196608392,-8412.42780429748,0.4106660500080093,0.2113604824167722,53809.14639376937,-1.5489217346568294,-1.6544038478953995,-0.29332425722395256,2.644163572740284,0.8802176826630804,-0.39030892139794127,-1.4122289024967538,0.6857811684721068,0.2138362503291952,0.9108689499932915,1.1684839736529442,-0.23134366041914717,461.09529434339925,0.8479000645344348,1.0607909938562712,-1.348281764739661,-0.06408413539545929,-0.8993418285414649,0.03070858242054158,1.6313163995357927,0.6957772837470967,-0.15269087748941015,0.983794190050405,-0.17345853471689943,0.07800858312176458,-0.2865924549818362,-0.0014811945843596105,0.9271349961898253,-1.1463723079829606,0.9753808131209668,64.61458916961696,0.55822402633055,-0.5662488411529448,-1.2442874304262814,0
-0.4386112015624427,-1.402484503457563,0.21753436705429893,-1.9346882281093793,0.7099664260429143,-0.9781788878581031,-0.27040438220707397,0.6686074629930263,0.3641825853691911,655.2673813238044,0.11940256540286631,-0.17138142535907583,51440.54702113276,692.797480678503,-0.947186110590447,-0.31434623364639014,1.049283181559414,1.3936145720267668,0.25226929174229845,1.899811856072744,14859.640728809169,-0.41278763731963125,0.8511373863978641,62053.36368722492,0.7649921794014676,0.18275917028978375,-0.5569782319868919,0.6574740705984442,0.7317282285808178,0.6214135795349801,-0.15303094940277384,-0.22368041131906038,-1.8776488781969145,-0.09535025658634083,0.39078988958424976,0.4928836657023269,465.48942439727216,0.19383691016646662,1.2485834956676372,0.7455480647647534,-0.1618549325582746,0.5368771987775875,0.08679809103286597,-1.977393823004935,-1.2067379777402343,-0.33260918936964295,-0.21162509255075812,0.07947778652705739,0.5674879769983168,1.27196093155077,-0.004752943616045179,1.0339908126716661,-0.23298499784741877,-0.3793109240862678,-239.93675116610044,1.2909201789233817,-0.7105529033619984,-0.7252521041184737,0
1.5741064998616126,0.11282221157315778,-1.1856968303727684,-0.8456791619354574,1.7623426070964658,1.8628475312093316,1.1066783933954274,-0.6809052162231612,-0.7940137345631997,678.8687007097831,1.178978011392823,-0.44334209449405365,57958.28567675251,762.0100855545372,0.17198881293421425,0.049302524681756874,-0.44303200699944084,-1.5653203315894328,-0.013373635687540438,0.973670444212235,-11389.190469439787,-0.5982497451605224,-0.6002964402334167,51194.33553577958,0.5988358081561146,-0.06769454717331264,-1.713640721673984,-1.8253710347131646,-1.7284448189292774,-0.7784122431097563,0.709608991671839,1.2227505814733837,-0.39236258532887675,-1.9539244494944359,0.3593465233336768,0.802818899850285,465.1886528912445,-1.501293410330523,0.9469882048742323,1.403615215258552,0.5905898113221819,-0.5332682725663377,-1.2544283037251283,-1.5020419896424588,0.49272984641930073,0.5538202101093403,0.48168189362175995,1.9893780665591447,0.3701996120636574,-0.8030281423006299,0.009794669473935471,0.06562845729703698,-2.464049242245803,-1.1463389725906066,-96.23021230157553,-0.14757786421312333,0.09565286881021946,1.659702856508147,0
0.51762796776774,0.7011118037390753,-0.8658534838220627,1.4956763991513502,-0.9690548512087075,-0.14721547934189244,-1.385869112451717,-2.417103129813688,0.31791106593229673,628.1163088303379,-0.19505755233878572,0.8325461227006844,43334.18642760364,695.712363849172,-0.4276755890418094,-0.3132564938337925,0.8373645828474562,-1.8232905773840846,-0.8236772384520823,0.8963128214121002,18571.937070596632,-1.1223762423650372,0.2382561238675804,56547.41892901808,-0.03722616275935175,1.6577682126638338,-0.1908310624186827,-0.3037155256914923,0.0440679754689084,-0.5426521774245452,0.270199693424308,0.6125029421286716,0.5731426384496355,-0.2908592774888361,1.120909689785945,-0.25420992104986395,440.5820592719141,-0.21515317389598573,-0.7174704150739204,-0.017601384510354198,0.5005170230334048,0.017540985959473274,0.6824129747128157,-0.512433488159951,0.11345807435785625,-0.6077813579134946,-0.9874306723242156,1.0587603652881068,1.8643824265308282,0.11240717293638769,-0.021864925913570903,0.42077572454090756,0.16211132588756455,-0.20196486360781757,-125.46730735684118,-2.7520719170992676,0.06884345687412101,0.24544802144836117,0
-0.27358180207722377,1.3934444278538636,0.8418122402693559,0.2928827593662504,-1.426201769278686,0.15491849524537957,1.731957431046421,-0.600725483986803,-0.6015315379496178,620.3623086816812,-1.368671893399521,-0.16052450728779066,44190.58146045876,662.6968463258687,-0.988642492333701,0.5668242914345649,-1.1809273670496025,-0.32538395499041506,-0.9136509163413139,-0.05888285076925376,187.34258251354296,0.30521440178135506,-0.6140836228761591,41913.489370967814,1.8259837081808457,0.16570825935819566,1.7403659112323566,0.48675000389188733,-1.938143337515761,-0.15339211589943424,0.4103492570673468,-0.5574702368420216,1.0177251484645444,-0.5130104453263042,-0.11982554508979218,-0.6009887812898753,449.98621533655665,-2.5806610540015824,0.5282138425230557,-0.39951314872753924,0.35945682345628116,0.8305584890481632,-1.1270012160134544,0.9661544294858184,-1.1231041439855083,1.083573716471953,0.9899511472533911,-0.4780547534653795,0.45308055597347957,-0.09965917251563133,0.0009449390042772389,-2.2115044707381113,0.7513718455051169,0.40795993759984794,47.47211387813676,0.5894246496065741,-0.20829331521811167,0.8044826097445891,0
0.15853674515795624,0.758173472573792,-2.028580020345476,1.4772138868604072,0.6319347727969171,-0.20616613697588215,-0.8272207510328595,-0.07464815005542046,-0.47889988038300446,728.9441035156917,0.31412449580835766,1.4353792793140685,36587.745518362804,805.5876405323661,0.4001728198963412,0.9652773575651773,-0.3624388513539589,1.1033134849609993,-0.7737315792138647,-0.3965105696771508,1722.5461909297046,0.8847920835698063,-0.17093390706004388,57290.00197053897,1.5558396934707237,-0.10400223329884914,-0.275159296232252,-0.468782608792451,-0.38193903699958887,0.14990549917609788,-0.4005049589061127,0.00308761249762298,-0.8108159033166709,-1.0137452908328917,0.6982524502467956,0.8535268886898218,455.2341913340132,0.0302927693837966,1.720294733310788,-0.5841108973174239,-0.9678070451005302,-1.8366508542828182,0.34499979153408733,0.9028202190583449,0.4943545523979637,-0.20244951779259104,0.606933652804712,0.881422532739166,-1.326114743746997,0.8535058305483947,0.007086013492703848,0.5878925353884928,-1.9703660381523436,-0.0008502686930271797,-15.557482207744142,-0.2966806140325915,0.8343048812083795,0.8363302765929541,0
1.2523801763297786,-2.423943996700039,-0.3665690264745875,-0.5692480674336524,0.5957906902527418,-2.0443522384659345,2.0306085436408394,-0.9065614343880007,0.974898505245566,658.4201952877085,-0.35911680952921887,-0.5568396779028726,-1255.2356871478523,717.5822596836894,-0.28068289890331155,-0.3403702247765809,-0.23826728461787253,-0.725747723723193,0.020154586259306613,0.13375556962804103,-1700.1949252017866,-0.4141701094289293,-1.1703335635790613,7905.019348766793,1.0293393286318298,-0.33926046862842,1.542028685001928,-1.0313918741024173,-0.9424809257832389,1.8587552459048788,0.571445094636037,-1.0500436887593525,0.8260610755884352,-0.3371827984577477,-1.2569329075313898,-1.036615059053439,371.4066102320502,1.3744268867526919,-0.43673253792141736,-0.175367084515894,0.8369434006233744,1.1211476242991112,1.1666939916613281,-1.2635892059684386,-0.036972452733210405,-1.038134721498413,1.0534683445342472,-0.93554493853646,0.05997943063489162,0.1524752415411519,-0.0066742273025400855,-1.3944060025155967,-0.20547860520704933,0.8224111492376363,-35.43135828639645,-1.8946225772634357,-1.8399123119096437,1.2112892042756649,0
0.5998351435199634,-2.4216882207520034,-0.45464300901461546,-1.4862238294370855,-0.32516088724360787,-0.9695693070034518,-0.003904004101263817,-1.0023296517806726,2.2826788138734697,744.3165753425424,-0.10668492721221849,-0.07936751791658223,53823.661563598165,815.9644584601687,0.3789359249009593,1.2752124700224454,-0.4447487565884985,-2.542865658028804,-1.2118585110590536,-0.16632094007342518,5271.6147266101425,-0.5440286718237484,-1.4458715805712463,50313.20585467234,0.02225532626669561,-0.8792037993905297,2.203604115956481,-1.1327551235883524,0.5757128660103745,-0.498683718621767,-1.9108333097472963,0.9872138980401058,-1.3470735279347639,-0.8532030513169594,-0.6277191348819047,-0.8184973020012766,585.3277665424621,-0.2906356269467588,0.7044532419048706,0.2162458893838085,2.0845030483344402,0.0029004293846633207,-0.38746483840469925,-0.07146314158484808,-1.332337535430748,-1.9298288099848337,-0.9963754705316639,-0.27918383524878465,0.9094884099218398,-0.38412058826849776,0.0060133146206472156,0.3006845521900824,-0.248928515843033,-0.4222495485950534,-14.41681836878434,-0.9333386250973249,-2.0067102251745768,-0.42049219387893716,0
-1.5689314521187392,0.3463291136961506,0.7878786317904706,0.9765232310493748,-1.3716700364163148,0.014412221347928085,-0.15491091553956465,-1.0920736029682878,-0.5688333239987767,502.28160133131485,1.1053832013148992,0.13738226835252956,70419.40264093646,551.9598677204217,-0.5102593302410209,2.573689888510631,-0.7412437945558883,-1.3737843749594636,1.259010902792478,0.04901146825158211,16804.59953140805,-1.5301266753091545,1.1743124401376728,97849.8439620111,-1.2031881650432776,-0.8902167290293558,1.1598073997847649,-0.3073840650605933,-0.6893230284504769,-0.2088128034819814,3.461641063679631,-0.26754985683968285,0.5014351627846264,0.5356660276807536,1.0085085326738537,0.6101514549159425,491.19631719656303,-1.1411715847689439,-0.7450721412789246,-1.0438283390344245,0.7643676789930665,0.8130674224931147,-0.5311952005196146,1.0982679016657382,1.1081373077984373,0.8595467868452712,-1.0579621968217126,-0.2135252024128331,-0.12249576616991328,-0.0020620419532485492,0.0046139432960965775,-0.9120319801715396,2.070841718586211,-0.8292228835889244,76.13554673890405,0.42514267152412927,-0.42986202578863725,0.13007664214017645,1
-0.511562074437868,-0.6547510093777321,1.1974221139451835,0.26279445310787036,-1.4994487769155103,1.463859345826727,-0.45935900387579626,0.6303558108961839,0.18285060582016874,556.0514040025225,-0.659730085257087,1.029299700389456,62745.06018879593,616.7129069923886,1.6645363236346324,0.5659864787703188,-0.47974533655196366,0.5834424252188775,0.7403156019258225,0.9312021942612302,16414.91376799281,-0.8312023991587976,-0.39475967960700403,65276.31374605569,0.30750526098156444,-1.2230686039976777,-0.9943600265772617,-0.471855363826345,-0.810748034858215,1.0154515598854401,0.219251950634699,0.18398039432887944,0.5369655736851657,0.10703235647544475,0.42224302820685755,0.6453985571649943,387.1612270740602,-2.2076616249187215,-0.6391473905821066,0.914230246297742,0.41605564415603735,0.12552319151946642,-0.26251788131983433,-1.2880947382314683,-0.3569328014161556,0.9226169699614288,-0.5965491717817459,0.5823541593334957,0.52141749088882,0.9969140515332628,-0.0024549001579637366,-0.265737981497237,-0.22453193938804958,0.5291389000486233,-64.04893725219502,-0.11978164468155873,-0.29877330405552066,2.4681754410918555,0
-0.3760615464694531,0.6838984241741571,2.07587260884562,-0.31872242426634434,-1.1182293088285078,0.407141910397247,-0.11836337579152137,-0.9342790683547821,-0.24490515781169717,469.9090453188751,0.19781917498434146,1.4459505201575247,41232.8147283303,515.2522063992678,0.09037688903491074,-1.6956973846503545,-0.4968895556925814,-1.409078215239828,1.7836160327607173,-0.10971405454461754,12175.207332914037,1.660466535555552,0.49210109910641364,60914.8391627748,0.41415822746767833,-0.5805085360853413,-0.7495812299028884,-0.4718157410928454,1.4973977610495306,-0.03714424479181417,-0.06665689375343273,0.4394371258201178,0.2700572792971464,0.6779772124142612,-1.6885732096586537,-1.0821248484888952,484.75172804613277,-1.1703726279389206,-1.6393214242095568,-0.037425101544746237,-0.6645709204799557,-0.9839454804322976,-0.02018040532525929,1.6078591368970911,0.6404909915110366,0.474881209675885,-0.00010439310277057684,0.4132978453065553,1.521352000426387,-0.8544939743109299,-0.00712899461664615,-0.8650390402588345,0.04739852011265573,-0.33876126814102336,-117.2358265387595,-2.943040477663133,0.6574965183388736,-1.5334111846048617,1
0.2959331263784863,0.27930900622717425,0.03481672892443198,-1.5249530375686178,0.22018675125618276,0.20052850419691945,0.65677567533508,-0.7087813942062335,0.1638420863687346,625.3167453874963,-1.564187422103135,1.783304406628262,19147.47671878517,703.6062921255718,-0.0002485584359611509,0.5684714421986311,-0.5185061697640602,1.0206266621662654,-0.9529907884670832,-0.7921515467711778,-15914.022999307588,-2.2051723363770437,-0.6357182201103707,24687.198317477014,0.05805544628545382,1.711144751084518,-0.10442691198036007,-0.37471893525925315,-0.6862917276809956,0.3835304313601355,0.92759775911313,-0.4351671750712583,-0.26357736025913053,0.00639861584532881,-0.6433026550266282,0.5345002466704212,476.48458165285047,-1.7900711737030204,-0.45247656122710955,0.2411848535095488,0.8900750689543552,-1.3489101216720454,0.8909423043703574,1.4132033753766526,-1.3812977503646224,0.35517619391623634,0.6842859874050858,1.2915256151519046,1.588799246593373,0.27220485744208656,-0.006399161814339961,0.2663776333498715,1.2917039102855759,0.3718267435373359,-242.9692691228155,0.6437669516864193,-0.7342854563857528,1.3669079944107074,0
-0.7817434365289094,-1.9226584093824595,0.7493127938458874,0.9236863273556183,-1.6868455676675358,-0.6585752469484533,-0.8828103905821263,-0.8663359823757087,-0.29555367179193043,641.5867050794204,-0.9625024045923511,0.1065144116190492,65432.750255909996,712.3487526153715,-0.29413106408454437,0.03449347732235484,1.0682631559972193,0.5815854985491011,0.9492800831683688,0.6883289561694761,-17631.91036128608,-1.0608069868612786,1.2877014507565088,84766.49368486508,-0.6695320954620793,0.8148934633750877,1.073023307678471,-1.3331069662479988,1.9984176024098206,-0.2127981105920983,0.9526569478128698,-0.0743349263953129,-0.5483616792724929,0.3683057020362046,1.1091339736112882,-0.7442654124046323,489.48566683914817,0.14303457248651097,0.5759210654421998,-0.9586651228383043,0.3584147179288657,0.20738765129648692,-1.62807611691407,-0.5511508846658759,1.493150156090501,-1.433702565711562,0.21265384292075873,-2.0492599827055016,-0.7948066453734662,0.460675898801445,-0.011067097296200814,-0.5194405485284446,-1.0210074910219091,-0.7079997592724323,95.98734437693788,-0.8626208396957746,0.6604864093033233,0.8602031822804485,0
0.6672963258692456,0.9512099702186891,0.27206445366327925,0.5185974145485628,-1.751505145150998,-0.012950950617966611,0.0028538724199926335,0.47678590474796867,0.5839725840646628,757.9289720600501,-2.050635398851865,-1.3189069912514204,43461.48923367786,767.6076846816946,1.0615527010880426,-1.190333510047166,0.3357321054624889,0.5367339638491594,0.2947660919269706,1.0187215317617264,13330.719704542782,1.2479221369438362,-0.4585111258864783,36675.83570899085,0.015471886165797531,-1.146231095953671,-1.2184781147853787,0.29228503954530416,-0.0006532717952521975,0.2570850455149768,0.34937326301310623,2.077073488123173,0.4852723770581969,-0.8693295050394344,0.8440544664289892,-1.4801103187016738,557.8607948237501,1.225908181296706,0.9789245234783907,0.80813424317519,0.7414026728280627,0.21681147590562713,0.490779049448519,-0.040172015498226896,-0.12927642667469938,0.6256524833174953,0.7618767543091771,-0.7254609188725297,0.8451042885377192,-0.15200019522167102,-0.003603332180508186,0.6061730974427619,0.7299703737493731,-0.7004592673710569,-70.63955998008687,-1.4704187846367813,0.014241971596614148,0.06334595451847305,0
1.9777155550153231,-1.2715053731698207,0.5785099959790011,-0.537524971291636,-4.151561937291655,1.5779654095744304,0.5564333598022789,-1.4762357846676506,0.6332309916609836,596.199797689476,-1.6126737141569782,-0.6729098328746398,45122.46965302773,659.4069455107452,-0.39314223528203607,0.6074905173488006,-1.335775935206946,-0.2934776697169692,-0.2342723940832201,-2.3596789526337405,-8756.179614184328,0.5720901360979445,-1.078292584069348,56878.10647064289,0.6493835483741887,-0.27599903716598817,0.5547261129031396,0.13774191805064856,1.977059213498174,-0.5249236787685764,2.1269639319071905,0.2654524859715976,-1.1144994914927726,-0.29245655138047516,1.5115711374022798,0.7203869909715864,459.7304037174163,0.9939075554485766,-0.9125602531169241,0.5904171974949538,-1.3281738293703558,0.8960680318737413,2.286753287067417,0.22783003210149358,0.051157284198993166,-0.8608661145252773,-1.170216883988977,-0.24325462247402915,-0.9213906969251716,-1.4003637011391303,0.011642534013909191,1.5894709771072975,1.623610395207548,-2.44889769464357,83.34477679780414,1.051729374131384,0.9894407799986668,-0.591252142438093,0
2.0561899213386816,0.8557774173429031,1.3496712056584785,-0.5961203349292143,2.114848170128741,-0.0834548548990028,0.9134549770762755,0.37423480638569034,-0.5210276756494159,576.9274353052101,-0.7464531640576814,0.0915247261987269,59264.90140086334,630.6904362795304,-0.6040250368342592,0.17023354446780337,0.7435012011463266,-1.2968924891709537,0.04561793497323973,-1.3578704578547764,17825.4357227842,0.1656378172591809,-0.2312262449573062,76632.68317610004,-0.5877799167394432,0.2120771251253534,-1.7623974164315657,0.9272561593289097,-0.5245036086678248,0.1333837324029514,0.4084628383427584,-1.3605705139597217,0.7671211084801576,-0.8122586184279657,-0.31683295222063135,-0.5652161163517001,354.3383160454651,-0.3418603158004261,0.9902776877870706,-0.27606081645377334,1.0548004997500733,-0.8742176844229392,1.8262980820142936,2.3820103244857718,-0.5118263465360992,0.6952102449099815,-0.6793085264261699,1.2437417611561146,-1.657670756756205,1.0000886375857607,0.00023884424394981255,0.8940421600839729,-1.2677303006813172,-1.3456777915809122,105.01760598968335,0.29423338775311747,-0.23259285239268837,0.18186854927963647,0
-0.2968783646508373,-0.4133390553567356,0.07277167949869959,0.17192610638339959,-0.2923826658209216,-0.6575019803798389,-0.2388508757897599,0.9447507681394639,0.4640906987046483,617.1535547279605,-0.6086183251937651,-1.0059043997680994,85212.1903790369,666.1823337420602,0.136804454217438,-0.9690415110928903,0.4832599900939829,0.12315054564042838,1.1232523572212187,1.2749294374334135,-10368.360898772942,0.4478663210884484,-0.09851332980090702,102823.18732152779,1.560137696207982,-1.3149152814425566,1.5042368609515009,-0.7421765186487524,0.8634920953478872,0.3713797147832756,0.21336885535437383,0.04675815489494199,0.4049674544722148,-0.9185148370381689,-0.3364426447496937,-0.6315376763093931,517.7023433975017,0.11928536148100889,1.6542362360701899,-2.083118335509995,-0.22985144785278536,-0.19798437065172847,1.225431215112399,-2.243149043317285,0.2630543238601325,1.6583695421248523,1.0615714312686462,-0.06446610048231939,0.45967374145742,1.526712874689719,0.015371826395878745,-0.13864720373099823,0.4370906850829684,-0.29610605008128277,45.087750622012365,-0.1776634236999941,1.357028262824514,-0.4626048709153592,1
0.9528199208808403,0.2578298895820248,1.0014991952400758,0.8216965251234675,0.6427589630792422,0.048327620417600664,1.1050569232160525,0.47420205063085064,-1.4485962440093485,615.3147257191999,-0.5718048010965514,0.29480131635612605,61600.47534112848,658.4373078700634,-0.49364052264406816,-0.36900287789335107,0.12919206324895802,-0.15423636766043125,0.1608003771796156,0.3748359593171749,-22635.43634584971,-0.9123782041019722,-0.16605135845920801,64286.194258139556,-0.5394804936935139,-0.6716081332819035,0.9218597881308038,1.105638867495585,0.6934015097953317,1.1748230390367052,-0.4192061546242725,0.9526482208499434,-1.0220354628732877,0.6866203354856996,-0.5002846273739204,0.5748332640152117,503.6649604134533,1.492958632797645,-0.647827397953638,-0.6917514240760221,1.4129634997312308,-0.35993737316188823,0.18246645145012858,1.2410807169925078,-0.9301629035247757,0.35898628024775436,0.11014517315779108,-0.7329120060846349,0.5900344685948048,-0.47956259321530303,-0.00536565906337286,0.9617770368395471,-0.7298430672949162,0.4864443894974963,53.08340121765829,0.6421524941155292,-1.342403504433826,0.6017267726267165,1
0.18727242718074094,-0.31122328231667595,0.5536694350095206,0.7173270885560868,0.38049130729440295,-0.9961223296269256,-0.646957442808532,-0.46966576950422406,0.4228549953013607,491.48293473248145,1.135253406543337,1.8851744647326243,45445.68234036694,565.8414602438165,-0.3976426375429568,-0.5211650899986354,1.7538687947655531,0.7946037742733268,-1.3588630086690265,-0.2768010990602695,1739.9603853788226,-0.03374546340461444,0.47910761366749904,61886.67365356393,1.5936003352796055,-1.7224261712394906,1.1780146017857775,-0.2938683100472533,2.048045370721135,0.3386019070057968,0.866762712287027,0.1861616866440617,0.02643617399117295,0.4393321037908138,-0.18943720483999732,-0.5498026749974786,501.70358191559103,0.3346203050020034,0.7019530717127405,-0.20877783639315586,1.1555414338701107,-0.15771817928453946,0.9879277706207839,1.5288523123811075,0.028674391967837297,0.5888368407304908,1.9980476752239726,-0.22042164155369887,-0.18674078208784822,0.11091711347811144,-0.009242460841630905,-0.6548965900453776,0.10005835495168816,-0.37428597873565467,-34.64934193054222,-0.1277548441369987,0.6885181138039017,-1.2880627745641284,0
-0.698909122622939,-0.3381756251492384,-0.8575274188205267,-0.13693391987728132,1.881201827189577,0.17666789257176896,-1.8580418987674272,-0.8157387238755954,0.8670950668775995,562.9522794778375,0.03611687322230975,0.12990488170873904,69976.88142601917,686.656139788534,0.28635245772598444,0.3930617583424719,0.40520013852331405,1.432418600729287,2.670205885790293,-0.431830650025176,-7948.730993695638,-0.27776666454462556,-1.0280177334417369,81301.54105151299,0.10746479471448232,-1.0468793207615683,-0.4502476348741621,1.5047800008745598,-1.1710354643404142,1.1054500180694062,-0.69015087739873,0.11359882683207494,-0.24056249486833997,0.5174684902663822,0.7907349295461619,-0.1462373870295568,514.0860823528801,1.5405749251744574,0.7808301131414842,1.2128465222871778,-1.0179272845118938,0.5572440974312393,0.30184983862753534,-0.6346512617337391,-0.9255364152010672,-1.7294513448704698,-0.6187209623375078,-0.5922348139796695,-0.16451871141676486,0.034839235906769586,-0.011349520302552386,-0.8985171859261133,-0.6510289384845692,-0.9365023358198549,-108.16717133781025,0.2519767377418041,0.09943033300397151,-0.8522863910896035,0
0.39560900467188814,1.041202635954043,-0.8289586450779761,-0.6370669856593677,0.7989179867136477,1.452282657784689,0.8241900516795929,0.1649905190878966,0.9254641115659317,436.4103559946807,-0.19369919096598612,-0.39313175880691614,47159.03977769563,532.4386340816731,0.0005899026135076156,1.728213467760129,1.6628525415190178,-1.4259777659592276,1.0846997929919033,-0.14800629885738847,8738.411666718637,-1.4204805228507933,-1.5791292596431352,61434.51967864778,-1.1090015602014827,-0.5900930294124068,-0.5499350306229654,-0.8695089838384673,0.5768114447748135,-0.61048195047415,0.7703931046698634,-0.27293707774922993,0.179727391944774,-0.5370769969093063,-0.2925064036534678,1.5939382797427453,432.54614236445616,0.36243590916768403,1.1354612070607422,0.42162739665764143,0.6376850451144832,-0.6238753036590818,-0.8872738490029726,-0.7948363705440448,0.6913130613318467,0.956427832199683,-1.4123756396592282,0.16383677747280329,0.638052278237628,0.24519650775833685,0.002302701917650916,-0.7053317789085755,0.003248951080667795,1.5235968972168183,-16.377230306090553,0.4348808726384367,0.6295633186656768,-0.9601319331051031,1
-0.5801808029659266,0.41030698820993483,-0.22598938968814805,0.3983182571480002,1.3483375272830422,-0.5333514167169409,0.6499779050395533,1.5135203408300566,-0.728994586393021,613.6828687524259,-0.6332195404096713,-3.125957176384927,68951.55941555722,675.7600856070654,-1.2793037947316028,-0.3817186044913795,1.2583831708779054,1.194076629400365,-0.8905106455021201,0.3869568202495013,-8778.586220481138,1.305863051413066,-0.31768897762755677,71377.59076389654,1.4869855865975867,-0.3926239594401995,-0.9969794114366122,-0.32536300832384796,-1.287732059038702,-0.5216467492129696,-0.5659090491323476,0.7950108689870669,0.5091740559978902,-1.0493258870517896,-2.0273092221856794,0.07567649365243528,457.28571595448767,0.39845527543048687,0.09440972529669177,0.15127014019233598,-0.11421224948609157,0.2676229700111381,1.1478612421029786,0.5636354571960902,0.6892905795592642,1.2618486323226916,0.8525834171191745,0.36730553297921126,-0.40491361854788094,-3.118604098030653,-0.005547131521473709,1.0459242889321694,-0.9106247268862607,0.34474518097637274,8.0342800605884,-1.2795261184926428,0.024355542322061455,-0.5289040098414715,1
2.68701374930056,0.6414310569981331,-0.21382163423919595,-1.1290678634256364,-1.6676062562743466,0.5480690950625274,-0.47127825540544355,0.10994456355611112,-0.6192466110628929,700.9143077173466,-1.1169283508218297,-0.4267306526486484,88627.46276207507,779.1441906410138,0.8783085467509547,1.2119279843435404,-2.3106584290206382,-1.5327191867037977,-0.41047127553725477,-0.1718007995672231,556.0162164268676,1.4923577183013372,1.6188829086794851,97262.8527835281,0.5761057657627296,-0.4250589467869654,0.052745509127417683,1.0968608200233543,1.797421301456366,0.27974387885616,1.5906317980796139,0.6350480600979183,0.897236416824774,0.007849776538508177,-1.1282884347850692,1.5913367829439677,500.78467857054545,-1.3540539729355674,-0.4508345855361153,0.1376501044458388,0.25788801242803433,0.09427567014475094,-0.5468503830169984,0.9889594736347348,0.5405670719769415,0.008322401335816632,-0.8033434574015524,0.6747211722867028,-0.2855018611432257,-1.3047989441233498,0.0018938527054443075,-1.7379564146847364,-0.8477910359711315,0.0019291474681668265,-187.346561304379,-2.969920851059184,0.8268837167831199,0.8696885194247065,1
0.059488296404897764,0.9841575460566448,-0.0022675343482164243,-0.7387440377502008,-0.3359123967524002,-0.3976959488407389,0.08691669828659615,0.08523367223546482,-0.933009108043501,539.6315437595479,0.534103458780155,0.7736492597745858,40935.768320982315,631.3868593744623,0.4275178390374916,-0.3490138393517705,-1.6235073260428776,-0.8611411043775513,-0.8789904030612526,-0.23639069859254852,-9509.783814603614,-1.0722444836411644,0.7238237752123041,67259.14739221543,0.2367876750616519,-0.2700753726313308,-0.8335897484460603,0.9558116963715904,-1.4418464513758866,0.4077116752991935,-0.4071036913793745,-1.6167024628897853,0.08783920814121121,0.24405537113101947,0.8731223285702434,2.631615679873381,418.4267041892469,-1.0342538403174693,0.7646663532070559,-0.23747431875957867,0.5838714258313853,1.0782537288474137,-1.1005954195719097,-0.9844490755724059,-0.7475803892641338,-0.39437095276354633,0.38700757185901374,-1.0821414252138886,0.8271745976138966,-0.2067746038791458,-0.006201041341243638,-0.2842259723571282,1.1009978938285323,-0.5295987212205466,27.25379311894864,-0.4431580644743702,0.9949686363917798,-1.540593616414913,0
0.5363981449720182,0.10872483542510714,-1.068691696997731,-1.3093519235927054,-0.673456780015398,-0.2861906180474618,-0.010915078148610799,-1.3364280599298413,0.7737973030586206,615.3690495772872,-0.6420019362832103,-0.7558767630498775,46917.59622628641,685.315821914952,1.1042444148977115,-0.5061260704910661,0.4016002340318556,-0.07358420205439836,-0.556846103734027,1.7568382805768383,-6455.081101704843,0.7272063133808462,-0.27690627830496106,56257.569814376344,-0.864804109765793,-0.7802689353609724,0.2156223050928114,0.5988386906894289,0.25093759398322935,-2.136986071879136,0.6231476603022335,0.3942112110040871,-1.9800515220030699,-0.08267995341945701,0.07745202591341313,-0.17717335091088615,448.1084972063953,-0.03702924007198312,-0.9211958794472827,0.5269412293583371,-0.059328770932378046,-0.6655584796399392,0.8032101652495947,0.5508314756464808,-0.16013598402002166,0.2688707740804041,0.8721722551112193,0.6235843969811996,0.412435744940224,-1.3954316704506262,-0.015249541150636993,-0.6920778714323386,-0.6596557591067861,-0.5390391050420409,-35.95518075908728,-0.30126634773420247,0.7364569433459235,0.900802986341206,1
-0.17078253374168875,0.40741705574351267,0.7166142063143375,-0.7089261588486925,1.1106794429131204,0.31088528070168964,-0.7932429542922436,-0.9323613760837186,-0.5922075974466728,670.2257256559229,0.8639593978486885,-0.8219000232870145,54270.97370831157,741.0601672353092,0.6315823495729389,-1.4825949322413476,1.8639467919807242,-0.35633229166659725,-0.3716069252736388,1.1891174433881744,5494.171814982589,0.3506634153807416,1.8090536879531864,61740.86765479055,0.8508053672720252,-0.43044610034406056,0.4704128225394836,0.6057657475884249,-1.1855012685120117,0.2162382832732442,2.181453832940976,-1.7906941542830714,-0.7431716135101835,0.036562170515873876,0.2995368738378755,0.004569982167554271,512.7155634366438,-1.149262863981819,2.0560477866461073,1.4965711164998494,0.8561355648304413,0.9618379301227763,-0.24680582263278833,-1.5652125019479155,-0.32093539505381113,0.558998266002801,-0.5977569315566992,1.0353237072360104,0.46810081043575297,-0.13270126294810844,0.0013613492539980088,0.2720035971195266,0.7581095575981986,1.1291353816745762,16.44128300042894,-0.3706038914632109,0.7077548044244764,0.9810795472448745,1
-0.07964163589255044,-0.7518376037974354,0.953314050728393,0.2775971599828458,-0.5830096804597901,1.2599595429120236,0.7770718868896646,0.7298253291221455,-0.7540121463948204,622.8519810014418,0.08774506763213409,0.9158503308945071,53413.6029027142,693.8734658313871,0.835450645474863,0.13943831386010858,0.09833686938592721,0.645619095627023,1.0165178236045485,-1.2103833655634384,3526.1714804142675,0.44695040788373486,-0.7697020178062798,55343.06868785341,0.7096630226578959,0.5593751114857671,0.604710590938424,-0.8051131693830424,1.5906825625488683,-0.05288241607156859,-0.2503692963915892,-0.41550509777271144,-0.24543422435641538,-0.6394687504175002,0.5390152916416173,-1.1094141558554051,567.8149214080246,-1.1470147889914624,-0.17587453693945024,-0.02024674521841673,0.6169884367918348,1.2213840137356282,0.634171836503289,-1.3250158398590295,1.7369951319841752,-1.4483603505524179,1.3058780020368528,-1.838143826052785,0.08894111759315419,0.5478683254989086,-0.01662039444812309,-0.1156920877505427,-0.957971784546839,0.8198430386662482,32.53546126877329,0.2977083531954389,-1.2728967991849893,-1.108116039246543,1
-0.31428220100614646,-1.133325214562467,1.7774103486938293,-2.0278769290761463,-1.554850279366518,-1.6179498136933985,-1.575284031526466,-0.16935235146343028,-0.9816784427472747,661.2328728475899,0.019570467231594318,-0.023903493676559542,54268.691566031026,754.2467376398578,1.0332481935636237,-1.9519475614258686,0.22839675210006002,-2.7881074153903036,-1.7205202068015426,-1.1164498276634003,-6394.384501308875,-0.10887991236623006,0.12072951551594036,64935.938304896255,1.0632997487285851,0.3196357626507634,-0.6030941571860094,-1.5087619555604748,-1.4689918585826682,0.3528792869239569,-0.6275885970133863,-0.6128830662290471,0.3010517435316131,-0.11700912816162087,0.1661980632634374,0.8221356781781286,457.47341456320464,2.452055738754422,0.46507043030493406,-0.05102830202944802,1.0559470048022745,-1.594450770119538,-1.166438931326907,0.3937433932249656,0.8824504992695311,2.089630548758117,-0.3769141465958594,2.5279033242599143,0.8318758916576315,-0.4047374615674863,0.010267033128221319,0.6748171313771811,-1.290240057672325,-0.5523085993723363,-18.66195649346984,-0.4586375092531551,-0.3655324406637759,-1.6154033920701556,0
0.5685192918835195,1.3841458198643068,0.26313203504289884,0.5837087499562701,0.9276037551029285,-0.8742256298535901,0.7114484655198402,0.7821469365215495,-0.17427135610083094,537.3074305032472,0.36940065961540436,-1.3562090202103367,53760.141614473425,630.5836442823163,0.18381770380686147,1.0756257868220898,-1.183224608561935,1.4212702931459726,-0.17771434939513367,3.0919671732970166,-7137.253041325546,-0.48689943120746115,0.12540557913944753,65628.89778759818,0.2695691101101005,-0.46333138374128585,0.696291633559089,0.33154709644306396,-0.24841523373556149,0.21000858058494806,-0.7867679322389036,-1.5853138538682143,-0.5620780323388075,0.3490443359721075,-0.9549637711138587,-0.3793688052569152,416.36084209937485,0.5008668116603601,0.06350321400718525,-0.12918370853007233,0.061991803645224865,0.9572722951359067,1.998182356796706,1.0817256307770415,-0.8612959218045053,0.012865228439336898,-0.014233791179806547,2.024637231179643,0.22450480264487838,0.019813810627590946,0.017089381597013797,0.5392407581940803,0.7689294818966549,0.2828499644070834,-73.81481830431805,-1.0738934928864403,-0.9685486619108827,1.278309347149252,1
-1.8644502603527144,-0.4128325021712148,0.08095767451925141,-0.19324633706705574,-0.15762483602830551,0.6554611781148257,-0.8780314917388946,-0.3681112034885923,1.5099182736308288,650.0897549934142,0.32154883114381,0.21045598912347957,73131.48685944105,724.5696068705049,-1.4842534948413906,2.624708957767486,1.8972419470648523,-0.6271199187629775,2.077948835342214,-0.6635226678399019,-12444.04051193051,0.86424375787045,1.0345662173672208,76466.44332776096,0.2867164858333421,0.0907647730134494,0.12031691214727257,0.07886687640284244,-0.776272610585197,-0.853478753285168,-0.4971784294061688,0.0747851466350437,-0.9385411744261474,-0.35628687286871646,-0.18549342987595613,1.0706946310290846,483.99340465102364,-0.4682832676638069,0.2794319347708787,-0.13678215647012362,0.3036599184206416,0.3413293065410112,-0.2387784713073252,-1.2416143031633928,-0.22371797188169523,-0.9561400746247738,-1.58318802770221,0.7836187942721063,0.26634184126777666,1.2392146971393772,0.011497875842936022,1.28083426433652,-1.267684143011121,0.6043946605839049,-59.91037659629777,-0.7508654297907513,-1.511201039872949,-0.07328564913099246,1
2.2195322862575937,0.5490511552780407,0.1444058381244239,1.1486581358470644,0.04171952521954661,-0.20425513073542056,0.5267636078995366,-0.9674005732009173,-0.19154183260364493,482.89037221032277,-0.7067302727293231,0.664463895485138,79450.78057878751,574.0192530420285,1.0422834382029205,1.6396438969120244,0.07636156600430104,0.016383325764898298,-0.41121410950494364,-1.5151151553120288,10596.072391214624,1.097401612955737,-1.7524996146582246,84207.40941664991,-1.0563690843379336,0.8106969991552896,-1.2810175441431653,0.09008282935502755,-0.8750961174930002,0.7953975628203112,-0.34455938512964956,2.7852062987834976,-0.8113957661170987,0.24919733125712515,0.04290365294682786,-1.0958452270829295,498.39163346438403,-1.5656084765985157,-0.6911157609451937,-2.3230260657015283,-0.24162118866214666,1.4343326941526329,1.0559398306440133,-1.0056503297686092,-0.09762001534820823,-0.24240904707463456,-0.6076963247776705,-0.2710227904511398,0.2510593782901445,0.8176867002818666,0.009171524487793075,0.9382013818424566,-2.27731071446169,-0.7754882674728999,33.43372089234355,-0.5950878772960159,0.40165652833415644,0.22799367457003714,1
-1.5536669280242237,0.00820273897436815,-0.2200625918426663,0.11050428770222444,-0.6863945158912069,0.6755619274550313,-0.1674497440937468,-0.9357677377028314,-1.4176541624017838,637.0492669414102,0.8834822460564331,-0.24605224561859076,63376.21039522447,679.930536964947,0.15607523271003315,0.7760918927415278,0.9016100506975887,1.7510016824097425,1.0621277888404304,0.8926796512902161,-2823.6828327540643,0.8494685975325453,0.8218683234088506,71457.26312536318,-1.3539161142087814,0.4175578959091804,0.5253512659803949,-0.9426422261251178,-0.7805442459094287,-0.33148554122632073,0.09297668652787819,0.2535512361747928,0.5796448059802644,0.44340855611024166,-0.2588475380868138,-1.7170906959348307,483.4873005599192,-0.4048700088912113,0.004575014513876206,0.48290075150820855,-1.6818642574568896,-2.561112515358222,-0.07873206668903965,-0.3516489287558395,-0.6295052493085915,1.9215006959866057,0.08765545344884744,-0.39582488266226046,-0.17996047117890945,-0.7447715878253387,-0.006102374968560526,-1.044392529562869,0.6254144975889684,0.6495518785255475,-51.876900182178964,-0.42866539807890586,0.8332143847724914,0.722378169952056,0
0.8799869710826169,-1.7289804303252416,-0.30322606935690244,0.4685374417023477,-0.361614079740001,0.39842979168394116,-0.15653819089231005,-1.490293484910777,0.8292917666038797,589.3757773440623,0.07001150163101577,0.870503865468642,51304.68789759284,664.1534785589031,1.9666623441340916,1.555782177730907,0.1894943280777985,1.634742068278344,-0.9576585275316983,0.6209375908400466,-1505.803313618032,0.6221677990228193,-0.4621129248135892,67023.6248853142,-0.5274806249901979,0.42769248533670917,2.076831923564698,-0.39058989686165324,-0.3542726977233326,-0.936401725813372,-1.6481214502536536,-1.6366869597399634,0.4050948604727796,0.9379515922829701,-0.9086588143447801,0.834937297555598,530.5854377423109,-2.092924399906134,-0.9447321188957062,-1.967897931001933,1.6990733853492304,2.3268619415478673,-0.4632266067434266,0.5275689380110434,0.17087485708282707,-2.1171434852217397,0.9885186354475326,0.5471517735350121,-0.37678317561087404,0.2073112863645319,0.016986140514837295,-0.26397173455684636,2.0786739732856754,1.9956607340058583,-87.4128945374408,0.7836057187896085,-0.23198501910819158,-1.5818954573176738,1
